 dimension	transform	wavelet	boundary_mode	category	backend	max_coeff	abs_tol	max_abs	pcc	passed	error
1d	lwt+ilwt_roundtrip	bior1.1	symmetric	Compact	pywt	1.41421	0.000141421	1.1920928955078125e-07	0.9999999999999986	True	
1d	lwt+ilwt_roundtrip	bior1.1	zero	Compact	pywt	1.41421	0.000141421	1.1920928955078125e-07	0.9999999999999986	True	
1d	lwt+ilwt_roundtrip	bior1.1	constant	Compact	pywt	1.41421	0.000141421	1.1920928955078125e-07	0.9999999999999986	True	
1d	lwt+ilwt_roundtrip	bior1.1	periodic	Compact	pywt	1.41421	0.000141421	1.1920928955078125e-07	0.9999999999999986	True	
1d	lwt+ilwt_roundtrip	bior1.1	antisymmetric	Compact	pywt	1.41421	0.000141421	1.1920928955078125e-07	0.9999999999999986	True	
1d	lwt+ilwt_roundtrip	bior1.1	smooth	Compact	pywt	1.41421	0.000141421	1.1920928955078125e-07	0.9999999999999986	True	
1d	lwt+ilwt_roundtrip	bior1.1	reflect	Compact	pywt	1.41421	0.000141421	1.1920928955078125e-07	0.9999999999999986	True	
1d	lwt+ilwt_roundtrip	bior1.1	antireflect	Compact	pywt	1.41421	0.000141421	1.1920928955078125e-07	0.9999999999999986	True	
1d	lwt+ilwt_roundtrip	bior1.3	symmetric	Compact	pywt	1.41421	0.000141421	1.7881393432617188e-07	0.9999999999999974	True	
1d	lwt+ilwt_roundtrip	bior1.3	zero	Compact	pywt	1.41421	0.000141421	1.7881393432617188e-07	0.999999999999998	True	
1d	lwt+ilwt_roundtrip	bior1.3	constant	Compact	pywt	1.41421	0.000141421	1.7881393432617188e-07	0.999999999999998	True	
1d	lwt+ilwt_roundtrip	bior1.3	periodic	Compact	pywt	1.41421	0.000141421	1.7881393432617188e-07	0.9999999999999978	True	
1d	lwt+ilwt_roundtrip	bior1.3	antisymmetric	Compact	pywt	1.41421	0.000141421	1.7881393432617188e-07	0.9999999999999977	True	
1d	lwt+ilwt_roundtrip	bior1.3	smooth	Compact	pywt	1.41421	0.000141421	1.7881393432617188e-07	0.9999999999999977	True	
1d	lwt+ilwt_roundtrip	bior1.3	reflect	Compact	pywt	1.41421	0.000141421	1.7881393432617188e-07	0.9999999999999974	True	
1d	lwt+ilwt_roundtrip	bior1.3	antireflect	Compact	pywt	1.41421	0.000141421	1.7881393432617188e-07	0.999999999999998	True	
1d	lwt+ilwt_roundtrip	bior1.5	symmetric	Compact	pywt	1.41421	0.000141421	1.7881393432617188e-07	0.9999999999999963	True	
1d	lwt+ilwt_roundtrip	bior1.5	zero	Compact	pywt	1.41421	0.000141421	1.7881393432617188e-07	0.999999999999997	True	
1d	lwt+ilwt_roundtrip	bior1.5	constant	Compact	pywt	1.41421	0.000141421	1.7881393432617188e-07	0.999999999999997	True	
1d	lwt+ilwt_roundtrip	bior1.5	periodic	Compact	pywt	1.41421	0.000141421	1.7881393432617188e-07	0.9999999999999972	True	
1d	lwt+ilwt_roundtrip	bior1.5	antisymmetric	Compact	pywt	1.41421	0.000141421	1.7881393432617188e-07	0.9999999999999967	True	
1d	lwt+ilwt_roundtrip	bior1.5	smooth	Compact	pywt	1.41421	0.000141421	1.7881393432617188e-07	0.9999999999999973	True	
1d	lwt+ilwt_roundtrip	bior1.5	reflect	Compact	pywt	1.41421	0.000141421	1.7881393432617188e-07	0.9999999999999969	True	
1d	lwt+ilwt_roundtrip	bior1.5	antireflect	Compact	pywt	1.41421	0.000141421	1.7881393432617188e-07	0.999999999999997	True	
1d	lwt+ilwt_roundtrip	bior2.2	symmetric	Compact	pywt	1.41421	0.000141421	1.7881393432617188e-07	0.9999999999999974	True	
1d	lwt+ilwt_roundtrip	bior2.2	zero	Compact	pywt	1.41421	0.000141421	1.7881393432617188e-07	0.9999999999999978	True	
1d	lwt+ilwt_roundtrip	bior2.2	constant	Compact	pywt	1.41421	0.000141421	1.7881393432617188e-07	0.9999999999999974	True	
1d	lwt+ilwt_roundtrip	bior2.2	periodic	Compact	pywt	1.41421	0.000141421	1.7881393432617188e-07	0.9999999999999978	True	
1d	lwt+ilwt_roundtrip	bior2.2	antisymmetric	Compact	pywt	1.41421	0.000141421	1.7881393432617188e-07	0.999999999999998	True	
1d	lwt+ilwt_roundtrip	bior2.2	smooth	Compact	pywt	1.41421	0.000141421	1.7881393432617188e-07	0.999999999999998	True	
1d	lwt+ilwt_roundtrip	bior2.2	reflect	Compact	pywt	1.41421	0.000141421	1.7881393432617188e-07	0.9999999999999981	True	
1d	lwt+ilwt_roundtrip	bior2.2	antireflect	Compact	pywt	1.41421	0.000141421	1.7881393432617188e-07	0.999999999999998	True	
1d	lwt+ilwt_roundtrip	bior2.4	symmetric	Compact	pywt	1.41421	0.000141421	1.7881393432617188e-07	0.9999999999999978	True	
1d	lwt+ilwt_roundtrip	bior2.4	zero	Compact	pywt	1.41421	0.000141421	1.7881393432617188e-07	0.999999999999998	True	
1d	lwt+ilwt_roundtrip	bior2.4	constant	Compact	pywt	1.41421	0.000141421	1.7881393432617188e-07	0.999999999999998	True	
1d	lwt+ilwt_roundtrip	bior2.4	periodic	Compact	pywt	1.41421	0.000141421	1.7881393432617188e-07	0.9999999999999978	True	
1d	lwt+ilwt_roundtrip	bior2.4	antisymmetric	Compact	pywt	1.41421	0.000141421	1.7881393432617188e-07	0.9999999999999977	True	
1d	lwt+ilwt_roundtrip	bior2.4	smooth	Compact	pywt	1.41421	0.000141421	1.7881393432617188e-07	0.999999999999998	True	
1d	lwt+ilwt_roundtrip	bior2.4	reflect	Compact	pywt	1.41421	0.000141421	1.7881393432617188e-07	0.9999999999999978	True	
1d	lwt+ilwt_roundtrip	bior2.4	antireflect	Compact	pywt	1.41421	0.000141421	1.7881393432617188e-07	0.9999999999999974	True	
1d	lwt+ilwt_roundtrip	bior2.6	symmetric	Large / Sensitive	pywt	1.41421	0.00707105	2.384185791015625e-07	0.999999999999997	True	
1d	lwt+ilwt_roundtrip	bior2.6	zero	Large / Sensitive	pywt	1.41421	0.00707105	2.384185791015625e-07	0.9999999999999972	True	
1d	lwt+ilwt_roundtrip	bior2.6	constant	Large / Sensitive	pywt	1.41421	0.00707105	2.384185791015625e-07	0.9999999999999972	True	
1d	lwt+ilwt_roundtrip	bior2.6	periodic	Large / Sensitive	pywt	1.41421	0.00707105	2.384185791015625e-07	0.9999999999999972	True	
1d	lwt+ilwt_roundtrip	bior2.6	antisymmetric	Large / Sensitive	pywt	1.41421	0.00707105	2.384185791015625e-07	0.9999999999999969	True	
1d	lwt+ilwt_roundtrip	bior2.6	smooth	Large / Sensitive	pywt	1.41421	0.00707105	2.384185791015625e-07	0.9999999999999969	True	
1d	lwt+ilwt_roundtrip	bior2.6	reflect	Large / Sensitive	pywt	1.41421	0.00707105	2.384185791015625e-07	0.9999999999999969	True	
1d	lwt+ilwt_roundtrip	bior2.6	antireflect	Large / Sensitive	pywt	1.41421	0.00707105	2.384185791015625e-07	0.9999999999999966	True	
1d	lwt+ilwt_roundtrip	bior2.8	symmetric	Large / Sensitive	pywt	1.41421	0.00707105	2.384185791015625e-07	0.9999999999999972	True	
1d	lwt+ilwt_roundtrip	bior2.8	zero	Large / Sensitive	pywt	1.41421	0.00707105	2.384185791015625e-07	0.9999999999999969	True	
1d	lwt+ilwt_roundtrip	bior2.8	constant	Large / Sensitive	pywt	1.41421	0.00707105	2.384185791015625e-07	0.9999999999999969	True	
1d	lwt+ilwt_roundtrip	bior2.8	periodic	Large / Sensitive	pywt	1.41421	0.00707105	2.384185791015625e-07	0.9999999999999972	True	
1d	lwt+ilwt_roundtrip	bior2.8	antisymmetric	Large / Sensitive	pywt	1.41421	0.00707105	2.384185791015625e-07	0.999999999999997	True	
1d	lwt+ilwt_roundtrip	bior2.8	smooth	Large / Sensitive	pywt	1.41421	0.00707105	2.384185791015625e-07	0.9999999999999978	True	
1d	lwt+ilwt_roundtrip	bior2.8	reflect	Large / Sensitive	pywt	1.41421	0.00707105	2.384185791015625e-07	0.9999999999999969	True	
1d	lwt+ilwt_roundtrip	bior2.8	antireflect	Large / Sensitive	pywt	1.41421	0.00707105	2.384185791015625e-07	0.9999999999999974	True	
1d	lwt+ilwt_roundtrip	bior3.1	symmetric	Compact	pywt	1.125	0.00011250000000000001	2.384185791015625e-07	0.9999999999999978	True	
1d	lwt+ilwt_roundtrip	bior3.1	zero	Compact	pywt	1.125	0.00011250000000000001	2.384185791015625e-07	0.999999999999998	True	
1d	lwt+ilwt_roundtrip	bior3.1	constant	Compact	pywt	1.125	0.00011250000000000001	2.384185791015625e-07	0.9999999999999974	True	
1d	lwt+ilwt_roundtrip	bior3.1	periodic	Compact	pywt	1.125	0.00011250000000000001	2.384185791015625e-07	0.9999999999999977	True	
1d	lwt+ilwt_roundtrip	bior3.1	antisymmetric	Compact	pywt	1.125	0.00011250000000000001	2.384185791015625e-07	0.9999999999999977	True	
1d	lwt+ilwt_roundtrip	bior3.1	smooth	Compact	pywt	1.125	0.00011250000000000001	2.384185791015625e-07	0.9999999999999977	True	
1d	lwt+ilwt_roundtrip	bior3.1	reflect	Compact	pywt	1.125	0.00011250000000000001	2.384185791015625e-07	0.9999999999999977	True	
1d	lwt+ilwt_roundtrip	bior3.1	antireflect	Compact	pywt	1.125	0.00011250000000000001	2.384185791015625e-07	0.999999999999998	True	
1d	lwt+ilwt_roundtrip	bior3.3	symmetric	Compact	pywt	2.12132	0.000212132	2.384185791015625e-07	0.9999999999999977	True	
1d	lwt+ilwt_roundtrip	bior3.3	zero	Compact	pywt	2.12132	0.000212132	2.384185791015625e-07	0.9999999999999974	True	
1d	lwt+ilwt_roundtrip	bior3.3	constant	Compact	pywt	2.12132	0.000212132	2.384185791015625e-07	0.9999999999999974	True	
1d	lwt+ilwt_roundtrip	bior3.3	periodic	Compact	pywt	2.12132	0.000212132	2.384185791015625e-07	0.9999999999999981	True	
1d	lwt+ilwt_roundtrip	bior3.3	antisymmetric	Compact	pywt	2.12132	0.000212132	2.384185791015625e-07	0.9999999999999978	True	
1d	lwt+ilwt_roundtrip	bior3.3	smooth	Compact	pywt	2.12132	0.000212132	2.384185791015625e-07	0.9999999999999977	True	
1d	lwt+ilwt_roundtrip	bior3.3	reflect	Compact	pywt	2.12132	0.000212132	2.384185791015625e-07	0.9999999999999977	True	
1d	lwt+ilwt_roundtrip	bior3.3	antireflect	Compact	pywt	2.12132	0.000212132	2.384185791015625e-07	0.9999999999999978	True	
1d	lwt+ilwt_roundtrip	bior3.5	symmetric	Compact	pywt	2.12132	0.000212132	1.7881393432617188e-07	0.9999999999999973	True	
1d	lwt+ilwt_roundtrip	bior3.5	zero	Compact	pywt	2.12132	0.000212132	1.7881393432617188e-07	0.999999999999997	True	
1d	lwt+ilwt_roundtrip	bior3.5	constant	Compact	pywt	2.12132	0.000212132	1.7881393432617188e-07	0.999999999999997	True	
1d	lwt+ilwt_roundtrip	bior3.5	periodic	Compact	pywt	2.12132	0.000212132	1.7881393432617188e-07	0.9999999999999973	True	
1d	lwt+ilwt_roundtrip	bior3.5	antisymmetric	Compact	pywt	2.12132	0.000212132	1.7881393432617188e-07	0.9999999999999973	True	
1d	lwt+ilwt_roundtrip	bior3.5	smooth	Compact	pywt	2.12132	0.000212132	1.7881393432617188e-07	0.9999999999999972	True	
1d	lwt+ilwt_roundtrip	bior3.5	reflect	Compact	pywt	2.12132	0.000212132	1.7881393432617188e-07	0.9999999999999972	True	
1d	lwt+ilwt_roundtrip	bior3.5	antireflect	Compact	pywt	2.12132	0.000212132	1.7881393432617188e-07	0.9999999999999972	True	
1d	lwt+ilwt_roundtrip	bior3.7	symmetric	Large / Sensitive	pywt	2.12132	0.010606599999999999	2.384185791015625e-07	0.9999999999999967	True	
1d	lwt+ilwt_roundtrip	bior3.7	zero	Large / Sensitive	pywt	2.12132	0.010606599999999999	2.384185791015625e-07	0.9999999999999967	True	
1d	lwt+ilwt_roundtrip	bior3.7	constant	Large / Sensitive	pywt	2.12132	0.010606599999999999	2.384185791015625e-07	0.9999999999999967	True	
1d	lwt+ilwt_roundtrip	bior3.7	periodic	Large / Sensitive	pywt	2.12132	0.010606599999999999	2.384185791015625e-07	0.9999999999999966	True	
1d	lwt+ilwt_roundtrip	bior3.7	antisymmetric	Large / Sensitive	pywt	2.12132	0.010606599999999999	2.384185791015625e-07	0.9999999999999967	True	
1d	lwt+ilwt_roundtrip	bior3.7	smooth	Large / Sensitive	pywt	2.12132	0.010606599999999999	2.384185791015625e-07	0.9999999999999966	True	
1d	lwt+ilwt_roundtrip	bior3.7	reflect	Large / Sensitive	pywt	2.12132	0.010606599999999999	2.384185791015625e-07	0.9999999999999967	True	
1d	lwt+ilwt_roundtrip	bior3.7	antireflect	Large / Sensitive	pywt	2.12132	0.010606599999999999	2.384185791015625e-07	0.9999999999999966	True	
1d	lwt+ilwt_roundtrip	bior3.9	symmetric	Large / Sensitive	pywt	2.12132	0.010606599999999999	3.5762786865234375e-07	0.9999999999999961	True	
1d	lwt+ilwt_roundtrip	bior3.9	zero	Large / Sensitive	pywt	2.12132	0.010606599999999999	3.5762786865234375e-07	0.9999999999999962	True	
1d	lwt+ilwt_roundtrip	bior3.9	constant	Large / Sensitive	pywt	2.12132	0.010606599999999999	3.5762786865234375e-07	0.9999999999999962	True	
1d	lwt+ilwt_roundtrip	bior3.9	periodic	Large / Sensitive	pywt	2.12132	0.010606599999999999	3.5762786865234375e-07	0.9999999999999962	True	
1d	lwt+ilwt_roundtrip	bior3.9	antisymmetric	Large / Sensitive	pywt	2.12132	0.010606599999999999	3.5762786865234375e-07	0.9999999999999961	True	
1d	lwt+ilwt_roundtrip	bior3.9	smooth	Large / Sensitive	pywt	2.12132	0.010606599999999999	3.5762786865234375e-07	0.9999999999999961	True	
1d	lwt+ilwt_roundtrip	bior3.9	reflect	Large / Sensitive	pywt	2.12132	0.010606599999999999	3.5762786865234375e-07	0.9999999999999959	True	
1d	lwt+ilwt_roundtrip	bior3.9	antireflect	Large / Sensitive	pywt	2.12132	0.010606599999999999	3.5762786865234375e-07	0.9999999999999961	True	
1d	lwt+ilwt_roundtrip	bior4.4	symmetric	Compact	pywt	1.58613	0.00015861300000000002	2.384185791015625e-07	0.9999999999999969	True	
1d	lwt+ilwt_roundtrip	bior4.4	zero	Compact	pywt	1.58613	0.00015861300000000002	2.384185791015625e-07	0.9999999999999967	True	
1d	lwt+ilwt_roundtrip	bior4.4	constant	Compact	pywt	1.58613	0.00015861300000000002	2.384185791015625e-07	0.9999999999999963	True	
1d	lwt+ilwt_roundtrip	bior4.4	periodic	Compact	pywt	1.58613	0.00015861300000000002	2.384185791015625e-07	0.9999999999999961	True	
1d	lwt+ilwt_roundtrip	bior4.4	antisymmetric	Compact	pywt	1.58613	0.00015861300000000002	2.384185791015625e-07	0.9999999999999969	True	
1d	lwt+ilwt_roundtrip	bior4.4	smooth	Compact	pywt	1.58613	0.00015861300000000002	2.384185791015625e-07	0.9999999999999966	True	
1d	lwt+ilwt_roundtrip	bior4.4	reflect	Compact	pywt	1.58613	0.00015861300000000002	2.384185791015625e-07	0.9999999999999962	True	
1d	lwt+ilwt_roundtrip	bior4.4	antireflect	Compact	pywt	1.58613	0.00015861300000000002	2.384185791015625e-07	0.9999999999999966	True	
1d	lwt+ilwt_roundtrip	bior5.5	symmetric	Compact	pywt	5.58579	0.000558579	3.5762786865234375e-07	0.9999999999999956	True	
1d	lwt+ilwt_roundtrip	bior5.5	zero	Compact	pywt	5.58579	0.000558579	3.5762786865234375e-07	0.9999999999999958	True	
1d	lwt+ilwt_roundtrip	bior5.5	constant	Compact	pywt	5.58579	0.000558579	3.5762786865234375e-07	0.9999999999999954	True	
1d	lwt+ilwt_roundtrip	bior5.5	periodic	Compact	pywt	5.58579	0.000558579	3.5762786865234375e-07	0.9999999999999951	True	
1d	lwt+ilwt_roundtrip	bior5.5	antisymmetric	Compact	pywt	5.58579	0.000558579	3.5762786865234375e-07	0.9999999999999954	True	
1d	lwt+ilwt_roundtrip	bior5.5	smooth	Compact	pywt	5.58579	0.000558579	3.5762786865234375e-07	0.9999999999999956	True	
1d	lwt+ilwt_roundtrip	bior5.5	reflect	Compact	pywt	5.58579	0.000558579	3.5762786865234375e-07	0.9999999999999953	True	
1d	lwt+ilwt_roundtrip	bior5.5	antireflect	Compact	pywt	5.58579	0.000558579	3.5762786865234375e-07	0.9999999999999956	True	
1d	lwt+ilwt_roundtrip	bior6.8	symmetric	Large / Sensitive	pywt	1.15131	0.00575655	2.980232238769531e-07	0.9999999999999954	True	
1d	lwt+ilwt_roundtrip	bior6.8	zero	Large / Sensitive	pywt	1.15131	0.00575655	2.980232238769531e-07	0.9999999999999951	True	
1d	lwt+ilwt_roundtrip	bior6.8	constant	Large / Sensitive	pywt	1.15131	0.00575655	2.980232238769531e-07	0.999999999999995	True	
1d	lwt+ilwt_roundtrip	bior6.8	periodic	Large / Sensitive	pywt	1.15131	0.00575655	2.980232238769531e-07	0.9999999999999953	True	
1d	lwt+ilwt_roundtrip	bior6.8	antisymmetric	Large / Sensitive	pywt	1.15131	0.00575655	2.980232238769531e-07	0.9999999999999958	True	
1d	lwt+ilwt_roundtrip	bior6.8	smooth	Large / Sensitive	pywt	1.15131	0.00575655	2.980232238769531e-07	0.999999999999995	True	
1d	lwt+ilwt_roundtrip	bior6.8	reflect	Large / Sensitive	pywt	1.15131	0.00575655	2.980232238769531e-07	0.9999999999999951	True	
1d	lwt+ilwt_roundtrip	bior6.8	antireflect	Large / Sensitive	pywt	1.15131	0.00575655	2.980232238769531e-07	0.9999999999999954	True	
1d	lwt+ilwt_roundtrip	coif1	symmetric	Compact	pywt	91.8006	0.00918006	2.980232238769531e-07	0.999999999999997	True	
1d	lwt+ilwt_roundtrip	coif1	zero	Compact	pywt	91.8006	0.00918006	2.980232238769531e-07	0.999999999999997	True	
1d	lwt+ilwt_roundtrip	coif1	constant	Compact	pywt	91.8006	0.00918006	2.980232238769531e-07	0.999999999999997	True	
1d	lwt+ilwt_roundtrip	coif1	periodic	Compact	pywt	91.8006	0.00918006	2.980232238769531e-07	0.9999999999999973	True	
1d	lwt+ilwt_roundtrip	coif1	antisymmetric	Compact	pywt	91.8006	0.00918006	2.980232238769531e-07	0.999999999999997	True	
1d	lwt+ilwt_roundtrip	coif1	smooth	Compact	pywt	91.8006	0.00918006	2.980232238769531e-07	0.9999999999999969	True	
1d	lwt+ilwt_roundtrip	coif1	reflect	Compact	pywt	91.8006	0.00918006	2.980232238769531e-07	0.9999999999999969	True	
1d	lwt+ilwt_roundtrip	coif1	antireflect	Compact	pywt	91.8006	0.00918006	2.980232238769531e-07	0.9999999999999972	True	
1d	lwt+ilwt_roundtrip	coif10	symmetric	Large / Sensitive	pywt	2437.12	12.185599999999999	5.960464477539062e-07	0.9999999999999876	True	
1d	lwt+ilwt_roundtrip	coif10	zero	Large / Sensitive	pywt	2437.12	12.185599999999999	5.960464477539062e-07	0.9999999999999879	True	
1d	lwt+ilwt_roundtrip	coif10	constant	Large / Sensitive	pywt	2437.12	12.185599999999999	5.960464477539062e-07	0.9999999999999876	True	
1d	lwt+ilwt_roundtrip	coif10	periodic	Large / Sensitive	pywt	2437.12	12.185599999999999	5.960464477539062e-07	0.9999999999999872	True	
1d	lwt+ilwt_roundtrip	coif10	antisymmetric	Large / Sensitive	pywt	2437.12	12.185599999999999	5.960464477539062e-07	0.9999999999999876	True	
1d	lwt+ilwt_roundtrip	coif10	smooth	Large / Sensitive	pywt	2437.12	12.185599999999999	5.960464477539062e-07	0.9999999999999879	True	
1d	lwt+ilwt_roundtrip	coif10	reflect	Large / Sensitive	pywt	2437.12	12.185599999999999	5.960464477539062e-07	0.9999999999999879	True	
1d	lwt+ilwt_roundtrip	coif10	antireflect	Large / Sensitive	pywt	2437.12	12.185599999999999	5.960464477539062e-07	0.9999999999999876	True	
1d	lwt+ilwt_roundtrip	coif11	symmetric	Large / Sensitive	pywt	16170.8	80.854	4.172325134277344e-07	0.9999999999999891	True	
1d	lwt+ilwt_roundtrip	coif11	zero	Large / Sensitive	pywt	16170.8	80.854	4.172325134277344e-07	0.9999999999999898	True	
1d	lwt+ilwt_roundtrip	coif11	constant	Large / Sensitive	pywt	16170.8	80.854	4.172325134277344e-07	0.9999999999999895	True	
1d	lwt+ilwt_roundtrip	coif11	periodic	Large / Sensitive	pywt	16170.8	80.854	4.172325134277344e-07	0.9999999999999891	True	
1d	lwt+ilwt_roundtrip	coif11	antisymmetric	Large / Sensitive	pywt	16170.8	80.854	4.172325134277344e-07	0.9999999999999893	True	
1d	lwt+ilwt_roundtrip	coif11	smooth	Large / Sensitive	pywt	16170.8	80.854	4.172325134277344e-07	0.9999999999999895	True	
1d	lwt+ilwt_roundtrip	coif11	reflect	Large / Sensitive	pywt	16170.8	80.854	4.172325134277344e-07	0.9999999999999898	True	
1d	lwt+ilwt_roundtrip	coif11	antireflect	Large / Sensitive	pywt	16170.8	80.854	4.172325134277344e-07	0.9999999999999901	True	
1d	lwt+ilwt_roundtrip	coif12	symmetric	Large / Sensitive	pywt	2116.57	10.58285	5.364418029785156e-07	0.9999999999999865	True	
1d	lwt+ilwt_roundtrip	coif12	zero	Large / Sensitive	pywt	2116.57	10.58285	5.364418029785156e-07	0.9999999999999863	True	
1d	lwt+ilwt_roundtrip	coif12	constant	Large / Sensitive	pywt	2116.57	10.58285	5.364418029785156e-07	0.9999999999999863	True	
1d	lwt+ilwt_roundtrip	coif12	periodic	Large / Sensitive	pywt	2116.57	10.58285	5.364418029785156e-07	0.9999999999999863	True	
1d	lwt+ilwt_roundtrip	coif12	antisymmetric	Large / Sensitive	pywt	2116.57	10.58285	5.364418029785156e-07	0.9999999999999859	True	
1d	lwt+ilwt_roundtrip	coif12	smooth	Large / Sensitive	pywt	2116.57	10.58285	5.364418029785156e-07	0.9999999999999865	True	
1d	lwt+ilwt_roundtrip	coif12	reflect	Large / Sensitive	pywt	2116.57	10.58285	5.364418029785156e-07	0.999999999999986	True	
1d	lwt+ilwt_roundtrip	coif12	antireflect	Large / Sensitive	pywt	2116.57	10.58285	5.364418029785156e-07	0.999999999999986	True	
1d	lwt+ilwt_roundtrip	coif13	symmetric	Large / Sensitive	pywt	23489.6	117.448	5.364418029785156e-07	0.9999999999999848	True	
1d	lwt+ilwt_roundtrip	coif13	zero	Large / Sensitive	pywt	23489.6	117.448	5.364418029785156e-07	0.9999999999999849	True	
1d	lwt+ilwt_roundtrip	coif13	constant	Large / Sensitive	pywt	23489.6	117.448	5.364418029785156e-07	0.9999999999999853	True	
1d	lwt+ilwt_roundtrip	coif13	periodic	Large / Sensitive	pywt	23489.6	117.448	5.364418029785156e-07	0.9999999999999846	True	
1d	lwt+ilwt_roundtrip	coif13	antisymmetric	Large / Sensitive	pywt	23489.6	117.448	5.364418029785156e-07	0.9999999999999849	True	
1d	lwt+ilwt_roundtrip	coif13	smooth	Large / Sensitive	pywt	23489.6	117.448	5.364418029785156e-07	0.9999999999999849	True	
1d	lwt+ilwt_roundtrip	coif13	reflect	Large / Sensitive	pywt	23489.6	117.448	5.364418029785156e-07	0.9999999999999851	True	
1d	lwt+ilwt_roundtrip	coif13	antireflect	Large / Sensitive	pywt	23489.6	117.448	5.364418029785156e-07	0.9999999999999852	True	
1d	lwt+ilwt_roundtrip	coif14	symmetric	Large / Sensitive	pywt	3417.27	17.08635	5.960464477539062e-07	0.9999999999999845	True	
1d	lwt+ilwt_roundtrip	coif14	zero	Large / Sensitive	pywt	3417.27	17.08635	5.960464477539062e-07	0.9999999999999848	True	
1d	lwt+ilwt_roundtrip	coif14	constant	Large / Sensitive	pywt	3417.27	17.08635	5.960464477539062e-07	0.9999999999999843	True	
1d	lwt+ilwt_roundtrip	coif14	periodic	Large / Sensitive	pywt	3417.27	17.08635	5.960464477539062e-07	0.9999999999999845	True	
1d	lwt+ilwt_roundtrip	coif14	antisymmetric	Large / Sensitive	pywt	3417.27	17.08635	5.960464477539062e-07	0.9999999999999843	True	
1d	lwt+ilwt_roundtrip	coif14	smooth	Large / Sensitive	pywt	3417.27	17.08635	5.960464477539062e-07	0.9999999999999845	True	
1d	lwt+ilwt_roundtrip	coif14	reflect	Large / Sensitive	pywt	3417.27	17.08635	5.960464477539062e-07	0.9999999999999846	True	
1d	lwt+ilwt_roundtrip	coif14	antireflect	Large / Sensitive	pywt	3417.27	17.08635	5.960464477539062e-07	0.9999999999999843	True	
1d	lwt+ilwt_roundtrip	coif15	symmetric	Large / Sensitive	pywt	36169.8	180.84900000000002	6.556510925292969e-07	0.9999999999999851	True	
1d	lwt+ilwt_roundtrip	coif15	zero	Large / Sensitive	pywt	36169.8	180.84900000000002	6.556510925292969e-07	0.9999999999999849	True	
1d	lwt+ilwt_roundtrip	coif15	constant	Large / Sensitive	pywt	36169.8	180.84900000000002	6.556510925292969e-07	0.9999999999999857	True	
1d	lwt+ilwt_roundtrip	coif15	periodic	Large / Sensitive	pywt	36169.8	180.84900000000002	6.556510925292969e-07	0.9999999999999848	True	
1d	lwt+ilwt_roundtrip	coif15	antisymmetric	Large / Sensitive	pywt	36169.8	180.84900000000002	6.556510925292969e-07	0.9999999999999851	True	
1d	lwt+ilwt_roundtrip	coif15	smooth	Large / Sensitive	pywt	36169.8	180.84900000000002	6.556510925292969e-07	0.9999999999999848	True	
1d	lwt+ilwt_roundtrip	coif15	reflect	Large / Sensitive	pywt	36169.8	180.84900000000002	6.556510925292969e-07	0.9999999999999851	True	
1d	lwt+ilwt_roundtrip	coif15	antireflect	Large / Sensitive	pywt	36169.8	180.84900000000002	6.556510925292969e-07	0.9999999999999849	True	
1d	lwt+ilwt_roundtrip	coif16	symmetric	Large / Sensitive	pywt	4375.36	21.8768	5.364418029785156e-07	0.9999999999999845	True	
1d	lwt+ilwt_roundtrip	coif16	zero	Large / Sensitive	pywt	4375.36	21.8768	5.364418029785156e-07	0.9999999999999841	True	
1d	lwt+ilwt_roundtrip	coif16	constant	Large / Sensitive	pywt	4375.36	21.8768	5.364418029785156e-07	0.9999999999999843	True	
1d	lwt+ilwt_roundtrip	coif16	periodic	Large / Sensitive	pywt	4375.36	21.8768	5.364418029785156e-07	0.9999999999999841	True	
1d	lwt+ilwt_roundtrip	coif16	antisymmetric	Large / Sensitive	pywt	4375.36	21.8768	5.364418029785156e-07	0.9999999999999837	True	
1d	lwt+ilwt_roundtrip	coif16	smooth	Large / Sensitive	pywt	4375.36	21.8768	5.364418029785156e-07	0.999999999999984	True	
1d	lwt+ilwt_roundtrip	coif16	reflect	Large / Sensitive	pywt	4375.36	21.8768	5.364418029785156e-07	0.9999999999999841	True	
1d	lwt+ilwt_roundtrip	coif16	antireflect	Large / Sensitive	pywt	4375.36	21.8768	5.364418029785156e-07	0.999999999999984	True	
1d	lwt+ilwt_roundtrip	coif17	symmetric	Large / Sensitive	pywt	34912.6	174.563	5.364418029785156e-07	0.9999999999999826	True	
1d	lwt+ilwt_roundtrip	coif17	zero	Large / Sensitive	pywt	34912.6	174.563	5.364418029785156e-07	0.9999999999999826	True	
1d	lwt+ilwt_roundtrip	coif17	constant	Large / Sensitive	pywt	34912.6	174.563	5.364418029785156e-07	0.9999999999999825	True	
1d	lwt+ilwt_roundtrip	coif17	periodic	Large / Sensitive	pywt	34912.6	174.563	5.364418029785156e-07	0.9999999999999827	True	
1d	lwt+ilwt_roundtrip	coif17	antisymmetric	Large / Sensitive	pywt	34912.6	174.563	5.364418029785156e-07	0.9999999999999822	True	
1d	lwt+ilwt_roundtrip	coif17	smooth	Large / Sensitive	pywt	34912.6	174.563	5.364418029785156e-07	0.9999999999999822	True	
1d	lwt+ilwt_roundtrip	coif17	reflect	Large / Sensitive	pywt	34912.6	174.563	5.364418029785156e-07	0.9999999999999826	True	
1d	lwt+ilwt_roundtrip	coif17	antireflect	Large / Sensitive	pywt	34912.6	174.563	5.364418029785156e-07	0.9999999999999826	True	
1d	lwt+ilwt_roundtrip	coif2	symmetric	Compact	pywt	3.57823	0.000357823	2.384185791015625e-07	0.9999999999999966	True	
1d	lwt+ilwt_roundtrip	coif2	zero	Compact	pywt	3.57823	0.000357823	2.384185791015625e-07	0.9999999999999959	True	
1d	lwt+ilwt_roundtrip	coif2	constant	Compact	pywt	3.57823	0.000357823	2.384185791015625e-07	0.9999999999999963	True	
1d	lwt+ilwt_roundtrip	coif2	periodic	Compact	pywt	3.57823	0.000357823	2.384185791015625e-07	0.9999999999999963	True	
1d	lwt+ilwt_roundtrip	coif2	antisymmetric	Compact	pywt	3.57823	0.000357823	2.384185791015625e-07	0.9999999999999963	True	
1d	lwt+ilwt_roundtrip	coif2	smooth	Compact	pywt	3.57823	0.000357823	2.384185791015625e-07	0.9999999999999963	True	
1d	lwt+ilwt_roundtrip	coif2	reflect	Compact	pywt	3.57823	0.000357823	2.384185791015625e-07	0.9999999999999966	True	
1d	lwt+ilwt_roundtrip	coif2	antireflect	Compact	pywt	3.57823	0.000357823	2.384185791015625e-07	0.9999999999999961	True	
1d	lwt+ilwt_roundtrip	coif3	symmetric	Medium	pywt	42.7863	0.0427863	2.384185791015625e-07	0.9999999999999958	True	
1d	lwt+ilwt_roundtrip	coif3	zero	Medium	pywt	42.7863	0.0427863	2.384185791015625e-07	0.9999999999999953	True	
1d	lwt+ilwt_roundtrip	coif3	constant	Medium	pywt	42.7863	0.0427863	2.384185791015625e-07	0.9999999999999956	True	
1d	lwt+ilwt_roundtrip	coif3	periodic	Medium	pywt	42.7863	0.0427863	2.384185791015625e-07	0.9999999999999953	True	
1d	lwt+ilwt_roundtrip	coif3	antisymmetric	Medium	pywt	42.7863	0.0427863	2.384185791015625e-07	0.9999999999999954	True	
1d	lwt+ilwt_roundtrip	coif3	smooth	Medium	pywt	42.7863	0.0427863	2.384185791015625e-07	0.9999999999999953	True	
1d	lwt+ilwt_roundtrip	coif3	reflect	Medium	pywt	42.7863	0.0427863	2.384185791015625e-07	0.9999999999999958	True	
1d	lwt+ilwt_roundtrip	coif3	antireflect	Medium	pywt	42.7863	0.0427863	2.384185791015625e-07	0.9999999999999954	True	
1d	lwt+ilwt_roundtrip	coif4	symmetric	Medium	pywt	14.799	0.014799	3.5762786865234375e-07	0.9999999999999931	True	
1d	lwt+ilwt_roundtrip	coif4	zero	Medium	pywt	14.799	0.014799	3.5762786865234375e-07	0.9999999999999936	True	
1d	lwt+ilwt_roundtrip	coif4	constant	Medium	pywt	14.799	0.014799	3.5762786865234375e-07	0.9999999999999936	True	
1d	lwt+ilwt_roundtrip	coif4	periodic	Medium	pywt	14.799	0.014799	3.5762786865234375e-07	0.9999999999999936	True	
1d	lwt+ilwt_roundtrip	coif4	antisymmetric	Medium	pywt	14.799	0.014799	3.5762786865234375e-07	0.9999999999999939	True	
1d	lwt+ilwt_roundtrip	coif4	smooth	Medium	pywt	14.799	0.014799	3.5762786865234375e-07	0.9999999999999934	True	
1d	lwt+ilwt_roundtrip	coif4	reflect	Medium	pywt	14.799	0.014799	3.5762786865234375e-07	0.9999999999999936	True	
1d	lwt+ilwt_roundtrip	coif4	antireflect	Medium	pywt	14.799	0.014799	3.5762786865234375e-07	0.9999999999999939	True	
1d	lwt+ilwt_roundtrip	coif5	symmetric	Large / Sensitive	pywt	283.731	1.418655	4.76837158203125e-07	0.9999999999999925	True	
1d	lwt+ilwt_roundtrip	coif5	zero	Large / Sensitive	pywt	283.731	1.418655	4.76837158203125e-07	0.9999999999999927	True	
1d	lwt+ilwt_roundtrip	coif5	constant	Large / Sensitive	pywt	283.731	1.418655	4.76837158203125e-07	0.9999999999999923	True	
1d	lwt+ilwt_roundtrip	coif5	periodic	Large / Sensitive	pywt	283.731	1.418655	4.76837158203125e-07	0.9999999999999929	True	
1d	lwt+ilwt_roundtrip	coif5	antisymmetric	Large / Sensitive	pywt	283.731	1.418655	4.76837158203125e-07	0.9999999999999925	True	
1d	lwt+ilwt_roundtrip	coif5	smooth	Large / Sensitive	pywt	283.731	1.418655	4.76837158203125e-07	0.9999999999999925	True	
1d	lwt+ilwt_roundtrip	coif5	reflect	Large / Sensitive	pywt	283.731	1.418655	4.76837158203125e-07	0.9999999999999925	True	
1d	lwt+ilwt_roundtrip	coif5	antireflect	Large / Sensitive	pywt	283.731	1.418655	4.76837158203125e-07	0.9999999999999923	True	
1d	lwt+ilwt_roundtrip	coif6	symmetric	Large / Sensitive	pywt	93.4704	0.467352	4.172325134277344e-07	0.9999999999999913	True	
1d	lwt+ilwt_roundtrip	coif6	zero	Large / Sensitive	pywt	93.4704	0.467352	4.172325134277344e-07	0.9999999999999913	True	
1d	lwt+ilwt_roundtrip	coif6	constant	Large / Sensitive	pywt	93.4704	0.467352	4.172325134277344e-07	0.9999999999999912	True	
1d	lwt+ilwt_roundtrip	coif6	periodic	Large / Sensitive	pywt	93.4704	0.467352	4.172325134277344e-07	0.999999999999991	True	
1d	lwt+ilwt_roundtrip	coif6	antisymmetric	Large / Sensitive	pywt	93.4704	0.467352	4.172325134277344e-07	0.9999999999999916	True	
1d	lwt+ilwt_roundtrip	coif6	smooth	Large / Sensitive	pywt	93.4704	0.467352	4.172325134277344e-07	0.9999999999999913	True	
1d	lwt+ilwt_roundtrip	coif6	reflect	Large / Sensitive	pywt	93.4704	0.467352	4.172325134277344e-07	0.9999999999999913	True	
1d	lwt+ilwt_roundtrip	coif6	antireflect	Large / Sensitive	pywt	93.4704	0.467352	4.172325134277344e-07	0.9999999999999913	True	
1d	lwt+ilwt_roundtrip	coif7	symmetric	Large / Sensitive	pywt	1724.88	8.624400000000001	5.364418029785156e-07	0.9999999999999901	True	
1d	lwt+ilwt_roundtrip	coif7	zero	Large / Sensitive	pywt	1724.88	8.624400000000001	5.364418029785156e-07	0.9999999999999899	True	
1d	lwt+ilwt_roundtrip	coif7	constant	Large / Sensitive	pywt	1724.88	8.624400000000001	5.364418029785156e-07	0.9999999999999906	True	
1d	lwt+ilwt_roundtrip	coif7	periodic	Large / Sensitive	pywt	1724.88	8.624400000000001	5.364418029785156e-07	0.9999999999999905	True	
1d	lwt+ilwt_roundtrip	coif7	antisymmetric	Large / Sensitive	pywt	1724.88	8.624400000000001	5.364418029785156e-07	0.9999999999999906	True	
1d	lwt+ilwt_roundtrip	coif7	smooth	Large / Sensitive	pywt	1724.88	8.624400000000001	5.364418029785156e-07	0.9999999999999909	True	
1d	lwt+ilwt_roundtrip	coif7	reflect	Large / Sensitive	pywt	1724.88	8.624400000000001	5.364418029785156e-07	0.9999999999999902	True	
1d	lwt+ilwt_roundtrip	coif7	antireflect	Large / Sensitive	pywt	1724.88	8.624400000000001	5.364418029785156e-07	0.9999999999999902	True	
1d	lwt+ilwt_roundtrip	coif8	symmetric	Large / Sensitive	pywt	828.314	4.14157	5.364418029785156e-07	0.9999999999999897	True	
1d	lwt+ilwt_roundtrip	coif8	zero	Large / Sensitive	pywt	828.314	4.14157	5.364418029785156e-07	0.9999999999999895	True	
1d	lwt+ilwt_roundtrip	coif8	constant	Large / Sensitive	pywt	828.314	4.14157	5.364418029785156e-07	0.9999999999999901	True	
1d	lwt+ilwt_roundtrip	coif8	periodic	Large / Sensitive	pywt	828.314	4.14157	5.364418029785156e-07	0.9999999999999897	True	
1d	lwt+ilwt_roundtrip	coif8	antisymmetric	Large / Sensitive	pywt	828.314	4.14157	5.364418029785156e-07	0.9999999999999895	True	
1d	lwt+ilwt_roundtrip	coif8	smooth	Large / Sensitive	pywt	828.314	4.14157	5.364418029785156e-07	0.9999999999999895	True	
1d	lwt+ilwt_roundtrip	coif8	reflect	Large / Sensitive	pywt	828.314	4.14157	5.364418029785156e-07	0.9999999999999897	True	
1d	lwt+ilwt_roundtrip	coif8	antireflect	Large / Sensitive	pywt	828.314	4.14157	5.364418029785156e-07	0.9999999999999897	True	
1d	lwt+ilwt_roundtrip	coif9	symmetric	Large / Sensitive	pywt	306199	1530.9950000000001	5.364418029785156e-07	0.9999999999999891	True	
1d	lwt+ilwt_roundtrip	coif9	zero	Large / Sensitive	pywt	306199	1530.9950000000001	5.364418029785156e-07	0.9999999999999897	True	
1d	lwt+ilwt_roundtrip	coif9	constant	Large / Sensitive	pywt	306199	1530.9950000000001	5.364418029785156e-07	0.9999999999999901	True	
1d	lwt+ilwt_roundtrip	coif9	periodic	Large / Sensitive	pywt	306199	1530.9950000000001	5.364418029785156e-07	0.9999999999999898	True	
1d	lwt+ilwt_roundtrip	coif9	antisymmetric	Large / Sensitive	pywt	306199	1530.9950000000001	5.364418029785156e-07	0.9999999999999898	True	
1d	lwt+ilwt_roundtrip	coif9	smooth	Large / Sensitive	pywt	306199	1530.9950000000001	5.364418029785156e-07	0.9999999999999897	True	
1d	lwt+ilwt_roundtrip	coif9	reflect	Large / Sensitive	pywt	306199	1530.9950000000001	5.364418029785156e-07	0.9999999999999898	True	
1d	lwt+ilwt_roundtrip	coif9	antireflect	Large / Sensitive	pywt	306199	1530.9950000000001	5.364418029785156e-07	0.9999999999999897	True	
1d	lwt+ilwt_roundtrip	db1	symmetric	Compact	pywt	1.41421	0.000141421	1.1920928955078125e-07	0.9999999999999986	True	
1d	lwt+ilwt_roundtrip	db1	zero	Compact	pywt	1.41421	0.000141421	1.1920928955078125e-07	0.9999999999999986	True	
1d	lwt+ilwt_roundtrip	db1	constant	Compact	pywt	1.41421	0.000141421	1.1920928955078125e-07	0.9999999999999986	True	
1d	lwt+ilwt_roundtrip	db1	periodic	Compact	pywt	1.41421	0.000141421	1.1920928955078125e-07	0.9999999999999986	True	
1d	lwt+ilwt_roundtrip	db1	antisymmetric	Compact	pywt	1.41421	0.000141421	1.1920928955078125e-07	0.9999999999999986	True	
1d	lwt+ilwt_roundtrip	db1	smooth	Compact	pywt	1.41421	0.000141421	1.1920928955078125e-07	0.9999999999999986	True	
1d	lwt+ilwt_roundtrip	db1	reflect	Compact	pywt	1.41421	0.000141421	1.1920928955078125e-07	0.9999999999999986	True	
1d	lwt+ilwt_roundtrip	db1	antireflect	Compact	pywt	1.41421	0.000141421	1.1920928955078125e-07	0.9999999999999986	True	
1d	lwt+ilwt_roundtrip	db10	symmetric	Medium	pywt	21.6996	0.0216996	2.384185791015625e-07	0.9999999999999953	True	
1d	lwt+ilwt_roundtrip	db10	zero	Medium	pywt	21.6996	0.0216996	2.384185791015625e-07	0.9999999999999953	True	
1d	lwt+ilwt_roundtrip	db10	constant	Medium	pywt	21.6996	0.0216996	2.384185791015625e-07	0.9999999999999953	True	
1d	lwt+ilwt_roundtrip	db10	periodic	Medium	pywt	21.6996	0.0216996	2.384185791015625e-07	0.9999999999999954	True	
1d	lwt+ilwt_roundtrip	db10	antisymmetric	Medium	pywt	21.6996	0.0216996	2.384185791015625e-07	0.9999999999999953	True	
1d	lwt+ilwt_roundtrip	db10	smooth	Medium	pywt	21.6996	0.0216996	2.384185791015625e-07	0.999999999999995	True	
1d	lwt+ilwt_roundtrip	db10	reflect	Medium	pywt	21.6996	0.0216996	2.384185791015625e-07	0.9999999999999954	True	
1d	lwt+ilwt_roundtrip	db10	antireflect	Medium	pywt	21.6996	0.0216996	2.384185791015625e-07	0.9999999999999958	True	
1d	lwt+ilwt_roundtrip	db11	symmetric	Medium	pywt	1039.05	1.03905	2.980232238769531e-07	0.9999999999999953	True	
1d	lwt+ilwt_roundtrip	db11	zero	Medium	pywt	1039.05	1.03905	2.980232238769531e-07	0.9999999999999947	True	
1d	lwt+ilwt_roundtrip	db11	constant	Medium	pywt	1039.05	1.03905	2.980232238769531e-07	0.9999999999999946	True	
1d	lwt+ilwt_roundtrip	db11	periodic	Medium	pywt	1039.05	1.03905	2.980232238769531e-07	0.9999999999999951	True	
1d	lwt+ilwt_roundtrip	db11	antisymmetric	Medium	pywt	1039.05	1.03905	2.980232238769531e-07	0.9999999999999948	True	
1d	lwt+ilwt_roundtrip	db11	smooth	Medium	pywt	1039.05	1.03905	2.980232238769531e-07	0.9999999999999951	True	
1d	lwt+ilwt_roundtrip	db11	reflect	Medium	pywt	1039.05	1.03905	2.980232238769531e-07	0.9999999999999951	True	
1d	lwt+ilwt_roundtrip	db11	antireflect	Medium	pywt	1039.05	1.03905	2.980232238769531e-07	0.9999999999999953	True	
1d	lwt+ilwt_roundtrip	db12	symmetric	Medium	pywt	43.1261	0.0431261	3.5762786865234375e-07	0.9999999999999947	True	
1d	lwt+ilwt_roundtrip	db12	zero	Medium	pywt	43.1261	0.0431261	3.5762786865234375e-07	0.9999999999999939	True	
1d	lwt+ilwt_roundtrip	db12	constant	Medium	pywt	43.1261	0.0431261	3.5762786865234375e-07	0.9999999999999942	True	
1d	lwt+ilwt_roundtrip	db12	periodic	Medium	pywt	43.1261	0.0431261	3.5762786865234375e-07	0.9999999999999942	True	
1d	lwt+ilwt_roundtrip	db12	antisymmetric	Medium	pywt	43.1261	0.0431261	3.5762786865234375e-07	0.9999999999999947	True	
1d	lwt+ilwt_roundtrip	db12	smooth	Medium	pywt	43.1261	0.0431261	3.5762786865234375e-07	0.999999999999994	True	
1d	lwt+ilwt_roundtrip	db12	reflect	Medium	pywt	43.1261	0.0431261	3.5762786865234375e-07	0.999999999999995	True	
1d	lwt+ilwt_roundtrip	db12	antireflect	Medium	pywt	43.1261	0.0431261	3.5762786865234375e-07	0.9999999999999947	True	
1d	lwt+ilwt_roundtrip	db13	symmetric	Large / Sensitive	pywt	2596.18	12.9809	2.980232238769531e-07	0.9999999999999948	True	
1d	lwt+ilwt_roundtrip	db13	zero	Large / Sensitive	pywt	2596.18	12.9809	2.980232238769531e-07	0.999999999999995	True	
1d	lwt+ilwt_roundtrip	db13	constant	Large / Sensitive	pywt	2596.18	12.9809	2.980232238769531e-07	0.9999999999999947	True	
1d	lwt+ilwt_roundtrip	db13	periodic	Large / Sensitive	pywt	2596.18	12.9809	2.980232238769531e-07	0.9999999999999947	True	
1d	lwt+ilwt_roundtrip	db13	antisymmetric	Large / Sensitive	pywt	2596.18	12.9809	2.980232238769531e-07	0.9999999999999947	True	
1d	lwt+ilwt_roundtrip	db13	smooth	Large / Sensitive	pywt	2596.18	12.9809	2.980232238769531e-07	0.999999999999995	True	
1d	lwt+ilwt_roundtrip	db13	reflect	Large / Sensitive	pywt	2596.18	12.9809	2.980232238769531e-07	0.9999999999999948	True	
1d	lwt+ilwt_roundtrip	db13	antireflect	Large / Sensitive	pywt	2596.18	12.9809	2.980232238769531e-07	0.9999999999999948	True	
1d	lwt+ilwt_roundtrip	db14	symmetric	Large / Sensitive	pywt	85.6274	0.428137	3.5762786865234375e-07	0.999999999999994	True	
1d	lwt+ilwt_roundtrip	db14	zero	Large / Sensitive	pywt	85.6274	0.428137	3.5762786865234375e-07	0.9999999999999939	True	
1d	lwt+ilwt_roundtrip	db14	constant	Large / Sensitive	pywt	85.6274	0.428137	3.5762786865234375e-07	0.999999999999994	True	
1d	lwt+ilwt_roundtrip	db14	periodic	Large / Sensitive	pywt	85.6274	0.428137	3.5762786865234375e-07	0.9999999999999939	True	
1d	lwt+ilwt_roundtrip	db14	antisymmetric	Large / Sensitive	pywt	85.6274	0.428137	3.5762786865234375e-07	0.9999999999999937	True	
1d	lwt+ilwt_roundtrip	db14	smooth	Large / Sensitive	pywt	85.6274	0.428137	3.5762786865234375e-07	0.9999999999999937	True	
1d	lwt+ilwt_roundtrip	db14	reflect	Large / Sensitive	pywt	85.6274	0.428137	3.5762786865234375e-07	0.9999999999999937	True	
1d	lwt+ilwt_roundtrip	db14	antireflect	Large / Sensitive	pywt	85.6274	0.428137	3.5762786865234375e-07	0.9999999999999936	True	
1d	lwt+ilwt_roundtrip	db15	symmetric	Large / Sensitive	pywt	6283.63	31.41815	3.5762786865234375e-07	0.9999999999999946	True	
1d	lwt+ilwt_roundtrip	db15	zero	Large / Sensitive	pywt	6283.63	31.41815	3.5762786865234375e-07	0.9999999999999951	True	
1d	lwt+ilwt_roundtrip	db15	constant	Large / Sensitive	pywt	6283.63	31.41815	3.5762786865234375e-07	0.9999999999999943	True	
1d	lwt+ilwt_roundtrip	db15	periodic	Large / Sensitive	pywt	6283.63	31.41815	3.5762786865234375e-07	0.9999999999999942	True	
1d	lwt+ilwt_roundtrip	db15	antisymmetric	Large / Sensitive	pywt	6283.63	31.41815	3.5762786865234375e-07	0.9999999999999942	True	
1d	lwt+ilwt_roundtrip	db15	smooth	Large / Sensitive	pywt	6283.63	31.41815	3.5762786865234375e-07	0.999999999999994	True	
1d	lwt+ilwt_roundtrip	db15	reflect	Large / Sensitive	pywt	6283.63	31.41815	3.5762786865234375e-07	0.999999999999994	True	
1d	lwt+ilwt_roundtrip	db15	antireflect	Large / Sensitive	pywt	6283.63	31.41815	3.5762786865234375e-07	0.9999999999999943	True	
1d	lwt+ilwt_roundtrip	db16	symmetric	Large / Sensitive	pywt	170.158	0.8507899999999999	3.5762786865234375e-07	0.9999999999999936	True	
1d	lwt+ilwt_roundtrip	db16	zero	Large / Sensitive	pywt	170.158	0.8507899999999999	3.5762786865234375e-07	0.9999999999999934	True	
1d	lwt+ilwt_roundtrip	db16	constant	Large / Sensitive	pywt	170.158	0.8507899999999999	3.5762786865234375e-07	0.9999999999999937	True	
1d	lwt+ilwt_roundtrip	db16	periodic	Large / Sensitive	pywt	170.158	0.8507899999999999	3.5762786865234375e-07	0.9999999999999932	True	
1d	lwt+ilwt_roundtrip	db16	antisymmetric	Large / Sensitive	pywt	170.158	0.8507899999999999	3.5762786865234375e-07	0.9999999999999932	True	
1d	lwt+ilwt_roundtrip	db16	smooth	Large / Sensitive	pywt	170.158	0.8507899999999999	3.5762786865234375e-07	0.9999999999999936	True	
1d	lwt+ilwt_roundtrip	db16	reflect	Large / Sensitive	pywt	170.158	0.8507899999999999	3.5762786865234375e-07	0.9999999999999937	True	
1d	lwt+ilwt_roundtrip	db16	antireflect	Large / Sensitive	pywt	170.158	0.8507899999999999	3.5762786865234375e-07	0.9999999999999939	True	
1d	lwt+ilwt_roundtrip	db17	symmetric	Large / Sensitive	pywt	15893.3	79.4665	2.980232238769531e-07	0.9999999999999936	True	
1d	lwt+ilwt_roundtrip	db17	zero	Large / Sensitive	pywt	15893.3	79.4665	2.980232238769531e-07	0.9999999999999932	True	
1d	lwt+ilwt_roundtrip	db17	constant	Large / Sensitive	pywt	15893.3	79.4665	2.980232238769531e-07	0.9999999999999929	True	
1d	lwt+ilwt_roundtrip	db17	periodic	Large / Sensitive	pywt	15893.3	79.4665	2.980232238769531e-07	0.9999999999999934	True	
1d	lwt+ilwt_roundtrip	db17	antisymmetric	Large / Sensitive	pywt	15893.3	79.4665	2.980232238769531e-07	0.9999999999999932	True	
1d	lwt+ilwt_roundtrip	db17	smooth	Large / Sensitive	pywt	15893.3	79.4665	2.980232238769531e-07	0.9999999999999932	True	
1d	lwt+ilwt_roundtrip	db17	reflect	Large / Sensitive	pywt	15893.3	79.4665	2.980232238769531e-07	0.9999999999999932	True	
1d	lwt+ilwt_roundtrip	db17	antireflect	Large / Sensitive	pywt	15893.3	79.4665	2.980232238769531e-07	0.9999999999999932	True	
1d	lwt+ilwt_roundtrip	db18	symmetric	Large / Sensitive	pywt	487.219	2.436095	4.172325134277344e-07	0.9999999999999929	True	
1d	lwt+ilwt_roundtrip	db18	zero	Large / Sensitive	pywt	487.219	2.436095	4.172325134277344e-07	0.9999999999999929	True	
1d	lwt+ilwt_roundtrip	db18	constant	Large / Sensitive	pywt	487.219	2.436095	4.172325134277344e-07	0.9999999999999929	True	
1d	lwt+ilwt_roundtrip	db18	periodic	Large / Sensitive	pywt	487.219	2.436095	4.172325134277344e-07	0.9999999999999927	True	
1d	lwt+ilwt_roundtrip	db18	antisymmetric	Large / Sensitive	pywt	487.219	2.436095	4.172325134277344e-07	0.9999999999999928	True	
1d	lwt+ilwt_roundtrip	db18	smooth	Large / Sensitive	pywt	487.219	2.436095	4.172325134277344e-07	0.9999999999999925	True	
1d	lwt+ilwt_roundtrip	db18	reflect	Large / Sensitive	pywt	487.219	2.436095	4.172325134277344e-07	0.9999999999999929	True	
1d	lwt+ilwt_roundtrip	db18	antireflect	Large / Sensitive	pywt	487.219	2.436095	4.172325134277344e-07	0.9999999999999925	True	
1d	lwt+ilwt_roundtrip	db19	symmetric	Large / Sensitive	pywt	105101	525.505	3.5762786865234375e-07	0.9999999999999925	True	
1d	lwt+ilwt_roundtrip	db19	zero	Large / Sensitive	pywt	105101	525.505	3.5762786865234375e-07	0.9999999999999923	True	
1d	lwt+ilwt_roundtrip	db19	constant	Large / Sensitive	pywt	105101	525.505	3.5762786865234375e-07	0.9999999999999925	True	
1d	lwt+ilwt_roundtrip	db19	periodic	Large / Sensitive	pywt	105101	525.505	3.5762786865234375e-07	0.9999999999999923	True	
1d	lwt+ilwt_roundtrip	db19	antisymmetric	Large / Sensitive	pywt	105101	525.505	3.5762786865234375e-07	0.9999999999999925	True	
1d	lwt+ilwt_roundtrip	db19	smooth	Large / Sensitive	pywt	105101	525.505	3.5762786865234375e-07	0.9999999999999923	True	
1d	lwt+ilwt_roundtrip	db19	reflect	Large / Sensitive	pywt	105101	525.505	3.5762786865234375e-07	0.9999999999999927	True	
1d	lwt+ilwt_roundtrip	db19	antireflect	Large / Sensitive	pywt	105101	525.505	3.5762786865234375e-07	0.9999999999999923	True	
1d	lwt+ilwt_roundtrip	db2	symmetric	Compact	pywt	1.11536	0.000111536	1.1920928955078125e-07	0.9999999999999986	True	
1d	lwt+ilwt_roundtrip	db2	zero	Compact	pywt	1.11536	0.000111536	1.1920928955078125e-07	0.9999999999999986	True	
1d	lwt+ilwt_roundtrip	db2	constant	Compact	pywt	1.11536	0.000111536	1.1920928955078125e-07	0.9999999999999982	True	
1d	lwt+ilwt_roundtrip	db2	periodic	Compact	pywt	1.11536	0.000111536	1.1920928955078125e-07	0.9999999999999982	True	
1d	lwt+ilwt_roundtrip	db2	antisymmetric	Compact	pywt	1.11536	0.000111536	1.1920928955078125e-07	0.9999999999999988	True	
1d	lwt+ilwt_roundtrip	db2	smooth	Compact	pywt	1.11536	0.000111536	1.1920928955078125e-07	0.9999999999999982	True	
1d	lwt+ilwt_roundtrip	db2	reflect	Compact	pywt	1.11536	0.000111536	1.1920928955078125e-07	0.9999999999999982	True	
1d	lwt+ilwt_roundtrip	db2	antireflect	Compact	pywt	1.11536	0.000111536	1.1920928955078125e-07	0.9999999999999982	True	
1d	lwt+ilwt_roundtrip	db20	symmetric	Large / Sensitive	pywt	609.252	3.0462599999999997	4.172325134277344e-07	0.9999999999999928	True	
1d	lwt+ilwt_roundtrip	db20	zero	Large / Sensitive	pywt	609.252	3.0462599999999997	4.172325134277344e-07	0.9999999999999929	True	
1d	lwt+ilwt_roundtrip	db20	constant	Large / Sensitive	pywt	609.252	3.0462599999999997	4.172325134277344e-07	0.9999999999999925	True	
1d	lwt+ilwt_roundtrip	db20	periodic	Large / Sensitive	pywt	609.252	3.0462599999999997	4.172325134277344e-07	0.9999999999999927	True	
1d	lwt+ilwt_roundtrip	db20	antisymmetric	Large / Sensitive	pywt	609.252	3.0462599999999997	4.172325134277344e-07	0.9999999999999931	True	
1d	lwt+ilwt_roundtrip	db20	smooth	Large / Sensitive	pywt	609.252	3.0462599999999997	4.172325134277344e-07	0.9999999999999928	True	
1d	lwt+ilwt_roundtrip	db20	reflect	Large / Sensitive	pywt	609.252	3.0462599999999997	4.172325134277344e-07	0.9999999999999927	True	
1d	lwt+ilwt_roundtrip	db20	antireflect	Large / Sensitive	pywt	609.252	3.0462599999999997	4.172325134277344e-07	0.9999999999999929	True	
1d	lwt+ilwt_roundtrip	db21	symmetric	Large / Sensitive	pywt	2710.08	13.5504	3.5762786865234375e-07	0.999999999999992	True	
1d	lwt+ilwt_roundtrip	db21	zero	Large / Sensitive	pywt	2710.08	13.5504	3.5762786865234375e-07	0.9999999999999923	True	
1d	lwt+ilwt_roundtrip	db21	constant	Large / Sensitive	pywt	2710.08	13.5504	3.5762786865234375e-07	0.9999999999999929	True	
1d	lwt+ilwt_roundtrip	db21	periodic	Large / Sensitive	pywt	2710.08	13.5504	3.5762786865234375e-07	0.9999999999999928	True	
1d	lwt+ilwt_roundtrip	db21	antisymmetric	Large / Sensitive	pywt	2710.08	13.5504	3.5762786865234375e-07	0.9999999999999925	True	
1d	lwt+ilwt_roundtrip	db21	smooth	Large / Sensitive	pywt	2710.08	13.5504	3.5762786865234375e-07	0.9999999999999921	True	
1d	lwt+ilwt_roundtrip	db21	reflect	Large / Sensitive	pywt	2710.08	13.5504	3.5762786865234375e-07	0.9999999999999921	True	
1d	lwt+ilwt_roundtrip	db21	antireflect	Large / Sensitive	pywt	2710.08	13.5504	3.5762786865234375e-07	0.9999999999999927	True	
1d	lwt+ilwt_roundtrip	db22	symmetric	Large / Sensitive	pywt	15693.6	78.468	3.5762786865234375e-07	0.9999999999999921	True	
1d	lwt+ilwt_roundtrip	db22	zero	Large / Sensitive	pywt	15693.6	78.468	3.5762786865234375e-07	0.9999999999999929	True	
1d	lwt+ilwt_roundtrip	db22	constant	Large / Sensitive	pywt	15693.6	78.468	3.5762786865234375e-07	0.9999999999999921	True	
1d	lwt+ilwt_roundtrip	db22	periodic	Large / Sensitive	pywt	15693.6	78.468	3.5762786865234375e-07	0.9999999999999923	True	
1d	lwt+ilwt_roundtrip	db22	antisymmetric	Large / Sensitive	pywt	15693.6	78.468	3.5762786865234375e-07	0.9999999999999923	True	
1d	lwt+ilwt_roundtrip	db22	smooth	Large / Sensitive	pywt	15693.6	78.468	3.5762786865234375e-07	0.9999999999999921	True	
1d	lwt+ilwt_roundtrip	db22	reflect	Large / Sensitive	pywt	15693.6	78.468	3.5762786865234375e-07	0.9999999999999927	True	
1d	lwt+ilwt_roundtrip	db22	antireflect	Large / Sensitive	pywt	15693.6	78.468	3.5762786865234375e-07	0.9999999999999925	True	
1d	lwt+ilwt_roundtrip	db23	symmetric	Large / Sensitive	pywt	1207.55	6.03775	4.172325134277344e-07	0.9999999999999925	True	
1d	lwt+ilwt_roundtrip	db23	zero	Large / Sensitive	pywt	1207.55	6.03775	4.172325134277344e-07	0.9999999999999921	True	
1d	lwt+ilwt_roundtrip	db23	constant	Large / Sensitive	pywt	1207.55	6.03775	4.172325134277344e-07	0.9999999999999918	True	
1d	lwt+ilwt_roundtrip	db23	periodic	Large / Sensitive	pywt	1207.55	6.03775	4.172325134277344e-07	0.9999999999999925	True	
1d	lwt+ilwt_roundtrip	db23	antisymmetric	Large / Sensitive	pywt	1207.55	6.03775	4.172325134277344e-07	0.999999999999992	True	
1d	lwt+ilwt_roundtrip	db23	smooth	Large / Sensitive	pywt	1207.55	6.03775	4.172325134277344e-07	0.999999999999992	True	
1d	lwt+ilwt_roundtrip	db23	reflect	Large / Sensitive	pywt	1207.55	6.03775	4.172325134277344e-07	0.9999999999999923	True	
1d	lwt+ilwt_roundtrip	db23	antireflect	Large / Sensitive	pywt	1207.55	6.03775	4.172325134277344e-07	0.9999999999999921	True	
1d	lwt+ilwt_roundtrip	db24	symmetric	Large / Sensitive	pywt	840.317	4.201585	2.980232238769531e-07	0.9999999999999931	True	
1d	lwt+ilwt_roundtrip	db24	zero	Large / Sensitive	pywt	840.317	4.201585	2.980232238769531e-07	0.9999999999999931	True	
1d	lwt+ilwt_roundtrip	db24	constant	Large / Sensitive	pywt	840.317	4.201585	2.980232238769531e-07	0.9999999999999929	True	
1d	lwt+ilwt_roundtrip	db24	periodic	Large / Sensitive	pywt	840.317	4.201585	2.980232238769531e-07	0.9999999999999934	True	
1d	lwt+ilwt_roundtrip	db24	antisymmetric	Large / Sensitive	pywt	840.317	4.201585	2.980232238769531e-07	0.9999999999999929	True	
1d	lwt+ilwt_roundtrip	db24	smooth	Large / Sensitive	pywt	840.317	4.201585	2.980232238769531e-07	0.9999999999999925	True	
1d	lwt+ilwt_roundtrip	db24	reflect	Large / Sensitive	pywt	840.317	4.201585	2.980232238769531e-07	0.9999999999999932	True	
1d	lwt+ilwt_roundtrip	db24	antireflect	Large / Sensitive	pywt	840.317	4.201585	2.980232238769531e-07	0.9999999999999927	True	
1d	lwt+ilwt_roundtrip	db25	symmetric	Large / Sensitive	pywt	6606.6	33.033	4.172325134277344e-07	0.9999999999999913	True	
1d	lwt+ilwt_roundtrip	db25	zero	Large / Sensitive	pywt	6606.6	33.033	4.172325134277344e-07	0.9999999999999916	True	
1d	lwt+ilwt_roundtrip	db25	constant	Large / Sensitive	pywt	6606.6	33.033	4.172325134277344e-07	0.9999999999999909	True	
1d	lwt+ilwt_roundtrip	db25	periodic	Large / Sensitive	pywt	6606.6	33.033	4.172325134277344e-07	0.9999999999999913	True	
1d	lwt+ilwt_roundtrip	db25	antisymmetric	Large / Sensitive	pywt	6606.6	33.033	4.172325134277344e-07	0.9999999999999917	True	
1d	lwt+ilwt_roundtrip	db25	smooth	Large / Sensitive	pywt	6606.6	33.033	4.172325134277344e-07	0.9999999999999909	True	
1d	lwt+ilwt_roundtrip	db25	reflect	Large / Sensitive	pywt	6606.6	33.033	4.172325134277344e-07	0.9999999999999913	True	
1d	lwt+ilwt_roundtrip	db25	antireflect	Large / Sensitive	pywt	6606.6	33.033	4.172325134277344e-07	0.9999999999999912	True	
1d	lwt+ilwt_roundtrip	db26	symmetric	Large / Sensitive	pywt	55897.7	279.4885	3.5762786865234375e-07	0.9999999999999912	True	
1d	lwt+ilwt_roundtrip	db26	zero	Large / Sensitive	pywt	55897.7	279.4885	3.5762786865234375e-07	0.999999999999991	True	
1d	lwt+ilwt_roundtrip	db26	constant	Large / Sensitive	pywt	55897.7	279.4885	3.5762786865234375e-07	0.9999999999999909	True	
1d	lwt+ilwt_roundtrip	db26	periodic	Large / Sensitive	pywt	55897.7	279.4885	3.5762786865234375e-07	0.9999999999999913	True	
1d	lwt+ilwt_roundtrip	db26	antisymmetric	Large / Sensitive	pywt	55897.7	279.4885	3.5762786865234375e-07	0.999999999999991	True	
1d	lwt+ilwt_roundtrip	db26	smooth	Large / Sensitive	pywt	55897.7	279.4885	3.5762786865234375e-07	0.9999999999999906	True	
1d	lwt+ilwt_roundtrip	db26	reflect	Large / Sensitive	pywt	55897.7	279.4885	3.5762786865234375e-07	0.9999999999999918	True	
1d	lwt+ilwt_roundtrip	db26	antireflect	Large / Sensitive	pywt	55897.7	279.4885	3.5762786865234375e-07	0.9999999999999909	True	
1d	lwt+ilwt_roundtrip	db27	symmetric	Large / Sensitive	pywt	285776	1428.88	4.172325134277344e-07	0.9999999999999908	True	
1d	lwt+ilwt_roundtrip	db27	zero	Large / Sensitive	pywt	285776	1428.88	4.172325134277344e-07	0.9999999999999905	True	
1d	lwt+ilwt_roundtrip	db27	constant	Large / Sensitive	pywt	285776	1428.88	4.172325134277344e-07	0.9999999999999902	True	
1d	lwt+ilwt_roundtrip	db27	periodic	Large / Sensitive	pywt	285776	1428.88	4.172325134277344e-07	0.9999999999999905	True	
1d	lwt+ilwt_roundtrip	db27	antisymmetric	Large / Sensitive	pywt	285776	1428.88	4.172325134277344e-07	0.9999999999999902	True	
1d	lwt+ilwt_roundtrip	db27	smooth	Large / Sensitive	pywt	285776	1428.88	4.172325134277344e-07	0.9999999999999908	True	
1d	lwt+ilwt_roundtrip	db27	reflect	Large / Sensitive	pywt	285776	1428.88	4.172325134277344e-07	0.9999999999999906	True	
1d	lwt+ilwt_roundtrip	db27	antireflect	Large / Sensitive	pywt	285776	1428.88	4.172325134277344e-07	0.9999999999999901	True	
1d	lwt+ilwt_roundtrip	db28	symmetric	Large / Sensitive	pywt	13871.4	69.357	3.5762786865234375e-07	0.9999999999999913	True	
1d	lwt+ilwt_roundtrip	db28	zero	Large / Sensitive	pywt	13871.4	69.357	3.5762786865234375e-07	0.9999999999999913	True	
1d	lwt+ilwt_roundtrip	db28	constant	Large / Sensitive	pywt	13871.4	69.357	3.5762786865234375e-07	0.999999999999991	True	
1d	lwt+ilwt_roundtrip	db28	periodic	Large / Sensitive	pywt	13871.4	69.357	3.5762786865234375e-07	0.9999999999999913	True	
1d	lwt+ilwt_roundtrip	db28	antisymmetric	Large / Sensitive	pywt	13871.4	69.357	3.5762786865234375e-07	0.9999999999999913	True	
1d	lwt+ilwt_roundtrip	db28	smooth	Large / Sensitive	pywt	13871.4	69.357	3.5762786865234375e-07	0.9999999999999906	True	
1d	lwt+ilwt_roundtrip	db28	reflect	Large / Sensitive	pywt	13871.4	69.357	3.5762786865234375e-07	0.9999999999999909	True	
1d	lwt+ilwt_roundtrip	db28	antireflect	Large / Sensitive	pywt	13871.4	69.357	3.5762786865234375e-07	0.9999999999999916	True	
1d	lwt+ilwt_roundtrip	db29	symmetric	Large / Sensitive	pywt	2022890.0	10114.45	4.172325134277344e-07	0.9999999999999908	True	
1d	lwt+ilwt_roundtrip	db29	zero	Large / Sensitive	pywt	2022890.0	10114.45	4.172325134277344e-07	0.999999999999991	True	
1d	lwt+ilwt_roundtrip	db29	constant	Large / Sensitive	pywt	2022890.0	10114.45	4.172325134277344e-07	0.9999999999999908	True	
1d	lwt+ilwt_roundtrip	db29	periodic	Large / Sensitive	pywt	2022890.0	10114.45	4.172325134277344e-07	0.9999999999999912	True	
1d	lwt+ilwt_roundtrip	db29	antisymmetric	Large / Sensitive	pywt	2022890.0	10114.45	4.172325134277344e-07	0.999999999999991	True	
1d	lwt+ilwt_roundtrip	db29	smooth	Large / Sensitive	pywt	2022890.0	10114.45	4.172325134277344e-07	0.9999999999999909	True	
1d	lwt+ilwt_roundtrip	db29	reflect	Large / Sensitive	pywt	2022890.0	10114.45	4.172325134277344e-07	0.9999999999999908	True	
1d	lwt+ilwt_roundtrip	db29	antireflect	Large / Sensitive	pywt	2022890.0	10114.45	4.172325134277344e-07	0.9999999999999908	True	
1d	lwt+ilwt_roundtrip	db3	symmetric	Compact	pywt	14.932	0.0014932	1.7881393432617188e-07	0.9999999999999982	True	
1d	lwt+ilwt_roundtrip	db3	zero	Compact	pywt	14.932	0.0014932	1.7881393432617188e-07	0.9999999999999977	True	
1d	lwt+ilwt_roundtrip	db3	constant	Compact	pywt	14.932	0.0014932	1.7881393432617188e-07	0.9999999999999981	True	
1d	lwt+ilwt_roundtrip	db3	periodic	Compact	pywt	14.932	0.0014932	1.7881393432617188e-07	0.9999999999999981	True	
1d	lwt+ilwt_roundtrip	db3	antisymmetric	Compact	pywt	14.932	0.0014932	1.7881393432617188e-07	0.9999999999999977	True	
1d	lwt+ilwt_roundtrip	db3	smooth	Compact	pywt	14.932	0.0014932	1.7881393432617188e-07	0.9999999999999981	True	
1d	lwt+ilwt_roundtrip	db3	reflect	Compact	pywt	14.932	0.0014932	1.7881393432617188e-07	0.999999999999998	True	
1d	lwt+ilwt_roundtrip	db3	antireflect	Compact	pywt	14.932	0.0014932	1.7881393432617188e-07	0.999999999999998	True	
1d	lwt+ilwt_roundtrip	db30	symmetric	Large / Sensitive	pywt	132646	663.23	3.5762786865234375e-07	0.9999999999999901	True	
1d	lwt+ilwt_roundtrip	db30	zero	Large / Sensitive	pywt	132646	663.23	3.5762786865234375e-07	0.9999999999999901	True	
1d	lwt+ilwt_roundtrip	db30	constant	Large / Sensitive	pywt	132646	663.23	3.5762786865234375e-07	0.9999999999999898	True	
1d	lwt+ilwt_roundtrip	db30	periodic	Large / Sensitive	pywt	132646	663.23	3.5762786865234375e-07	0.9999999999999906	True	
1d	lwt+ilwt_roundtrip	db30	antisymmetric	Large / Sensitive	pywt	132646	663.23	3.5762786865234375e-07	0.9999999999999902	True	
1d	lwt+ilwt_roundtrip	db30	smooth	Large / Sensitive	pywt	132646	663.23	3.5762786865234375e-07	0.9999999999999906	True	
1d	lwt+ilwt_roundtrip	db30	reflect	Large / Sensitive	pywt	132646	663.23	3.5762786865234375e-07	0.9999999999999908	True	
1d	lwt+ilwt_roundtrip	db30	antireflect	Large / Sensitive	pywt	132646	663.23	3.5762786865234375e-07	0.9999999999999902	True	
1d	lwt+ilwt_roundtrip	db31	symmetric	Large / Sensitive	pywt	57852.8	289.264	4.172325134277344e-07	0.9999999999999909	True	
1d	lwt+ilwt_roundtrip	db31	zero	Large / Sensitive	pywt	57852.8	289.264	4.172325134277344e-07	0.9999999999999901	True	
1d	lwt+ilwt_roundtrip	db31	constant	Large / Sensitive	pywt	57852.8	289.264	4.172325134277344e-07	0.9999999999999909	True	
1d	lwt+ilwt_roundtrip	db31	periodic	Large / Sensitive	pywt	57852.8	289.264	4.172325134277344e-07	0.9999999999999906	True	
1d	lwt+ilwt_roundtrip	db31	antisymmetric	Large / Sensitive	pywt	57852.8	289.264	4.172325134277344e-07	0.9999999999999908	True	
1d	lwt+ilwt_roundtrip	db31	smooth	Large / Sensitive	pywt	57852.8	289.264	4.172325134277344e-07	0.9999999999999909	True	
1d	lwt+ilwt_roundtrip	db31	reflect	Large / Sensitive	pywt	57852.8	289.264	4.172325134277344e-07	0.999999999999991	True	
1d	lwt+ilwt_roundtrip	db31	antireflect	Large / Sensitive	pywt	57852.8	289.264	4.172325134277344e-07	0.9999999999999909	True	
1d	lwt+ilwt_roundtrip	db32	symmetric	Large / Sensitive	pywt	2473.4	12.367	4.76837158203125e-07	0.9999999999999898	True	
1d	lwt+ilwt_roundtrip	db32	zero	Large / Sensitive	pywt	2473.4	12.367	4.76837158203125e-07	0.9999999999999897	True	
1d	lwt+ilwt_roundtrip	db32	constant	Large / Sensitive	pywt	2473.4	12.367	4.76837158203125e-07	0.9999999999999898	True	
1d	lwt+ilwt_roundtrip	db32	periodic	Large / Sensitive	pywt	2473.4	12.367	4.76837158203125e-07	0.9999999999999897	True	
1d	lwt+ilwt_roundtrip	db32	antisymmetric	Large / Sensitive	pywt	2473.4	12.367	4.76837158203125e-07	0.9999999999999895	True	
1d	lwt+ilwt_roundtrip	db32	smooth	Large / Sensitive	pywt	2473.4	12.367	4.76837158203125e-07	0.9999999999999898	True	
1d	lwt+ilwt_roundtrip	db32	reflect	Large / Sensitive	pywt	2473.4	12.367	4.76837158203125e-07	0.9999999999999895	True	
1d	lwt+ilwt_roundtrip	db32	antireflect	Large / Sensitive	pywt	2473.4	12.367	4.76837158203125e-07	0.9999999999999897	True	
1d	lwt+ilwt_roundtrip	db33	symmetric	Large / Sensitive	pywt	9281420.0	46407.1	4.172325134277344e-07	0.9999999999999897	True	
1d	lwt+ilwt_roundtrip	db33	zero	Large / Sensitive	pywt	9281420.0	46407.1	4.172325134277344e-07	0.9999999999999899	True	
1d	lwt+ilwt_roundtrip	db33	constant	Large / Sensitive	pywt	9281420.0	46407.1	4.172325134277344e-07	0.9999999999999898	True	
1d	lwt+ilwt_roundtrip	db33	periodic	Large / Sensitive	pywt	9281420.0	46407.1	4.172325134277344e-07	0.9999999999999899	True	
1d	lwt+ilwt_roundtrip	db33	antisymmetric	Large / Sensitive	pywt	9281420.0	46407.1	4.172325134277344e-07	0.9999999999999901	True	
1d	lwt+ilwt_roundtrip	db33	smooth	Large / Sensitive	pywt	9281420.0	46407.1	4.172325134277344e-07	0.9999999999999897	True	
1d	lwt+ilwt_roundtrip	db33	reflect	Large / Sensitive	pywt	9281420.0	46407.1	4.172325134277344e-07	0.9999999999999898	True	
1d	lwt+ilwt_roundtrip	db33	antireflect	Large / Sensitive	pywt	9281420.0	46407.1	4.172325134277344e-07	0.9999999999999897	True	
1d	lwt+ilwt_roundtrip	db34	symmetric	Large / Sensitive	pywt	2249600.0	11248.0	4.172325134277344e-07	0.9999999999999901	True	
1d	lwt+ilwt_roundtrip	db34	zero	Large / Sensitive	pywt	2249600.0	11248.0	4.172325134277344e-07	0.9999999999999902	True	
1d	lwt+ilwt_roundtrip	db34	constant	Large / Sensitive	pywt	2249600.0	11248.0	4.172325134277344e-07	0.9999999999999905	True	
1d	lwt+ilwt_roundtrip	db34	periodic	Large / Sensitive	pywt	2249600.0	11248.0	4.172325134277344e-07	0.9999999999999908	True	
1d	lwt+ilwt_roundtrip	db34	antisymmetric	Large / Sensitive	pywt	2249600.0	11248.0	4.172325134277344e-07	0.9999999999999908	True	
1d	lwt+ilwt_roundtrip	db34	smooth	Large / Sensitive	pywt	2249600.0	11248.0	4.172325134277344e-07	0.9999999999999898	True	
1d	lwt+ilwt_roundtrip	db34	reflect	Large / Sensitive	pywt	2249600.0	11248.0	4.172325134277344e-07	0.9999999999999902	True	
1d	lwt+ilwt_roundtrip	db34	antireflect	Large / Sensitive	pywt	2249600.0	11248.0	4.172325134277344e-07	0.9999999999999902	True	
1d	lwt+ilwt_roundtrip	db35	symmetric	Large / Sensitive	pywt	7971560.0	39857.8	4.76837158203125e-07	0.9999999999999898	True	
1d	lwt+ilwt_roundtrip	db35	zero	Large / Sensitive	pywt	7971560.0	39857.8	4.76837158203125e-07	0.9999999999999897	True	
1d	lwt+ilwt_roundtrip	db35	constant	Large / Sensitive	pywt	7971560.0	39857.8	4.76837158203125e-07	0.9999999999999905	True	
1d	lwt+ilwt_roundtrip	db35	periodic	Large / Sensitive	pywt	7971560.0	39857.8	4.76837158203125e-07	0.9999999999999897	True	
1d	lwt+ilwt_roundtrip	db35	antisymmetric	Large / Sensitive	pywt	7971560.0	39857.8	4.76837158203125e-07	0.9999999999999901	True	
1d	lwt+ilwt_roundtrip	db35	smooth	Large / Sensitive	pywt	7971560.0	39857.8	4.76837158203125e-07	0.9999999999999899	True	
1d	lwt+ilwt_roundtrip	db35	reflect	Large / Sensitive	pywt	7971560.0	39857.8	4.76837158203125e-07	0.9999999999999895	True	
1d	lwt+ilwt_roundtrip	db35	antireflect	Large / Sensitive	pywt	7971560.0	39857.8	4.76837158203125e-07	0.9999999999999898	True	
1d	lwt+ilwt_roundtrip	db36	symmetric	Large / Sensitive	pywt	54462.6	272.313	4.172325134277344e-07	0.999999999999989	True	
1d	lwt+ilwt_roundtrip	db36	zero	Large / Sensitive	pywt	54462.6	272.313	4.172325134277344e-07	0.9999999999999891	True	
1d	lwt+ilwt_roundtrip	db36	constant	Large / Sensitive	pywt	54462.6	272.313	4.172325134277344e-07	0.9999999999999891	True	
1d	lwt+ilwt_roundtrip	db36	periodic	Large / Sensitive	pywt	54462.6	272.313	4.172325134277344e-07	0.9999999999999891	True	
1d	lwt+ilwt_roundtrip	db36	antisymmetric	Large / Sensitive	pywt	54462.6	272.313	4.172325134277344e-07	0.9999999999999893	True	
1d	lwt+ilwt_roundtrip	db36	smooth	Large / Sensitive	pywt	54462.6	272.313	4.172325134277344e-07	0.9999999999999893	True	
1d	lwt+ilwt_roundtrip	db36	reflect	Large / Sensitive	pywt	54462.6	272.313	4.172325134277344e-07	0.9999999999999893	True	
1d	lwt+ilwt_roundtrip	db36	antireflect	Large / Sensitive	pywt	54462.6	272.313	4.172325134277344e-07	0.9999999999999891	True	
1d	lwt+ilwt_roundtrip	db37	symmetric	Large / Sensitive	pywt	25551700.0	127758.5	4.172325134277344e-07	0.9999999999999895	True	
1d	lwt+ilwt_roundtrip	db37	zero	Large / Sensitive	pywt	25551700.0	127758.5	4.172325134277344e-07	0.9999999999999895	True	
1d	lwt+ilwt_roundtrip	db37	constant	Large / Sensitive	pywt	25551700.0	127758.5	4.172325134277344e-07	0.9999999999999897	True	
1d	lwt+ilwt_roundtrip	db37	periodic	Large / Sensitive	pywt	25551700.0	127758.5	4.172325134277344e-07	0.999999999999989	True	
1d	lwt+ilwt_roundtrip	db37	antisymmetric	Large / Sensitive	pywt	25551700.0	127758.5	4.172325134277344e-07	0.999999999999989	True	
1d	lwt+ilwt_roundtrip	db37	smooth	Large / Sensitive	pywt	25551700.0	127758.5	4.172325134277344e-07	0.9999999999999893	True	
1d	lwt+ilwt_roundtrip	db37	reflect	Large / Sensitive	pywt	25551700.0	127758.5	4.172325134277344e-07	0.999999999999989	True	
1d	lwt+ilwt_roundtrip	db37	antireflect	Large / Sensitive	pywt	25551700.0	127758.5	4.172325134277344e-07	0.9999999999999895	True	
1d	lwt+ilwt_roundtrip	db38	symmetric	Large / Sensitive	pywt	170662	853.3100000000001	4.76837158203125e-07	0.999999999999989	True	
1d	lwt+ilwt_roundtrip	db38	zero	Large / Sensitive	pywt	170662	853.3100000000001	4.76837158203125e-07	0.9999999999999889	True	
1d	lwt+ilwt_roundtrip	db38	constant	Large / Sensitive	pywt	170662	853.3100000000001	4.76837158203125e-07	0.9999999999999889	True	
1d	lwt+ilwt_roundtrip	db38	periodic	Large / Sensitive	pywt	170662	853.3100000000001	4.76837158203125e-07	0.9999999999999887	True	
1d	lwt+ilwt_roundtrip	db38	antisymmetric	Large / Sensitive	pywt	170662	853.3100000000001	4.76837158203125e-07	0.9999999999999887	True	
1d	lwt+ilwt_roundtrip	db38	smooth	Large / Sensitive	pywt	170662	853.3100000000001	4.76837158203125e-07	0.9999999999999891	True	
1d	lwt+ilwt_roundtrip	db38	reflect	Large / Sensitive	pywt	170662	853.3100000000001	4.76837158203125e-07	0.9999999999999889	True	
1d	lwt+ilwt_roundtrip	db38	antireflect	Large / Sensitive	pywt	170662	853.3100000000001	4.76837158203125e-07	0.9999999999999887	True	
1d	lwt+ilwt_roundtrip	db4	symmetric	Compact	pywt	2.63378	0.000263378	1.7881393432617188e-07	0.9999999999999972	True	
1d	lwt+ilwt_roundtrip	db4	zero	Compact	pywt	2.63378	0.000263378	1.7881393432617188e-07	0.9999999999999972	True	
1d	lwt+ilwt_roundtrip	db4	constant	Compact	pywt	2.63378	0.000263378	1.7881393432617188e-07	0.9999999999999974	True	
1d	lwt+ilwt_roundtrip	db4	periodic	Compact	pywt	2.63378	0.000263378	1.7881393432617188e-07	0.9999999999999973	True	
1d	lwt+ilwt_roundtrip	db4	antisymmetric	Compact	pywt	2.63378	0.000263378	1.7881393432617188e-07	0.9999999999999972	True	
1d	lwt+ilwt_roundtrip	db4	smooth	Compact	pywt	2.63378	0.000263378	1.7881393432617188e-07	0.9999999999999973	True	
1d	lwt+ilwt_roundtrip	db4	reflect	Compact	pywt	2.63378	0.000263378	1.7881393432617188e-07	0.9999999999999973	True	
1d	lwt+ilwt_roundtrip	db4	antireflect	Compact	pywt	2.63378	0.000263378	1.7881393432617188e-07	0.999999999999997	True	
1d	lwt+ilwt_roundtrip	db5	symmetric	Compact	pywt	46.0839	0.00460839	2.980232238769531e-07	0.999999999999997	True	
1d	lwt+ilwt_roundtrip	db5	zero	Compact	pywt	46.0839	0.00460839	2.980232238769531e-07	0.9999999999999969	True	
1d	lwt+ilwt_roundtrip	db5	constant	Compact	pywt	46.0839	0.00460839	2.980232238769531e-07	0.999999999999997	True	
1d	lwt+ilwt_roundtrip	db5	periodic	Compact	pywt	46.0839	0.00460839	2.980232238769531e-07	0.9999999999999963	True	
1d	lwt+ilwt_roundtrip	db5	antisymmetric	Compact	pywt	46.0839	0.00460839	2.980232238769531e-07	0.9999999999999966	True	
1d	lwt+ilwt_roundtrip	db5	smooth	Compact	pywt	46.0839	0.00460839	2.980232238769531e-07	0.999999999999997	True	
1d	lwt+ilwt_roundtrip	db5	reflect	Compact	pywt	46.0839	0.00460839	2.980232238769531e-07	0.9999999999999966	True	
1d	lwt+ilwt_roundtrip	db5	antireflect	Compact	pywt	46.0839	0.00460839	2.980232238769531e-07	0.999999999999997	True	
1d	lwt+ilwt_roundtrip	db6	symmetric	Compact	pywt	5.42251	0.000542251	2.384185791015625e-07	0.9999999999999969	True	
1d	lwt+ilwt_roundtrip	db6	zero	Compact	pywt	5.42251	0.000542251	2.384185791015625e-07	0.9999999999999966	True	
1d	lwt+ilwt_roundtrip	db6	constant	Compact	pywt	5.42251	0.000542251	2.384185791015625e-07	0.9999999999999962	True	
1d	lwt+ilwt_roundtrip	db6	periodic	Compact	pywt	5.42251	0.000542251	2.384185791015625e-07	0.9999999999999966	True	
1d	lwt+ilwt_roundtrip	db6	antisymmetric	Compact	pywt	5.42251	0.000542251	2.384185791015625e-07	0.9999999999999969	True	
1d	lwt+ilwt_roundtrip	db6	smooth	Compact	pywt	5.42251	0.000542251	2.384185791015625e-07	0.9999999999999969	True	
1d	lwt+ilwt_roundtrip	db6	reflect	Compact	pywt	5.42251	0.000542251	2.384185791015625e-07	0.9999999999999967	True	
1d	lwt+ilwt_roundtrip	db6	antireflect	Compact	pywt	5.42251	0.000542251	2.384185791015625e-07	0.9999999999999966	True	
1d	lwt+ilwt_roundtrip	db7	symmetric	Large / Sensitive	pywt	143.003	0.715015	2.980232238769531e-07	0.9999999999999954	True	
1d	lwt+ilwt_roundtrip	db7	zero	Large / Sensitive	pywt	143.003	0.715015	2.980232238769531e-07	0.9999999999999961	True	
1d	lwt+ilwt_roundtrip	db7	constant	Large / Sensitive	pywt	143.003	0.715015	2.980232238769531e-07	0.9999999999999956	True	
1d	lwt+ilwt_roundtrip	db7	periodic	Large / Sensitive	pywt	143.003	0.715015	2.980232238769531e-07	0.9999999999999958	True	
1d	lwt+ilwt_roundtrip	db7	antisymmetric	Large / Sensitive	pywt	143.003	0.715015	2.980232238769531e-07	0.9999999999999961	True	
1d	lwt+ilwt_roundtrip	db7	smooth	Large / Sensitive	pywt	143.003	0.715015	2.980232238769531e-07	0.9999999999999959	True	
1d	lwt+ilwt_roundtrip	db7	reflect	Large / Sensitive	pywt	143.003	0.715015	2.980232238769531e-07	0.9999999999999959	True	
1d	lwt+ilwt_roundtrip	db7	antireflect	Large / Sensitive	pywt	143.003	0.715015	2.980232238769531e-07	0.9999999999999962	True	
1d	lwt+ilwt_roundtrip	db8	symmetric	Large / Sensitive	pywt	10.8886	0.054443000000000005	3.5762786865234375e-07	0.9999999999999959	True	
1d	lwt+ilwt_roundtrip	db8	zero	Large / Sensitive	pywt	10.8886	0.054443000000000005	3.5762786865234375e-07	0.9999999999999962	True	
1d	lwt+ilwt_roundtrip	db8	constant	Large / Sensitive	pywt	10.8886	0.054443000000000005	3.5762786865234375e-07	0.9999999999999961	True	
1d	lwt+ilwt_roundtrip	db8	periodic	Large / Sensitive	pywt	10.8886	0.054443000000000005	3.5762786865234375e-07	0.9999999999999956	True	
1d	lwt+ilwt_roundtrip	db8	antisymmetric	Large / Sensitive	pywt	10.8886	0.054443000000000005	3.5762786865234375e-07	0.9999999999999959	True	
1d	lwt+ilwt_roundtrip	db8	smooth	Large / Sensitive	pywt	10.8886	0.054443000000000005	3.5762786865234375e-07	0.9999999999999959	True	
1d	lwt+ilwt_roundtrip	db8	reflect	Large / Sensitive	pywt	10.8886	0.054443000000000005	3.5762786865234375e-07	0.9999999999999958	True	
1d	lwt+ilwt_roundtrip	db8	antireflect	Large / Sensitive	pywt	10.8886	0.054443000000000005	3.5762786865234375e-07	0.9999999999999959	True	
1d	lwt+ilwt_roundtrip	db9	symmetric	Medium	pywt	398.18	0.39818000000000003	2.980232238769531e-07	0.9999999999999958	True	
1d	lwt+ilwt_roundtrip	db9	zero	Medium	pywt	398.18	0.39818000000000003	2.980232238769531e-07	0.9999999999999953	True	
1d	lwt+ilwt_roundtrip	db9	constant	Medium	pywt	398.18	0.39818000000000003	2.980232238769531e-07	0.9999999999999954	True	
1d	lwt+ilwt_roundtrip	db9	periodic	Medium	pywt	398.18	0.39818000000000003	2.980232238769531e-07	0.9999999999999953	True	
1d	lwt+ilwt_roundtrip	db9	antisymmetric	Medium	pywt	398.18	0.39818000000000003	2.980232238769531e-07	0.9999999999999958	True	
1d	lwt+ilwt_roundtrip	db9	smooth	Medium	pywt	398.18	0.39818000000000003	2.980232238769531e-07	0.9999999999999953	True	
1d	lwt+ilwt_roundtrip	db9	reflect	Medium	pywt	398.18	0.39818000000000003	2.980232238769531e-07	0.9999999999999954	True	
1d	lwt+ilwt_roundtrip	db9	antireflect	Medium	pywt	398.18	0.39818000000000003	2.980232238769531e-07	0.9999999999999954	True	
1d	lwt+ilwt_roundtrip	dmey	symmetric	Large / Sensitive	pywt	28.028	0.14014	0.0010105425026267767	0.9999999885878338	True	
1d	lwt+ilwt_roundtrip	dmey	zero	Large / Sensitive	pywt	28.028	0.14014	0.0005206635687500238	0.9999999968737762	True	
1d	lwt+ilwt_roundtrip	dmey	constant	Large / Sensitive	pywt	28.028	0.14014	0.0005206635687500238	0.9999999968737485	True	
1d	lwt+ilwt_roundtrip	dmey	periodic	Large / Sensitive	pywt	28.028	0.14014	0.0002557039260864258	0.999999999964964	True	
1d	lwt+ilwt_roundtrip	dmey	antisymmetric	Large / Sensitive	pywt	28.028	0.14014	0.0002557039260864258	0.9999999999649515	True	
1d	lwt+ilwt_roundtrip	dmey	smooth	Large / Sensitive	pywt	28.028	0.14014	0.0002557039260864258	0.9999999999977515	True	
1d	lwt+ilwt_roundtrip	dmey	reflect	Large / Sensitive	pywt	28.028	0.14014	0.0010413344065227648	0.9999999874954169	True	
1d	lwt+ilwt_roundtrip	dmey	antireflect	Large / Sensitive	pywt	28.028	0.14014	0.0002557039260864258	0.9999999999999868	True	
1d	lwt+ilwt_roundtrip	haar	symmetric	Compact	pywt	1.41421	0.000141421	1.1920928955078125e-07	0.9999999999999986	True	
1d	lwt+ilwt_roundtrip	haar	zero	Compact	pywt	1.41421	0.000141421	1.1920928955078125e-07	0.9999999999999986	True	
1d	lwt+ilwt_roundtrip	haar	constant	Compact	pywt	1.41421	0.000141421	1.1920928955078125e-07	0.9999999999999986	True	
1d	lwt+ilwt_roundtrip	haar	periodic	Compact	pywt	1.41421	0.000141421	1.1920928955078125e-07	0.9999999999999986	True	
1d	lwt+ilwt_roundtrip	haar	antisymmetric	Compact	pywt	1.41421	0.000141421	1.1920928955078125e-07	0.9999999999999986	True	
1d	lwt+ilwt_roundtrip	haar	smooth	Compact	pywt	1.41421	0.000141421	1.1920928955078125e-07	0.9999999999999986	True	
1d	lwt+ilwt_roundtrip	haar	reflect	Compact	pywt	1.41421	0.000141421	1.1920928955078125e-07	0.9999999999999986	True	
1d	lwt+ilwt_roundtrip	haar	antireflect	Compact	pywt	1.41421	0.000141421	1.1920928955078125e-07	0.9999999999999986	True	
1d	lwt+ilwt_roundtrip	rbio1.1	symmetric	Compact	pywt	1.41421	0.000141421	1.1920928955078125e-07	0.9999999999999986	True	
1d	lwt+ilwt_roundtrip	rbio1.1	zero	Compact	pywt	1.41421	0.000141421	1.1920928955078125e-07	0.9999999999999986	True	
1d	lwt+ilwt_roundtrip	rbio1.1	constant	Compact	pywt	1.41421	0.000141421	1.1920928955078125e-07	0.9999999999999986	True	
1d	lwt+ilwt_roundtrip	rbio1.1	periodic	Compact	pywt	1.41421	0.000141421	1.1920928955078125e-07	0.9999999999999986	True	
1d	lwt+ilwt_roundtrip	rbio1.1	antisymmetric	Compact	pywt	1.41421	0.000141421	1.1920928955078125e-07	0.9999999999999986	True	
1d	lwt+ilwt_roundtrip	rbio1.1	smooth	Compact	pywt	1.41421	0.000141421	1.1920928955078125e-07	0.9999999999999986	True	
1d	lwt+ilwt_roundtrip	rbio1.1	reflect	Compact	pywt	1.41421	0.000141421	1.1920928955078125e-07	0.9999999999999986	True	
1d	lwt+ilwt_roundtrip	rbio1.1	antireflect	Compact	pywt	1.41421	0.000141421	1.1920928955078125e-07	0.9999999999999986	True	
1d	lwt+ilwt_roundtrip	rbio1.3	symmetric	Compact	pywt	1.41421	0.000141421	1.7881393432617188e-07	0.9999999999999978	True	
1d	lwt+ilwt_roundtrip	rbio1.3	zero	Compact	pywt	1.41421	0.000141421	1.7881393432617188e-07	0.9999999999999978	True	
1d	lwt+ilwt_roundtrip	rbio1.3	constant	Compact	pywt	1.41421	0.000141421	1.7881393432617188e-07	0.9999999999999978	True	
1d	lwt+ilwt_roundtrip	rbio1.3	periodic	Compact	pywt	1.41421	0.000141421	1.7881393432617188e-07	0.9999999999999977	True	
1d	lwt+ilwt_roundtrip	rbio1.3	antisymmetric	Compact	pywt	1.41421	0.000141421	1.7881393432617188e-07	0.9999999999999982	True	
1d	lwt+ilwt_roundtrip	rbio1.3	smooth	Compact	pywt	1.41421	0.000141421	1.7881393432617188e-07	0.9999999999999978	True	
1d	lwt+ilwt_roundtrip	rbio1.3	reflect	Compact	pywt	1.41421	0.000141421	1.7881393432617188e-07	0.999999999999998	True	
1d	lwt+ilwt_roundtrip	rbio1.3	antireflect	Compact	pywt	1.41421	0.000141421	1.7881393432617188e-07	0.9999999999999981	True	
1d	lwt+ilwt_roundtrip	rbio1.5	symmetric	Compact	pywt	1.41421	0.000141421	1.7881393432617188e-07	0.999999999999998	True	
1d	lwt+ilwt_roundtrip	rbio1.5	zero	Compact	pywt	1.41421	0.000141421	1.7881393432617188e-07	0.9999999999999977	True	
1d	lwt+ilwt_roundtrip	rbio1.5	constant	Compact	pywt	1.41421	0.000141421	1.7881393432617188e-07	0.9999999999999977	True	
1d	lwt+ilwt_roundtrip	rbio1.5	periodic	Compact	pywt	1.41421	0.000141421	1.7881393432617188e-07	0.9999999999999974	True	
1d	lwt+ilwt_roundtrip	rbio1.5	antisymmetric	Compact	pywt	1.41421	0.000141421	1.7881393432617188e-07	0.9999999999999977	True	
1d	lwt+ilwt_roundtrip	rbio1.5	smooth	Compact	pywt	1.41421	0.000141421	1.7881393432617188e-07	0.999999999999998	True	
1d	lwt+ilwt_roundtrip	rbio1.5	reflect	Compact	pywt	1.41421	0.000141421	1.7881393432617188e-07	0.9999999999999973	True	
1d	lwt+ilwt_roundtrip	rbio1.5	antireflect	Compact	pywt	1.41421	0.000141421	1.7881393432617188e-07	0.9999999999999977	True	
1d	lwt+ilwt_roundtrip	rbio2.2	symmetric	Compact	pywt	1.41421	0.000141421	2.384185791015625e-07	0.999999999999997	True	
1d	lwt+ilwt_roundtrip	rbio2.2	zero	Compact	pywt	1.41421	0.000141421	2.384185791015625e-07	0.9999999999999973	True	
1d	lwt+ilwt_roundtrip	rbio2.2	constant	Compact	pywt	1.41421	0.000141421	2.384185791015625e-07	0.9999999999999973	True	
1d	lwt+ilwt_roundtrip	rbio2.2	periodic	Compact	pywt	1.41421	0.000141421	2.384185791015625e-07	0.9999999999999978	True	
1d	lwt+ilwt_roundtrip	rbio2.2	antisymmetric	Compact	pywt	1.41421	0.000141421	2.384185791015625e-07	0.9999999999999973	True	
1d	lwt+ilwt_roundtrip	rbio2.2	smooth	Compact	pywt	1.41421	0.000141421	2.384185791015625e-07	0.9999999999999978	True	
1d	lwt+ilwt_roundtrip	rbio2.2	reflect	Compact	pywt	1.41421	0.000141421	2.384185791015625e-07	0.9999999999999974	True	
1d	lwt+ilwt_roundtrip	rbio2.2	antireflect	Compact	pywt	1.41421	0.000141421	2.384185791015625e-07	0.999999999999997	True	
1d	lwt+ilwt_roundtrip	rbio2.4	symmetric	Compact	pywt	1.41421	0.000141421	2.384185791015625e-07	0.9999999999999963	True	
1d	lwt+ilwt_roundtrip	rbio2.4	zero	Compact	pywt	1.41421	0.000141421	2.384185791015625e-07	0.9999999999999969	True	
1d	lwt+ilwt_roundtrip	rbio2.4	constant	Compact	pywt	1.41421	0.000141421	2.384185791015625e-07	0.9999999999999969	True	
1d	lwt+ilwt_roundtrip	rbio2.4	periodic	Compact	pywt	1.41421	0.000141421	2.384185791015625e-07	0.9999999999999974	True	
1d	lwt+ilwt_roundtrip	rbio2.4	antisymmetric	Compact	pywt	1.41421	0.000141421	2.384185791015625e-07	0.999999999999997	True	
1d	lwt+ilwt_roundtrip	rbio2.4	smooth	Compact	pywt	1.41421	0.000141421	2.384185791015625e-07	0.9999999999999972	True	
1d	lwt+ilwt_roundtrip	rbio2.4	reflect	Compact	pywt	1.41421	0.000141421	2.384185791015625e-07	0.9999999999999972	True	
1d	lwt+ilwt_roundtrip	rbio2.4	antireflect	Compact	pywt	1.41421	0.000141421	2.384185791015625e-07	0.9999999999999972	True	
1d	lwt+ilwt_roundtrip	rbio2.6	symmetric	Large / Sensitive	pywt	1.41421	0.00707105	2.384185791015625e-07	0.9999999999999966	True	
1d	lwt+ilwt_roundtrip	rbio2.6	zero	Large / Sensitive	pywt	1.41421	0.00707105	2.384185791015625e-07	0.9999999999999972	True	
1d	lwt+ilwt_roundtrip	rbio2.6	constant	Large / Sensitive	pywt	1.41421	0.00707105	2.384185791015625e-07	0.9999999999999969	True	
1d	lwt+ilwt_roundtrip	rbio2.6	periodic	Large / Sensitive	pywt	1.41421	0.00707105	2.384185791015625e-07	0.9999999999999972	True	
1d	lwt+ilwt_roundtrip	rbio2.6	antisymmetric	Large / Sensitive	pywt	1.41421	0.00707105	2.384185791015625e-07	0.9999999999999967	True	
1d	lwt+ilwt_roundtrip	rbio2.6	smooth	Large / Sensitive	pywt	1.41421	0.00707105	2.384185791015625e-07	0.9999999999999972	True	
1d	lwt+ilwt_roundtrip	rbio2.6	reflect	Large / Sensitive	pywt	1.41421	0.00707105	2.384185791015625e-07	0.9999999999999969	True	
1d	lwt+ilwt_roundtrip	rbio2.6	antireflect	Large / Sensitive	pywt	1.41421	0.00707105	2.384185791015625e-07	0.9999999999999973	True	
1d	lwt+ilwt_roundtrip	rbio2.8	symmetric	Large / Sensitive	pywt	1.41421	0.00707105	2.980232238769531e-07	0.9999999999999966	True	
1d	lwt+ilwt_roundtrip	rbio2.8	zero	Large / Sensitive	pywt	1.41421	0.00707105	2.980232238769531e-07	0.9999999999999966	True	
1d	lwt+ilwt_roundtrip	rbio2.8	constant	Large / Sensitive	pywt	1.41421	0.00707105	2.980232238769531e-07	0.9999999999999969	True	
1d	lwt+ilwt_roundtrip	rbio2.8	periodic	Large / Sensitive	pywt	1.41421	0.00707105	2.980232238769531e-07	0.999999999999997	True	
1d	lwt+ilwt_roundtrip	rbio2.8	antisymmetric	Large / Sensitive	pywt	1.41421	0.00707105	2.980232238769531e-07	0.9999999999999966	True	
1d	lwt+ilwt_roundtrip	rbio2.8	smooth	Large / Sensitive	pywt	1.41421	0.00707105	2.980232238769531e-07	0.9999999999999962	True	
1d	lwt+ilwt_roundtrip	rbio2.8	reflect	Large / Sensitive	pywt	1.41421	0.00707105	2.980232238769531e-07	0.9999999999999959	True	
1d	lwt+ilwt_roundtrip	rbio2.8	antireflect	Large / Sensitive	pywt	1.41421	0.00707105	2.980232238769531e-07	0.9999999999999969	True	
1d	lwt+ilwt_roundtrip	rbio3.1	symmetric	Compact	pywt	2.12132	0.000212132	2.980232238769531e-07	0.9999999999999954	True	
1d	lwt+ilwt_roundtrip	rbio3.1	zero	Compact	pywt	2.12132	0.000212132	2.980232238769531e-07	0.9999999999999962	True	
1d	lwt+ilwt_roundtrip	rbio3.1	constant	Compact	pywt	2.12132	0.000212132	2.980232238769531e-07	0.9999999999999961	True	
1d	lwt+ilwt_roundtrip	rbio3.1	periodic	Compact	pywt	2.12132	0.000212132	2.980232238769531e-07	0.9999999999999961	True	
1d	lwt+ilwt_roundtrip	rbio3.1	antisymmetric	Compact	pywt	2.12132	0.000212132	2.980232238769531e-07	0.9999999999999961	True	
1d	lwt+ilwt_roundtrip	rbio3.1	smooth	Compact	pywt	2.12132	0.000212132	2.980232238769531e-07	0.9999999999999958	True	
1d	lwt+ilwt_roundtrip	rbio3.1	reflect	Compact	pywt	2.12132	0.000212132	2.980232238769531e-07	0.9999999999999961	True	
1d	lwt+ilwt_roundtrip	rbio3.1	antireflect	Compact	pywt	2.12132	0.000212132	2.980232238769531e-07	0.9999999999999954	True	
1d	lwt+ilwt_roundtrip	rbio3.3	symmetric	Compact	pywt	2.12132	0.000212132	2.980232238769531e-07	0.9999999999999958	True	
1d	lwt+ilwt_roundtrip	rbio3.3	zero	Compact	pywt	2.12132	0.000212132	2.980232238769531e-07	0.9999999999999954	True	
1d	lwt+ilwt_roundtrip	rbio3.3	constant	Compact	pywt	2.12132	0.000212132	2.980232238769531e-07	0.9999999999999961	True	
1d	lwt+ilwt_roundtrip	rbio3.3	periodic	Compact	pywt	2.12132	0.000212132	2.980232238769531e-07	0.9999999999999959	True	
1d	lwt+ilwt_roundtrip	rbio3.3	antisymmetric	Compact	pywt	2.12132	0.000212132	2.980232238769531e-07	0.9999999999999953	True	
1d	lwt+ilwt_roundtrip	rbio3.3	smooth	Compact	pywt	2.12132	0.000212132	2.980232238769531e-07	0.9999999999999962	True	
1d	lwt+ilwt_roundtrip	rbio3.3	reflect	Compact	pywt	2.12132	0.000212132	2.980232238769531e-07	0.9999999999999956	True	
1d	lwt+ilwt_roundtrip	rbio3.3	antireflect	Compact	pywt	2.12132	0.000212132	2.980232238769531e-07	0.9999999999999953	True	
1d	lwt+ilwt_roundtrip	rbio3.5	symmetric	Compact	pywt	2.12132	0.000212132	2.980232238769531e-07	0.9999999999999959	True	
1d	lwt+ilwt_roundtrip	rbio3.5	zero	Compact	pywt	2.12132	0.000212132	2.980232238769531e-07	0.9999999999999956	True	
1d	lwt+ilwt_roundtrip	rbio3.5	constant	Compact	pywt	2.12132	0.000212132	2.980232238769531e-07	0.9999999999999961	True	
1d	lwt+ilwt_roundtrip	rbio3.5	periodic	Compact	pywt	2.12132	0.000212132	2.980232238769531e-07	0.9999999999999961	True	
1d	lwt+ilwt_roundtrip	rbio3.5	antisymmetric	Compact	pywt	2.12132	0.000212132	2.980232238769531e-07	0.9999999999999958	True	
1d	lwt+ilwt_roundtrip	rbio3.5	smooth	Compact	pywt	2.12132	0.000212132	2.980232238769531e-07	0.9999999999999961	True	
1d	lwt+ilwt_roundtrip	rbio3.5	reflect	Compact	pywt	2.12132	0.000212132	2.980232238769531e-07	0.9999999999999958	True	
1d	lwt+ilwt_roundtrip	rbio3.5	antireflect	Compact	pywt	2.12132	0.000212132	2.980232238769531e-07	0.9999999999999956	True	
1d	lwt+ilwt_roundtrip	rbio3.7	symmetric	Large / Sensitive	pywt	2.12132	0.010606599999999999	3.5762786865234375e-07	0.999999999999995	True	
1d	lwt+ilwt_roundtrip	rbio3.7	zero	Large / Sensitive	pywt	2.12132	0.010606599999999999	3.5762786865234375e-07	0.9999999999999956	True	
1d	lwt+ilwt_roundtrip	rbio3.7	constant	Large / Sensitive	pywt	2.12132	0.010606599999999999	3.5762786865234375e-07	0.9999999999999954	True	
1d	lwt+ilwt_roundtrip	rbio3.7	periodic	Large / Sensitive	pywt	2.12132	0.010606599999999999	3.5762786865234375e-07	0.9999999999999948	True	
1d	lwt+ilwt_roundtrip	rbio3.7	antisymmetric	Large / Sensitive	pywt	2.12132	0.010606599999999999	3.5762786865234375e-07	0.9999999999999951	True	
1d	lwt+ilwt_roundtrip	rbio3.7	smooth	Large / Sensitive	pywt	2.12132	0.010606599999999999	3.5762786865234375e-07	0.9999999999999948	True	
1d	lwt+ilwt_roundtrip	rbio3.7	reflect	Large / Sensitive	pywt	2.12132	0.010606599999999999	3.5762786865234375e-07	0.999999999999995	True	
1d	lwt+ilwt_roundtrip	rbio3.7	antireflect	Large / Sensitive	pywt	2.12132	0.010606599999999999	3.5762786865234375e-07	0.9999999999999953	True	
1d	lwt+ilwt_roundtrip	rbio3.9	symmetric	Large / Sensitive	pywt	2.12132	0.010606599999999999	2.980232238769531e-07	0.9999999999999951	True	
1d	lwt+ilwt_roundtrip	rbio3.9	zero	Large / Sensitive	pywt	2.12132	0.010606599999999999	2.980232238769531e-07	0.9999999999999954	True	
1d	lwt+ilwt_roundtrip	rbio3.9	constant	Large / Sensitive	pywt	2.12132	0.010606599999999999	2.980232238769531e-07	0.9999999999999954	True	
1d	lwt+ilwt_roundtrip	rbio3.9	periodic	Large / Sensitive	pywt	2.12132	0.010606599999999999	2.980232238769531e-07	0.9999999999999953	True	
1d	lwt+ilwt_roundtrip	rbio3.9	antisymmetric	Large / Sensitive	pywt	2.12132	0.010606599999999999	2.980232238769531e-07	0.9999999999999948	True	
1d	lwt+ilwt_roundtrip	rbio3.9	smooth	Large / Sensitive	pywt	2.12132	0.010606599999999999	2.980232238769531e-07	0.9999999999999956	True	
1d	lwt+ilwt_roundtrip	rbio3.9	reflect	Large / Sensitive	pywt	2.12132	0.010606599999999999	2.980232238769531e-07	0.9999999999999951	True	
1d	lwt+ilwt_roundtrip	rbio3.9	antireflect	Large / Sensitive	pywt	2.12132	0.010606599999999999	2.980232238769531e-07	0.9999999999999959	True	
1d	lwt+ilwt_roundtrip	rbio4.4	symmetric	Compact	pywt	1.58613	0.00015861300000000002	2.384185791015625e-07	0.9999999999999966	True	
1d	lwt+ilwt_roundtrip	rbio4.4	zero	Compact	pywt	1.58613	0.00015861300000000002	2.384185791015625e-07	0.9999999999999962	True	
1d	lwt+ilwt_roundtrip	rbio4.4	constant	Compact	pywt	1.58613	0.00015861300000000002	2.384185791015625e-07	0.9999999999999967	True	
1d	lwt+ilwt_roundtrip	rbio4.4	periodic	Compact	pywt	1.58613	0.00015861300000000002	2.384185791015625e-07	0.9999999999999967	True	
1d	lwt+ilwt_roundtrip	rbio4.4	antisymmetric	Compact	pywt	1.58613	0.00015861300000000002	2.384185791015625e-07	0.9999999999999962	True	
1d	lwt+ilwt_roundtrip	rbio4.4	smooth	Compact	pywt	1.58613	0.00015861300000000002	2.384185791015625e-07	0.9999999999999963	True	
1d	lwt+ilwt_roundtrip	rbio4.4	reflect	Compact	pywt	1.58613	0.00015861300000000002	2.384185791015625e-07	0.9999999999999966	True	
1d	lwt+ilwt_roundtrip	rbio4.4	antireflect	Compact	pywt	1.58613	0.00015861300000000002	2.384185791015625e-07	0.9999999999999959	True	
1d	lwt+ilwt_roundtrip	rbio5.5	symmetric	Compact	pywt	5.58579	0.000558579	2.384185791015625e-07	0.9999999999999969	True	
1d	lwt+ilwt_roundtrip	rbio5.5	zero	Compact	pywt	5.58579	0.000558579	2.384185791015625e-07	0.999999999999997	True	
1d	lwt+ilwt_roundtrip	rbio5.5	constant	Compact	pywt	5.58579	0.000558579	2.384185791015625e-07	0.999999999999997	True	
1d	lwt+ilwt_roundtrip	rbio5.5	periodic	Compact	pywt	5.58579	0.000558579	2.384185791015625e-07	0.9999999999999969	True	
1d	lwt+ilwt_roundtrip	rbio5.5	antisymmetric	Compact	pywt	5.58579	0.000558579	2.384185791015625e-07	0.9999999999999966	True	
1d	lwt+ilwt_roundtrip	rbio5.5	smooth	Compact	pywt	5.58579	0.000558579	2.384185791015625e-07	0.9999999999999966	True	
1d	lwt+ilwt_roundtrip	rbio5.5	reflect	Compact	pywt	5.58579	0.000558579	2.384185791015625e-07	0.9999999999999967	True	
1d	lwt+ilwt_roundtrip	rbio5.5	antireflect	Compact	pywt	5.58579	0.000558579	2.384185791015625e-07	0.9999999999999966	True	
1d	lwt+ilwt_roundtrip	rbio6.8	symmetric	Large / Sensitive	pywt	1.15131	0.00575655	3.5762786865234375e-07	0.9999999999999954	True	
1d	lwt+ilwt_roundtrip	rbio6.8	zero	Large / Sensitive	pywt	1.15131	0.00575655	3.5762786865234375e-07	0.9999999999999954	True	
1d	lwt+ilwt_roundtrip	rbio6.8	constant	Large / Sensitive	pywt	1.15131	0.00575655	3.5762786865234375e-07	0.999999999999995	True	
1d	lwt+ilwt_roundtrip	rbio6.8	periodic	Large / Sensitive	pywt	1.15131	0.00575655	3.5762786865234375e-07	0.9999999999999954	True	
1d	lwt+ilwt_roundtrip	rbio6.8	antisymmetric	Large / Sensitive	pywt	1.15131	0.00575655	3.5762786865234375e-07	0.9999999999999954	True	
1d	lwt+ilwt_roundtrip	rbio6.8	smooth	Large / Sensitive	pywt	1.15131	0.00575655	3.5762786865234375e-07	0.9999999999999958	True	
1d	lwt+ilwt_roundtrip	rbio6.8	reflect	Large / Sensitive	pywt	1.15131	0.00575655	3.5762786865234375e-07	0.9999999999999953	True	
1d	lwt+ilwt_roundtrip	rbio6.8	antireflect	Large / Sensitive	pywt	1.15131	0.00575655	3.5762786865234375e-07	0.9999999999999951	True	
1d	lwt+ilwt_roundtrip	sym10	symmetric	Medium	pywt	26.3969	0.0263969	3.5762786865234375e-07	0.9999999999999936	True	
1d	lwt+ilwt_roundtrip	sym10	zero	Medium	pywt	26.3969	0.0263969	3.5762786865234375e-07	0.9999999999999937	True	
1d	lwt+ilwt_roundtrip	sym10	constant	Medium	pywt	26.3969	0.0263969	3.5762786865234375e-07	0.9999999999999939	True	
1d	lwt+ilwt_roundtrip	sym10	periodic	Medium	pywt	26.3969	0.0263969	3.5762786865234375e-07	0.9999999999999939	True	
1d	lwt+ilwt_roundtrip	sym10	antisymmetric	Medium	pywt	26.3969	0.0263969	3.5762786865234375e-07	0.9999999999999937	True	
1d	lwt+ilwt_roundtrip	sym10	smooth	Medium	pywt	26.3969	0.0263969	3.5762786865234375e-07	0.9999999999999939	True	
1d	lwt+ilwt_roundtrip	sym10	reflect	Medium	pywt	26.3969	0.0263969	3.5762786865234375e-07	0.9999999999999934	True	
1d	lwt+ilwt_roundtrip	sym10	antireflect	Medium	pywt	26.3969	0.0263969	3.5762786865234375e-07	0.9999999999999937	True	
1d	lwt+ilwt_roundtrip	sym11	symmetric	Medium	pywt	94.636	0.094636	3.5762786865234375e-07	0.9999999999999937	True	
1d	lwt+ilwt_roundtrip	sym11	zero	Medium	pywt	94.636	0.094636	3.5762786865234375e-07	0.9999999999999937	True	
1d	lwt+ilwt_roundtrip	sym11	constant	Medium	pywt	94.636	0.094636	3.5762786865234375e-07	0.9999999999999942	True	
1d	lwt+ilwt_roundtrip	sym11	periodic	Medium	pywt	94.636	0.094636	3.5762786865234375e-07	0.9999999999999937	True	
1d	lwt+ilwt_roundtrip	sym11	antisymmetric	Medium	pywt	94.636	0.094636	3.5762786865234375e-07	0.9999999999999934	True	
1d	lwt+ilwt_roundtrip	sym11	smooth	Medium	pywt	94.636	0.094636	3.5762786865234375e-07	0.9999999999999939	True	
1d	lwt+ilwt_roundtrip	sym11	reflect	Medium	pywt	94.636	0.094636	3.5762786865234375e-07	0.9999999999999936	True	
1d	lwt+ilwt_roundtrip	sym11	antireflect	Medium	pywt	94.636	0.094636	3.5762786865234375e-07	0.9999999999999936	True	
1d	lwt+ilwt_roundtrip	sym12	symmetric	Medium	pywt	32.8267	0.0328267	2.980232238769531e-07	0.9999999999999932	True	
1d	lwt+ilwt_roundtrip	sym12	zero	Medium	pywt	32.8267	0.0328267	2.980232238769531e-07	0.9999999999999936	True	
1d	lwt+ilwt_roundtrip	sym12	constant	Medium	pywt	32.8267	0.0328267	2.980232238769531e-07	0.9999999999999936	True	
1d	lwt+ilwt_roundtrip	sym12	periodic	Medium	pywt	32.8267	0.0328267	2.980232238769531e-07	0.9999999999999931	True	
1d	lwt+ilwt_roundtrip	sym12	antisymmetric	Medium	pywt	32.8267	0.0328267	2.980232238769531e-07	0.9999999999999929	True	
1d	lwt+ilwt_roundtrip	sym12	smooth	Medium	pywt	32.8267	0.0328267	2.980232238769531e-07	0.9999999999999931	True	
1d	lwt+ilwt_roundtrip	sym12	reflect	Medium	pywt	32.8267	0.0328267	2.980232238769531e-07	0.9999999999999932	True	
1d	lwt+ilwt_roundtrip	sym12	antireflect	Medium	pywt	32.8267	0.0328267	2.980232238769531e-07	0.9999999999999934	True	
1d	lwt+ilwt_roundtrip	sym13	symmetric	Large / Sensitive	pywt	4896790.0	24483.95	3.5762786865234375e-07	0.9999999999999931	True	
1d	lwt+ilwt_roundtrip	sym13	zero	Large / Sensitive	pywt	4896790.0	24483.95	3.5762786865234375e-07	0.9999999999999925	True	
1d	lwt+ilwt_roundtrip	sym13	constant	Large / Sensitive	pywt	4896790.0	24483.95	3.5762786865234375e-07	0.9999999999999931	True	
1d	lwt+ilwt_roundtrip	sym13	periodic	Large / Sensitive	pywt	4896790.0	24483.95	3.5762786865234375e-07	0.9999999999999928	True	
1d	lwt+ilwt_roundtrip	sym13	antisymmetric	Large / Sensitive	pywt	4896790.0	24483.95	3.5762786865234375e-07	0.9999999999999925	True	
1d	lwt+ilwt_roundtrip	sym13	smooth	Large / Sensitive	pywt	4896790.0	24483.95	3.5762786865234375e-07	0.9999999999999927	True	
1d	lwt+ilwt_roundtrip	sym13	reflect	Large / Sensitive	pywt	4896790.0	24483.95	3.5762786865234375e-07	0.9999999999999928	True	
1d	lwt+ilwt_roundtrip	sym13	antireflect	Large / Sensitive	pywt	4896790.0	24483.95	3.5762786865234375e-07	0.9999999999999927	True	
1d	lwt+ilwt_roundtrip	sym14	symmetric	Large / Sensitive	pywt	2592.45	12.96225	4.76837158203125e-07	0.9999999999999925	True	
1d	lwt+ilwt_roundtrip	sym14	zero	Large / Sensitive	pywt	2592.45	12.96225	4.76837158203125e-07	0.9999999999999918	True	
1d	lwt+ilwt_roundtrip	sym14	constant	Large / Sensitive	pywt	2592.45	12.96225	4.76837158203125e-07	0.9999999999999921	True	
1d	lwt+ilwt_roundtrip	sym14	periodic	Large / Sensitive	pywt	2592.45	12.96225	4.76837158203125e-07	0.9999999999999925	True	
1d	lwt+ilwt_roundtrip	sym14	antisymmetric	Large / Sensitive	pywt	2592.45	12.96225	4.76837158203125e-07	0.9999999999999921	True	
1d	lwt+ilwt_roundtrip	sym14	smooth	Large / Sensitive	pywt	2592.45	12.96225	4.76837158203125e-07	0.9999999999999923	True	
1d	lwt+ilwt_roundtrip	sym14	reflect	Large / Sensitive	pywt	2592.45	12.96225	4.76837158203125e-07	0.9999999999999918	True	
1d	lwt+ilwt_roundtrip	sym14	antireflect	Large / Sensitive	pywt	2592.45	12.96225	4.76837158203125e-07	0.9999999999999923	True	
1d	lwt+ilwt_roundtrip	sym15	symmetric	Large / Sensitive	pywt	68.4772	0.34238599999999997	3.5762786865234375e-07	0.9999999999999932	True	
1d	lwt+ilwt_roundtrip	sym15	zero	Large / Sensitive	pywt	68.4772	0.34238599999999997	3.5762786865234375e-07	0.9999999999999927	True	
1d	lwt+ilwt_roundtrip	sym15	constant	Large / Sensitive	pywt	68.4772	0.34238599999999997	3.5762786865234375e-07	0.9999999999999925	True	
1d	lwt+ilwt_roundtrip	sym15	periodic	Large / Sensitive	pywt	68.4772	0.34238599999999997	3.5762786865234375e-07	0.9999999999999928	True	
1d	lwt+ilwt_roundtrip	sym15	antisymmetric	Large / Sensitive	pywt	68.4772	0.34238599999999997	3.5762786865234375e-07	0.9999999999999927	True	
1d	lwt+ilwt_roundtrip	sym15	smooth	Large / Sensitive	pywt	68.4772	0.34238599999999997	3.5762786865234375e-07	0.9999999999999934	True	
1d	lwt+ilwt_roundtrip	sym15	reflect	Large / Sensitive	pywt	68.4772	0.34238599999999997	3.5762786865234375e-07	0.9999999999999931	True	
1d	lwt+ilwt_roundtrip	sym15	antireflect	Large / Sensitive	pywt	68.4772	0.34238599999999997	3.5762786865234375e-07	0.9999999999999927	True	
1d	lwt+ilwt_roundtrip	sym16	symmetric	Large / Sensitive	pywt	19.8683	0.09934150000000001	4.172325134277344e-07	0.999999999999992	True	
1d	lwt+ilwt_roundtrip	sym16	zero	Large / Sensitive	pywt	19.8683	0.09934150000000001	4.172325134277344e-07	0.9999999999999925	True	
1d	lwt+ilwt_roundtrip	sym16	constant	Large / Sensitive	pywt	19.8683	0.09934150000000001	4.172325134277344e-07	0.999999999999992	True	
1d	lwt+ilwt_roundtrip	sym16	periodic	Large / Sensitive	pywt	19.8683	0.09934150000000001	4.172325134277344e-07	0.9999999999999921	True	
1d	lwt+ilwt_roundtrip	sym16	antisymmetric	Large / Sensitive	pywt	19.8683	0.09934150000000001	4.172325134277344e-07	0.9999999999999917	True	
1d	lwt+ilwt_roundtrip	sym16	smooth	Large / Sensitive	pywt	19.8683	0.09934150000000001	4.172325134277344e-07	0.9999999999999916	True	
1d	lwt+ilwt_roundtrip	sym16	reflect	Large / Sensitive	pywt	19.8683	0.09934150000000001	4.172325134277344e-07	0.999999999999992	True	
1d	lwt+ilwt_roundtrip	sym16	antireflect	Large / Sensitive	pywt	19.8683	0.09934150000000001	4.172325134277344e-07	0.9999999999999923	True	
1d	lwt+ilwt_roundtrip	sym17	symmetric	Large / Sensitive	pywt	1070.37	5.35185	3.5762786865234375e-07	0.9999999999999917	True	
1d	lwt+ilwt_roundtrip	sym17	zero	Large / Sensitive	pywt	1070.37	5.35185	3.5762786865234375e-07	0.9999999999999918	True	
1d	lwt+ilwt_roundtrip	sym17	constant	Large / Sensitive	pywt	1070.37	5.35185	3.5762786865234375e-07	0.9999999999999918	True	
1d	lwt+ilwt_roundtrip	sym17	periodic	Large / Sensitive	pywt	1070.37	5.35185	3.5762786865234375e-07	0.999999999999991	True	
1d	lwt+ilwt_roundtrip	sym17	antisymmetric	Large / Sensitive	pywt	1070.37	5.35185	3.5762786865234375e-07	0.9999999999999921	True	
1d	lwt+ilwt_roundtrip	sym17	smooth	Large / Sensitive	pywt	1070.37	5.35185	3.5762786865234375e-07	0.9999999999999917	True	
1d	lwt+ilwt_roundtrip	sym17	reflect	Large / Sensitive	pywt	1070.37	5.35185	3.5762786865234375e-07	0.9999999999999916	True	
1d	lwt+ilwt_roundtrip	sym17	antireflect	Large / Sensitive	pywt	1070.37	5.35185	3.5762786865234375e-07	0.9999999999999916	True	
1d	lwt+ilwt_roundtrip	sym18	symmetric	Large / Sensitive	pywt	28.6658	0.143329	3.5762786865234375e-07	0.9999999999999908	True	
1d	lwt+ilwt_roundtrip	sym18	zero	Large / Sensitive	pywt	28.6658	0.143329	3.5762786865234375e-07	0.9999999999999901	True	
1d	lwt+ilwt_roundtrip	sym18	constant	Large / Sensitive	pywt	28.6658	0.143329	3.5762786865234375e-07	0.9999999999999899	True	
1d	lwt+ilwt_roundtrip	sym18	periodic	Large / Sensitive	pywt	28.6658	0.143329	3.5762786865234375e-07	0.9999999999999905	True	
1d	lwt+ilwt_roundtrip	sym18	antisymmetric	Large / Sensitive	pywt	28.6658	0.143329	3.5762786865234375e-07	0.9999999999999905	True	
1d	lwt+ilwt_roundtrip	sym18	smooth	Large / Sensitive	pywt	28.6658	0.143329	3.5762786865234375e-07	0.9999999999999905	True	
1d	lwt+ilwt_roundtrip	sym18	reflect	Large / Sensitive	pywt	28.6658	0.143329	3.5762786865234375e-07	0.9999999999999908	True	
1d	lwt+ilwt_roundtrip	sym18	antireflect	Large / Sensitive	pywt	28.6658	0.143329	3.5762786865234375e-07	0.9999999999999906	True	
1d	lwt+ilwt_roundtrip	sym19	symmetric	Large / Sensitive	pywt	1849.14	9.245700000000001	4.172325134277344e-07	0.9999999999999897	True	
1d	lwt+ilwt_roundtrip	sym19	zero	Large / Sensitive	pywt	1849.14	9.245700000000001	4.172325134277344e-07	0.9999999999999901	True	
1d	lwt+ilwt_roundtrip	sym19	constant	Large / Sensitive	pywt	1849.14	9.245700000000001	4.172325134277344e-07	0.9999999999999901	True	
1d	lwt+ilwt_roundtrip	sym19	periodic	Large / Sensitive	pywt	1849.14	9.245700000000001	4.172325134277344e-07	0.9999999999999905	True	
1d	lwt+ilwt_roundtrip	sym19	antisymmetric	Large / Sensitive	pywt	1849.14	9.245700000000001	4.172325134277344e-07	0.9999999999999899	True	
1d	lwt+ilwt_roundtrip	sym19	smooth	Large / Sensitive	pywt	1849.14	9.245700000000001	4.172325134277344e-07	0.9999999999999899	True	
1d	lwt+ilwt_roundtrip	sym19	reflect	Large / Sensitive	pywt	1849.14	9.245700000000001	4.172325134277344e-07	0.9999999999999902	True	
1d	lwt+ilwt_roundtrip	sym19	antireflect	Large / Sensitive	pywt	1849.14	9.245700000000001	4.172325134277344e-07	0.9999999999999899	True	
1d	lwt+ilwt_roundtrip	sym2	symmetric	Compact	pywt	1.11536	0.000111536	1.1920928955078125e-07	0.9999999999999986	True	
1d	lwt+ilwt_roundtrip	sym2	zero	Compact	pywt	1.11536	0.000111536	1.1920928955078125e-07	0.9999999999999986	True	
1d	lwt+ilwt_roundtrip	sym2	constant	Compact	pywt	1.11536	0.000111536	1.1920928955078125e-07	0.9999999999999982	True	
1d	lwt+ilwt_roundtrip	sym2	periodic	Compact	pywt	1.11536	0.000111536	1.1920928955078125e-07	0.9999999999999982	True	
1d	lwt+ilwt_roundtrip	sym2	antisymmetric	Compact	pywt	1.11536	0.000111536	1.1920928955078125e-07	0.9999999999999988	True	
1d	lwt+ilwt_roundtrip	sym2	smooth	Compact	pywt	1.11536	0.000111536	1.1920928955078125e-07	0.9999999999999982	True	
1d	lwt+ilwt_roundtrip	sym2	reflect	Compact	pywt	1.11536	0.000111536	1.1920928955078125e-07	0.9999999999999982	True	
1d	lwt+ilwt_roundtrip	sym2	antireflect	Compact	pywt	1.11536	0.000111536	1.1920928955078125e-07	0.9999999999999982	True	
1d	lwt+ilwt_roundtrip	sym20	symmetric	Large / Sensitive	pywt	16728.7	83.6435	3.5762786865234375e-07	0.9999999999999889	True	
1d	lwt+ilwt_roundtrip	sym20	zero	Large / Sensitive	pywt	16728.7	83.6435	3.5762786865234375e-07	0.9999999999999887	True	
1d	lwt+ilwt_roundtrip	sym20	constant	Large / Sensitive	pywt	16728.7	83.6435	3.5762786865234375e-07	0.9999999999999886	True	
1d	lwt+ilwt_roundtrip	sym20	periodic	Large / Sensitive	pywt	16728.7	83.6435	3.5762786865234375e-07	0.9999999999999883	True	
1d	lwt+ilwt_roundtrip	sym20	antisymmetric	Large / Sensitive	pywt	16728.7	83.6435	3.5762786865234375e-07	0.9999999999999889	True	
1d	lwt+ilwt_roundtrip	sym20	smooth	Large / Sensitive	pywt	16728.7	83.6435	3.5762786865234375e-07	0.999999999999989	True	
1d	lwt+ilwt_roundtrip	sym20	reflect	Large / Sensitive	pywt	16728.7	83.6435	3.5762786865234375e-07	0.9999999999999889	True	
1d	lwt+ilwt_roundtrip	sym20	antireflect	Large / Sensitive	pywt	16728.7	83.6435	3.5762786865234375e-07	0.999999999999989	True	
1d	lwt+ilwt_roundtrip	sym3	symmetric	Compact	pywt	14.932	0.0014932	1.7881393432617188e-07	0.9999999999999982	True	
1d	lwt+ilwt_roundtrip	sym3	zero	Compact	pywt	14.932	0.0014932	1.7881393432617188e-07	0.9999999999999977	True	
1d	lwt+ilwt_roundtrip	sym3	constant	Compact	pywt	14.932	0.0014932	1.7881393432617188e-07	0.9999999999999981	True	
1d	lwt+ilwt_roundtrip	sym3	periodic	Compact	pywt	14.932	0.0014932	1.7881393432617188e-07	0.9999999999999981	True	
1d	lwt+ilwt_roundtrip	sym3	antisymmetric	Compact	pywt	14.932	0.0014932	1.7881393432617188e-07	0.9999999999999977	True	
1d	lwt+ilwt_roundtrip	sym3	smooth	Compact	pywt	14.932	0.0014932	1.7881393432617188e-07	0.9999999999999981	True	
1d	lwt+ilwt_roundtrip	sym3	reflect	Compact	pywt	14.932	0.0014932	1.7881393432617188e-07	0.999999999999998	True	
1d	lwt+ilwt_roundtrip	sym3	antireflect	Compact	pywt	14.932	0.0014932	1.7881393432617188e-07	0.999999999999998	True	
1d	lwt+ilwt_roundtrip	sym4	symmetric	Compact	pywt	5.87693	0.000587693	2.384185791015625e-07	0.9999999999999969	True	
1d	lwt+ilwt_roundtrip	sym4	zero	Compact	pywt	5.87693	0.000587693	2.384185791015625e-07	0.9999999999999967	True	
1d	lwt+ilwt_roundtrip	sym4	constant	Compact	pywt	5.87693	0.000587693	2.384185791015625e-07	0.9999999999999969	True	
1d	lwt+ilwt_roundtrip	sym4	periodic	Compact	pywt	5.87693	0.000587693	2.384185791015625e-07	0.999999999999997	True	
1d	lwt+ilwt_roundtrip	sym4	antisymmetric	Compact	pywt	5.87693	0.000587693	2.384185791015625e-07	0.9999999999999967	True	
1d	lwt+ilwt_roundtrip	sym4	smooth	Compact	pywt	5.87693	0.000587693	2.384185791015625e-07	0.9999999999999967	True	
1d	lwt+ilwt_roundtrip	sym4	reflect	Compact	pywt	5.87693	0.000587693	2.384185791015625e-07	0.999999999999997	True	
1d	lwt+ilwt_roundtrip	sym4	antireflect	Compact	pywt	5.87693	0.000587693	2.384185791015625e-07	0.9999999999999967	True	
1d	lwt+ilwt_roundtrip	sym5	symmetric	Compact	pywt	3.32658	0.000332658	2.384185791015625e-07	0.9999999999999963	True	
1d	lwt+ilwt_roundtrip	sym5	zero	Compact	pywt	3.32658	0.000332658	2.384185791015625e-07	0.9999999999999963	True	
1d	lwt+ilwt_roundtrip	sym5	constant	Compact	pywt	3.32658	0.000332658	2.384185791015625e-07	0.9999999999999963	True	
1d	lwt+ilwt_roundtrip	sym5	periodic	Compact	pywt	3.32658	0.000332658	2.384185791015625e-07	0.9999999999999962	True	
1d	lwt+ilwt_roundtrip	sym5	antisymmetric	Compact	pywt	3.32658	0.000332658	2.384185791015625e-07	0.9999999999999962	True	
1d	lwt+ilwt_roundtrip	sym5	smooth	Compact	pywt	3.32658	0.000332658	2.384185791015625e-07	0.9999999999999967	True	
1d	lwt+ilwt_roundtrip	sym5	reflect	Compact	pywt	3.32658	0.000332658	2.384185791015625e-07	0.9999999999999963	True	
1d	lwt+ilwt_roundtrip	sym5	antireflect	Compact	pywt	3.32658	0.000332658	2.384185791015625e-07	0.9999999999999963	True	
1d	lwt+ilwt_roundtrip	sym6	symmetric	Compact	pywt	13.9887	0.00139887	2.980232238769531e-07	0.9999999999999951	True	
1d	lwt+ilwt_roundtrip	sym6	zero	Compact	pywt	13.9887	0.00139887	2.980232238769531e-07	0.9999999999999953	True	
1d	lwt+ilwt_roundtrip	sym6	constant	Compact	pywt	13.9887	0.00139887	2.980232238769531e-07	0.9999999999999953	True	
1d	lwt+ilwt_roundtrip	sym6	periodic	Compact	pywt	13.9887	0.00139887	2.980232238769531e-07	0.9999999999999951	True	
1d	lwt+ilwt_roundtrip	sym6	antisymmetric	Compact	pywt	13.9887	0.00139887	2.980232238769531e-07	0.9999999999999958	True	
1d	lwt+ilwt_roundtrip	sym6	smooth	Compact	pywt	13.9887	0.00139887	2.980232238769531e-07	0.9999999999999954	True	
1d	lwt+ilwt_roundtrip	sym6	reflect	Compact	pywt	13.9887	0.00139887	2.980232238769531e-07	0.9999999999999958	True	
1d	lwt+ilwt_roundtrip	sym6	antireflect	Compact	pywt	13.9887	0.00139887	2.980232238769531e-07	0.999999999999995	True	
1d	lwt+ilwt_roundtrip	sym7	symmetric	Large / Sensitive	pywt	17127.2	85.63600000000001	2.980232238769531e-07	0.9999999999999953	True	
1d	lwt+ilwt_roundtrip	sym7	zero	Large / Sensitive	pywt	17127.2	85.63600000000001	2.980232238769531e-07	0.9999999999999954	True	
1d	lwt+ilwt_roundtrip	sym7	constant	Large / Sensitive	pywt	17127.2	85.63600000000001	2.980232238769531e-07	0.9999999999999956	True	
1d	lwt+ilwt_roundtrip	sym7	periodic	Large / Sensitive	pywt	17127.2	85.63600000000001	2.980232238769531e-07	0.9999999999999953	True	
1d	lwt+ilwt_roundtrip	sym7	antisymmetric	Large / Sensitive	pywt	17127.2	85.63600000000001	2.980232238769531e-07	0.9999999999999953	True	
1d	lwt+ilwt_roundtrip	sym7	smooth	Large / Sensitive	pywt	17127.2	85.63600000000001	2.980232238769531e-07	0.9999999999999962	True	
1d	lwt+ilwt_roundtrip	sym7	reflect	Large / Sensitive	pywt	17127.2	85.63600000000001	2.980232238769531e-07	0.9999999999999953	True	
1d	lwt+ilwt_roundtrip	sym7	antireflect	Large / Sensitive	pywt	17127.2	85.63600000000001	2.980232238769531e-07	0.9999999999999954	True	
1d	lwt+ilwt_roundtrip	sym8	symmetric	Large / Sensitive	pywt	19.0019	0.0950095	2.980232238769531e-07	0.9999999999999948	True	
1d	lwt+ilwt_roundtrip	sym8	zero	Large / Sensitive	pywt	19.0019	0.0950095	2.980232238769531e-07	0.999999999999995	True	
1d	lwt+ilwt_roundtrip	sym8	constant	Large / Sensitive	pywt	19.0019	0.0950095	2.980232238769531e-07	0.999999999999995	True	
1d	lwt+ilwt_roundtrip	sym8	periodic	Large / Sensitive	pywt	19.0019	0.0950095	2.980232238769531e-07	0.9999999999999947	True	
1d	lwt+ilwt_roundtrip	sym8	antisymmetric	Large / Sensitive	pywt	19.0019	0.0950095	2.980232238769531e-07	0.9999999999999948	True	
1d	lwt+ilwt_roundtrip	sym8	smooth	Large / Sensitive	pywt	19.0019	0.0950095	2.980232238769531e-07	0.9999999999999943	True	
1d	lwt+ilwt_roundtrip	sym8	reflect	Large / Sensitive	pywt	19.0019	0.0950095	2.980232238769531e-07	0.9999999999999943	True	
1d	lwt+ilwt_roundtrip	sym8	antireflect	Large / Sensitive	pywt	19.0019	0.0950095	2.980232238769531e-07	0.9999999999999946	True	
1d	lwt+ilwt_roundtrip	sym9	symmetric	Medium	pywt	309.77	0.30977	2.980232238769531e-07	0.999999999999994	True	
1d	lwt+ilwt_roundtrip	sym9	zero	Medium	pywt	309.77	0.30977	2.980232238769531e-07	0.9999999999999943	True	
1d	lwt+ilwt_roundtrip	sym9	constant	Medium	pywt	309.77	0.30977	2.980232238769531e-07	0.9999999999999943	True	
1d	lwt+ilwt_roundtrip	sym9	periodic	Medium	pywt	309.77	0.30977	2.980232238769531e-07	0.9999999999999943	True	
1d	lwt+ilwt_roundtrip	sym9	antisymmetric	Medium	pywt	309.77	0.30977	2.980232238769531e-07	0.9999999999999946	True	
1d	lwt+ilwt_roundtrip	sym9	smooth	Medium	pywt	309.77	0.30977	2.980232238769531e-07	0.9999999999999946	True	
1d	lwt+ilwt_roundtrip	sym9	reflect	Medium	pywt	309.77	0.30977	2.980232238769531e-07	0.999999999999994	True	
1d	lwt+ilwt_roundtrip	sym9	antireflect	Medium	pywt	309.77	0.30977	2.980232238769531e-07	0.9999999999999943	True	
2d	lwt2d+ilwt2d_roundtrip	bior1.1	symmetric	Compact	pywt	1.41421	0.000141421	1.7881393432617188e-07	0.9999999999999989	True	
2d	lwt2d+ilwt2d_roundtrip	bior1.1	zero	Compact	pywt	1.41421	0.000141421	1.7881393432617188e-07	0.9999999999999989	True	
2d	lwt2d+ilwt2d_roundtrip	bior1.1	constant	Compact	pywt	1.41421	0.000141421	1.7881393432617188e-07	0.9999999999999989	True	
2d	lwt2d+ilwt2d_roundtrip	bior1.1	periodic	Compact	pywt	1.41421	0.000141421	1.7881393432617188e-07	0.9999999999999989	True	
2d	lwt2d+ilwt2d_roundtrip	bior1.1	antisymmetric	Compact	pywt	1.41421	0.000141421	1.7881393432617188e-07	0.9999999999999989	True	
2d	lwt2d+ilwt2d_roundtrip	bior1.1	smooth	Compact	pywt	1.41421	0.000141421	1.7881393432617188e-07	0.9999999999999989	True	
2d	lwt2d+ilwt2d_roundtrip	bior1.1	reflect	Compact	pywt	1.41421	0.000141421	1.7881393432617188e-07	0.9999999999999989	True	
2d	lwt2d+ilwt2d_roundtrip	bior1.1	antireflect	Compact	pywt	1.41421	0.000141421	1.7881393432617188e-07	0.9999999999999989	True	
2d	lwt2d+ilwt2d_roundtrip	bior1.3	symmetric	Compact	pywt	1.41421	0.000141421	2.980232238769531e-07	0.9999999999999968	True	
2d	lwt2d+ilwt2d_roundtrip	bior1.3	zero	Compact	pywt	1.41421	0.000141421	2.980232238769531e-07	0.9999999999999972	True	
2d	lwt2d+ilwt2d_roundtrip	bior1.3	constant	Compact	pywt	1.41421	0.000141421	2.980232238769531e-07	0.9999999999999972	True	
2d	lwt2d+ilwt2d_roundtrip	bior1.3	periodic	Compact	pywt	1.41421	0.000141421	2.980232238769531e-07	0.9999999999999966	True	
2d	lwt2d+ilwt2d_roundtrip	bior1.3	antisymmetric	Compact	pywt	1.41421	0.000141421	2.980232238769531e-07	0.9999999999999972	True	
2d	lwt2d+ilwt2d_roundtrip	bior1.3	smooth	Compact	pywt	1.41421	0.000141421	2.980232238769531e-07	0.9999999999999972	True	
2d	lwt2d+ilwt2d_roundtrip	bior1.3	reflect	Compact	pywt	1.41421	0.000141421	2.980232238769531e-07	0.9999999999999971	True	
2d	lwt2d+ilwt2d_roundtrip	bior1.3	antireflect	Compact	pywt	1.41421	0.000141421	2.980232238769531e-07	0.999999999999997	True	
2d	lwt2d+ilwt2d_roundtrip	bior1.5	symmetric	Compact	pywt	1.41421	0.000141421	2.980232238769531e-07	0.9999999999999958	True	
2d	lwt2d+ilwt2d_roundtrip	bior1.5	zero	Compact	pywt	1.41421	0.000141421	2.980232238769531e-07	0.9999999999999954	True	
2d	lwt2d+ilwt2d_roundtrip	bior1.5	constant	Compact	pywt	1.41421	0.000141421	2.980232238769531e-07	0.9999999999999961	True	
2d	lwt2d+ilwt2d_roundtrip	bior1.5	periodic	Compact	pywt	1.41421	0.000141421	2.980232238769531e-07	0.999999999999996	True	
2d	lwt2d+ilwt2d_roundtrip	bior1.5	antisymmetric	Compact	pywt	1.41421	0.000141421	4.172325134277344e-07	0.9999999999999954	True	
2d	lwt2d+ilwt2d_roundtrip	bior1.5	smooth	Compact	pywt	1.41421	0.000141421	2.980232238769531e-07	0.9999999999999958	True	
2d	lwt2d+ilwt2d_roundtrip	bior1.5	reflect	Compact	pywt	1.41421	0.000141421	2.980232238769531e-07	0.9999999999999961	True	
2d	lwt2d+ilwt2d_roundtrip	bior1.5	antireflect	Compact	pywt	1.41421	0.000141421	2.980232238769531e-07	0.9999999999999958	True	
2d	lwt2d+ilwt2d_roundtrip	bior2.2	symmetric	Compact	pywt	1.41421	0.000141421	2.980232238769531e-07	0.9999999999999969	True	
2d	lwt2d+ilwt2d_roundtrip	bior2.2	zero	Compact	pywt	1.41421	0.000141421	2.980232238769531e-07	0.9999999999999974	True	
2d	lwt2d+ilwt2d_roundtrip	bior2.2	constant	Compact	pywt	1.41421	0.000141421	2.980232238769531e-07	0.9999999999999968	True	
2d	lwt2d+ilwt2d_roundtrip	bior2.2	periodic	Compact	pywt	1.41421	0.000141421	2.980232238769531e-07	0.9999999999999973	True	
2d	lwt2d+ilwt2d_roundtrip	bior2.2	antisymmetric	Compact	pywt	1.41421	0.000141421	2.980232238769531e-07	0.9999999999999971	True	
2d	lwt2d+ilwt2d_roundtrip	bior2.2	smooth	Compact	pywt	1.41421	0.000141421	2.980232238769531e-07	0.9999999999999974	True	
2d	lwt2d+ilwt2d_roundtrip	bior2.2	reflect	Compact	pywt	1.41421	0.000141421	2.980232238769531e-07	0.9999999999999973	True	
2d	lwt2d+ilwt2d_roundtrip	bior2.2	antireflect	Compact	pywt	1.41421	0.000141421	2.980232238769531e-07	0.9999999999999972	True	
2d	lwt2d+ilwt2d_roundtrip	bior2.4	symmetric	Compact	pywt	1.41421	0.000141421	2.384185791015625e-07	0.9999999999999974	True	
2d	lwt2d+ilwt2d_roundtrip	bior2.4	zero	Compact	pywt	1.41421	0.000141421	2.384185791015625e-07	0.9999999999999962	True	
2d	lwt2d+ilwt2d_roundtrip	bior2.4	constant	Compact	pywt	1.41421	0.000141421	2.384185791015625e-07	0.9999999999999971	True	
2d	lwt2d+ilwt2d_roundtrip	bior2.4	periodic	Compact	pywt	1.41421	0.000141421	2.384185791015625e-07	0.9999999999999969	True	
2d	lwt2d+ilwt2d_roundtrip	bior2.4	antisymmetric	Compact	pywt	1.41421	0.000141421	2.384185791015625e-07	0.999999999999997	True	
2d	lwt2d+ilwt2d_roundtrip	bior2.4	smooth	Compact	pywt	1.41421	0.000141421	2.384185791015625e-07	0.9999999999999967	True	
2d	lwt2d+ilwt2d_roundtrip	bior2.4	reflect	Compact	pywt	1.41421	0.000141421	2.384185791015625e-07	0.9999999999999968	True	
2d	lwt2d+ilwt2d_roundtrip	bior2.4	antireflect	Compact	pywt	1.41421	0.000141421	2.384185791015625e-07	0.9999999999999966	True	
2d	lwt2d+ilwt2d_roundtrip	bior2.6	symmetric	Large / Sensitive	pywt	1.41421	0.00707105	2.980232238769531e-07	0.9999999999999953	True	
2d	lwt2d+ilwt2d_roundtrip	bior2.6	zero	Large / Sensitive	pywt	1.41421	0.00707105	2.980232238769531e-07	0.9999999999999956	True	
2d	lwt2d+ilwt2d_roundtrip	bior2.6	constant	Large / Sensitive	pywt	1.41421	0.00707105	2.980232238769531e-07	0.9999999999999958	True	
2d	lwt2d+ilwt2d_roundtrip	bior2.6	periodic	Large / Sensitive	pywt	1.41421	0.00707105	2.980232238769531e-07	0.9999999999999958	True	
2d	lwt2d+ilwt2d_roundtrip	bior2.6	antisymmetric	Large / Sensitive	pywt	1.41421	0.00707105	2.980232238769531e-07	0.9999999999999958	True	
2d	lwt2d+ilwt2d_roundtrip	bior2.6	smooth	Large / Sensitive	pywt	1.41421	0.00707105	2.980232238769531e-07	0.9999999999999958	True	
2d	lwt2d+ilwt2d_roundtrip	bior2.6	reflect	Large / Sensitive	pywt	1.41421	0.00707105	2.384185791015625e-07	0.9999999999999956	True	
2d	lwt2d+ilwt2d_roundtrip	bior2.6	antireflect	Large / Sensitive	pywt	1.41421	0.00707105	2.980232238769531e-07	0.9999999999999956	True	
2d	lwt2d+ilwt2d_roundtrip	bior2.8	symmetric	Large / Sensitive	pywt	1.41421	0.00707105	3.5762786865234375e-07	0.9999999999999943	True	
2d	lwt2d+ilwt2d_roundtrip	bior2.8	zero	Large / Sensitive	pywt	1.41421	0.00707105	3.5762786865234375e-07	0.999999999999995	True	
2d	lwt2d+ilwt2d_roundtrip	bior2.8	constant	Large / Sensitive	pywt	1.41421	0.00707105	3.5762786865234375e-07	0.9999999999999949	True	
2d	lwt2d+ilwt2d_roundtrip	bior2.8	periodic	Large / Sensitive	pywt	1.41421	0.00707105	3.5762786865234375e-07	0.999999999999995	True	
2d	lwt2d+ilwt2d_roundtrip	bior2.8	antisymmetric	Large / Sensitive	pywt	1.41421	0.00707105	3.5762786865234375e-07	0.9999999999999947	True	
2d	lwt2d+ilwt2d_roundtrip	bior2.8	smooth	Large / Sensitive	pywt	1.41421	0.00707105	3.5762786865234375e-07	0.9999999999999951	True	
2d	lwt2d+ilwt2d_roundtrip	bior2.8	reflect	Large / Sensitive	pywt	1.41421	0.00707105	3.5762786865234375e-07	0.9999999999999949	True	
2d	lwt2d+ilwt2d_roundtrip	bior2.8	antireflect	Large / Sensitive	pywt	1.41421	0.00707105	3.5762786865234375e-07	0.9999999999999941	True	
2d	lwt2d+ilwt2d_roundtrip	bior3.1	symmetric	Compact	pywt	1.125	0.00011250000000000001	4.172325134277344e-07	0.9999999999999974	True	
2d	lwt2d+ilwt2d_roundtrip	bior3.1	zero	Compact	pywt	1.125	0.00011250000000000001	4.172325134277344e-07	0.9999999999999972	True	
2d	lwt2d+ilwt2d_roundtrip	bior3.1	constant	Compact	pywt	1.125	0.00011250000000000001	4.172325134277344e-07	0.9999999999999971	True	
2d	lwt2d+ilwt2d_roundtrip	bior3.1	periodic	Compact	pywt	1.125	0.00011250000000000001	4.172325134277344e-07	0.9999999999999972	True	
2d	lwt2d+ilwt2d_roundtrip	bior3.1	antisymmetric	Compact	pywt	1.125	0.00011250000000000001	4.172325134277344e-07	0.9999999999999971	True	
2d	lwt2d+ilwt2d_roundtrip	bior3.1	smooth	Compact	pywt	1.125	0.00011250000000000001	4.172325134277344e-07	0.9999999999999972	True	
2d	lwt2d+ilwt2d_roundtrip	bior3.1	reflect	Compact	pywt	1.125	0.00011250000000000001	4.172325134277344e-07	0.9999999999999969	True	
2d	lwt2d+ilwt2d_roundtrip	bior3.1	antireflect	Compact	pywt	1.125	0.00011250000000000001	4.172325134277344e-07	0.999999999999997	True	
2d	lwt2d+ilwt2d_roundtrip	bior3.3	symmetric	Compact	pywt	2.12132	0.000212132	2.980232238769531e-07	0.9999999999999968	True	
2d	lwt2d+ilwt2d_roundtrip	bior3.3	zero	Compact	pywt	2.12132	0.000212132	2.980232238769531e-07	0.999999999999997	True	
2d	lwt2d+ilwt2d_roundtrip	bior3.3	constant	Compact	pywt	2.12132	0.000212132	2.980232238769531e-07	0.9999999999999967	True	
2d	lwt2d+ilwt2d_roundtrip	bior3.3	periodic	Compact	pywt	2.12132	0.000212132	2.980232238769531e-07	0.9999999999999972	True	
2d	lwt2d+ilwt2d_roundtrip	bior3.3	antisymmetric	Compact	pywt	2.12132	0.000212132	2.980232238769531e-07	0.9999999999999968	True	
2d	lwt2d+ilwt2d_roundtrip	bior3.3	smooth	Compact	pywt	2.12132	0.000212132	2.980232238769531e-07	0.999999999999997	True	
2d	lwt2d+ilwt2d_roundtrip	bior3.3	reflect	Compact	pywt	2.12132	0.000212132	2.980232238769531e-07	0.999999999999997	True	
2d	lwt2d+ilwt2d_roundtrip	bior3.3	antireflect	Compact	pywt	2.12132	0.000212132	2.980232238769531e-07	0.9999999999999964	True	
2d	lwt2d+ilwt2d_roundtrip	bior3.5	symmetric	Compact	pywt	2.12132	0.000212132	2.980232238769531e-07	0.9999999999999964	True	
2d	lwt2d+ilwt2d_roundtrip	bior3.5	zero	Compact	pywt	2.12132	0.000212132	2.980232238769531e-07	0.9999999999999967	True	
2d	lwt2d+ilwt2d_roundtrip	bior3.5	constant	Compact	pywt	2.12132	0.000212132	2.980232238769531e-07	0.9999999999999961	True	
2d	lwt2d+ilwt2d_roundtrip	bior3.5	periodic	Compact	pywt	2.12132	0.000212132	2.980232238769531e-07	0.999999999999996	True	
2d	lwt2d+ilwt2d_roundtrip	bior3.5	antisymmetric	Compact	pywt	2.12132	0.000212132	2.980232238769531e-07	0.9999999999999958	True	
2d	lwt2d+ilwt2d_roundtrip	bior3.5	smooth	Compact	pywt	2.12132	0.000212132	2.980232238769531e-07	0.9999999999999958	True	
2d	lwt2d+ilwt2d_roundtrip	bior3.5	reflect	Compact	pywt	2.12132	0.000212132	2.980232238769531e-07	0.9999999999999962	True	
2d	lwt2d+ilwt2d_roundtrip	bior3.5	antireflect	Compact	pywt	2.12132	0.000212132	2.980232238769531e-07	0.9999999999999964	True	
2d	lwt2d+ilwt2d_roundtrip	bior3.7	symmetric	Large / Sensitive	pywt	2.12132	0.010606599999999999	3.5762786865234375e-07	0.9999999999999958	True	
2d	lwt2d+ilwt2d_roundtrip	bior3.7	zero	Large / Sensitive	pywt	2.12132	0.010606599999999999	3.5762786865234375e-07	0.9999999999999953	True	
2d	lwt2d+ilwt2d_roundtrip	bior3.7	constant	Large / Sensitive	pywt	2.12132	0.010606599999999999	3.5762786865234375e-07	0.9999999999999956	True	
2d	lwt2d+ilwt2d_roundtrip	bior3.7	periodic	Large / Sensitive	pywt	2.12132	0.010606599999999999	4.172325134277344e-07	0.9999999999999956	True	
2d	lwt2d+ilwt2d_roundtrip	bior3.7	antisymmetric	Large / Sensitive	pywt	2.12132	0.010606599999999999	4.172325134277344e-07	0.9999999999999954	True	
2d	lwt2d+ilwt2d_roundtrip	bior3.7	smooth	Large / Sensitive	pywt	2.12132	0.010606599999999999	3.5762786865234375e-07	0.9999999999999957	True	
2d	lwt2d+ilwt2d_roundtrip	bior3.7	reflect	Large / Sensitive	pywt	2.12132	0.010606599999999999	3.5762786865234375e-07	0.9999999999999958	True	
2d	lwt2d+ilwt2d_roundtrip	bior3.7	antireflect	Large / Sensitive	pywt	2.12132	0.010606599999999999	3.5762786865234375e-07	0.9999999999999951	True	
2d	lwt2d+ilwt2d_roundtrip	bior3.9	symmetric	Large / Sensitive	pywt	2.12132	0.010606599999999999	4.76837158203125e-07	0.9999999999999952	True	
2d	lwt2d+ilwt2d_roundtrip	bior3.9	zero	Large / Sensitive	pywt	2.12132	0.010606599999999999	4.76837158203125e-07	0.9999999999999951	True	
2d	lwt2d+ilwt2d_roundtrip	bior3.9	constant	Large / Sensitive	pywt	2.12132	0.010606599999999999	4.172325134277344e-07	0.9999999999999953	True	
2d	lwt2d+ilwt2d_roundtrip	bior3.9	periodic	Large / Sensitive	pywt	2.12132	0.010606599999999999	4.172325134277344e-07	0.999999999999995	True	
2d	lwt2d+ilwt2d_roundtrip	bior3.9	antisymmetric	Large / Sensitive	pywt	2.12132	0.010606599999999999	4.76837158203125e-07	0.9999999999999948	True	
2d	lwt2d+ilwt2d_roundtrip	bior3.9	smooth	Large / Sensitive	pywt	2.12132	0.010606599999999999	4.172325134277344e-07	0.9999999999999952	True	
2d	lwt2d+ilwt2d_roundtrip	bior3.9	reflect	Large / Sensitive	pywt	2.12132	0.010606599999999999	4.76837158203125e-07	0.9999999999999948	True	
2d	lwt2d+ilwt2d_roundtrip	bior3.9	antireflect	Large / Sensitive	pywt	2.12132	0.010606599999999999	4.172325134277344e-07	0.9999999999999951	True	
2d	lwt2d+ilwt2d_roundtrip	bior4.4	symmetric	Compact	pywt	1.58613	0.00015861300000000002	2.980232238769531e-07	0.9999999999999951	True	
2d	lwt2d+ilwt2d_roundtrip	bior4.4	zero	Compact	pywt	1.58613	0.00015861300000000002	2.980232238769531e-07	0.9999999999999951	True	
2d	lwt2d+ilwt2d_roundtrip	bior4.4	constant	Compact	pywt	1.58613	0.00015861300000000002	2.980232238769531e-07	0.9999999999999951	True	
2d	lwt2d+ilwt2d_roundtrip	bior4.4	periodic	Compact	pywt	1.58613	0.00015861300000000002	2.980232238769531e-07	0.9999999999999952	True	
2d	lwt2d+ilwt2d_roundtrip	bior4.4	antisymmetric	Compact	pywt	1.58613	0.00015861300000000002	2.980232238769531e-07	0.9999999999999947	True	
2d	lwt2d+ilwt2d_roundtrip	bior4.4	smooth	Compact	pywt	1.58613	0.00015861300000000002	2.980232238769531e-07	0.999999999999995	True	
2d	lwt2d+ilwt2d_roundtrip	bior4.4	reflect	Compact	pywt	1.58613	0.00015861300000000002	2.980232238769531e-07	0.9999999999999951	True	
2d	lwt2d+ilwt2d_roundtrip	bior4.4	antireflect	Compact	pywt	1.58613	0.00015861300000000002	2.980232238769531e-07	0.9999999999999951	True	
2d	lwt2d+ilwt2d_roundtrip	bior5.5	symmetric	Compact	pywt	5.58579	0.000558579	3.5762786865234375e-07	0.9999999999999922	True	
2d	lwt2d+ilwt2d_roundtrip	bior5.5	zero	Compact	pywt	5.58579	0.000558579	3.5762786865234375e-07	0.9999999999999927	True	
2d	lwt2d+ilwt2d_roundtrip	bior5.5	constant	Compact	pywt	5.58579	0.000558579	4.172325134277344e-07	0.999999999999992	True	
2d	lwt2d+ilwt2d_roundtrip	bior5.5	periodic	Compact	pywt	5.58579	0.000558579	3.5762786865234375e-07	0.9999999999999927	True	
2d	lwt2d+ilwt2d_roundtrip	bior5.5	antisymmetric	Compact	pywt	5.58579	0.000558579	3.5762786865234375e-07	0.9999999999999925	True	
2d	lwt2d+ilwt2d_roundtrip	bior5.5	smooth	Compact	pywt	5.58579	0.000558579	3.5762786865234375e-07	0.9999999999999925	True	
2d	lwt2d+ilwt2d_roundtrip	bior5.5	reflect	Compact	pywt	5.58579	0.000558579	3.5762786865234375e-07	0.9999999999999922	True	
2d	lwt2d+ilwt2d_roundtrip	bior5.5	antireflect	Compact	pywt	5.58579	0.000558579	3.5762786865234375e-07	0.999999999999992	True	
2d	lwt2d+ilwt2d_roundtrip	bior6.8	symmetric	Large / Sensitive	pywt	1.15131	0.00575655	4.172325134277344e-07	0.9999999999999918	True	
2d	lwt2d+ilwt2d_roundtrip	bior6.8	zero	Large / Sensitive	pywt	1.15131	0.00575655	4.172325134277344e-07	0.9999999999999918	True	
2d	lwt2d+ilwt2d_roundtrip	bior6.8	constant	Large / Sensitive	pywt	1.15131	0.00575655	4.172325134277344e-07	0.9999999999999916	True	
2d	lwt2d+ilwt2d_roundtrip	bior6.8	periodic	Large / Sensitive	pywt	1.15131	0.00575655	4.172325134277344e-07	0.9999999999999918	True	
2d	lwt2d+ilwt2d_roundtrip	bior6.8	antisymmetric	Large / Sensitive	pywt	1.15131	0.00575655	4.172325134277344e-07	0.9999999999999922	True	
2d	lwt2d+ilwt2d_roundtrip	bior6.8	smooth	Large / Sensitive	pywt	1.15131	0.00575655	4.172325134277344e-07	0.9999999999999916	True	
2d	lwt2d+ilwt2d_roundtrip	bior6.8	reflect	Large / Sensitive	pywt	1.15131	0.00575655	4.172325134277344e-07	0.9999999999999918	True	
2d	lwt2d+ilwt2d_roundtrip	bior6.8	antireflect	Large / Sensitive	pywt	1.15131	0.00575655	4.172325134277344e-07	0.9999999999999918	True	
2d	lwt2d+ilwt2d_roundtrip	coif1	symmetric	Compact	pywt	91.8006	0.00918006	4.76837158203125e-07	0.9999999999999957	True	
2d	lwt2d+ilwt2d_roundtrip	coif1	zero	Compact	pywt	91.8006	0.00918006	4.172325134277344e-07	0.9999999999999954	True	
2d	lwt2d+ilwt2d_roundtrip	coif1	constant	Compact	pywt	91.8006	0.00918006	4.76837158203125e-07	0.9999999999999954	True	
2d	lwt2d+ilwt2d_roundtrip	coif1	periodic	Compact	pywt	91.8006	0.00918006	4.76837158203125e-07	0.999999999999995	True	
2d	lwt2d+ilwt2d_roundtrip	coif1	antisymmetric	Compact	pywt	91.8006	0.00918006	4.172325134277344e-07	0.9999999999999957	True	
2d	lwt2d+ilwt2d_roundtrip	coif1	smooth	Compact	pywt	91.8006	0.00918006	4.76837158203125e-07	0.999999999999996	True	
2d	lwt2d+ilwt2d_roundtrip	coif1	reflect	Compact	pywt	91.8006	0.00918006	4.76837158203125e-07	0.9999999999999954	True	
2d	lwt2d+ilwt2d_roundtrip	coif1	antireflect	Compact	pywt	91.8006	0.00918006	4.172325134277344e-07	0.9999999999999958	True	
2d	lwt2d+ilwt2d_roundtrip	coif10	symmetric	Large / Sensitive	pywt	2437.12	12.185599999999999	7.748603820800781e-07	0.9999999999999756	True	
2d	lwt2d+ilwt2d_roundtrip	coif10	zero	Large / Sensitive	pywt	2437.12	12.185599999999999	8.344650268554688e-07	0.9999999999999789	True	
2d	lwt2d+ilwt2d_roundtrip	coif10	constant	Large / Sensitive	pywt	2437.12	12.185599999999999	7.152557373046875e-07	0.9999999999999781	True	
2d	lwt2d+ilwt2d_roundtrip	coif10	periodic	Large / Sensitive	pywt	2437.12	12.185599999999999	7.748603820800781e-07	0.999999999999977	True	
2d	lwt2d+ilwt2d_roundtrip	coif10	antisymmetric	Large / Sensitive	pywt	2437.12	12.185599999999999	7.748603820800781e-07	0.9999999999999777	True	
2d	lwt2d+ilwt2d_roundtrip	coif10	smooth	Large / Sensitive	pywt	2437.12	12.185599999999999	7.748603820800781e-07	0.9999999999999764	True	
2d	lwt2d+ilwt2d_roundtrip	coif10	reflect	Large / Sensitive	pywt	2437.12	12.185599999999999	7.152557373046875e-07	0.9999999999999764	True	
2d	lwt2d+ilwt2d_roundtrip	coif10	antireflect	Large / Sensitive	pywt	2437.12	12.185599999999999	8.344650268554688e-07	0.999999999999976	True	
2d	lwt2d+ilwt2d_roundtrip	coif11	symmetric	Large / Sensitive	pywt	16170.8	80.854	6.556510925292969e-07	0.9999999999999758	True	
2d	lwt2d+ilwt2d_roundtrip	coif11	zero	Large / Sensitive	pywt	16170.8	80.854	6.556510925292969e-07	0.9999999999999779	True	
2d	lwt2d+ilwt2d_roundtrip	coif11	constant	Large / Sensitive	pywt	16170.8	80.854	7.152557373046875e-07	0.9999999999999752	True	
2d	lwt2d+ilwt2d_roundtrip	coif11	periodic	Large / Sensitive	pywt	16170.8	80.854	6.556510925292969e-07	0.9999999999999746	True	
2d	lwt2d+ilwt2d_roundtrip	coif11	antisymmetric	Large / Sensitive	pywt	16170.8	80.854	6.556510925292969e-07	0.9999999999999739	True	
2d	lwt2d+ilwt2d_roundtrip	coif11	smooth	Large / Sensitive	pywt	16170.8	80.854	7.748603820800781e-07	0.9999999999999751	True	
2d	lwt2d+ilwt2d_roundtrip	coif11	reflect	Large / Sensitive	pywt	16170.8	80.854	7.152557373046875e-07	0.9999999999999728	True	
2d	lwt2d+ilwt2d_roundtrip	coif11	antireflect	Large / Sensitive	pywt	16170.8	80.854	7.152557373046875e-07	0.9999999999999744	True	
2d	lwt2d+ilwt2d_roundtrip	coif12	symmetric	Large / Sensitive	pywt	2116.57	10.58285	7.152557373046875e-07	0.9999999999999741	True	
2d	lwt2d+ilwt2d_roundtrip	coif12	zero	Large / Sensitive	pywt	2116.57	10.58285	5.960464477539062e-07	0.9999999999999776	True	
2d	lwt2d+ilwt2d_roundtrip	coif12	constant	Large / Sensitive	pywt	2116.57	10.58285	6.556510925292969e-07	0.9999999999999752	True	
2d	lwt2d+ilwt2d_roundtrip	coif12	periodic	Large / Sensitive	pywt	2116.57	10.58285	8.940696716308594e-07	0.9999999999999705	True	
2d	lwt2d+ilwt2d_roundtrip	coif12	antisymmetric	Large / Sensitive	pywt	2116.57	10.58285	7.152557373046875e-07	0.9999999999999727	True	
2d	lwt2d+ilwt2d_roundtrip	coif12	smooth	Large / Sensitive	pywt	2116.57	10.58285	7.152557373046875e-07	0.9999999999999728	True	
2d	lwt2d+ilwt2d_roundtrip	coif12	reflect	Large / Sensitive	pywt	2116.57	10.58285	7.152557373046875e-07	0.9999999999999732	True	
2d	lwt2d+ilwt2d_roundtrip	coif12	antireflect	Large / Sensitive	pywt	2116.57	10.58285	8.344650268554688e-07	0.9999999999999727	True	
2d	lwt2d+ilwt2d_roundtrip	coif13	symmetric	Large / Sensitive	pywt	23489.6	117.448	8.940696716308594e-07	0.9999999999999735	True	
2d	lwt2d+ilwt2d_roundtrip	coif13	zero	Large / Sensitive	pywt	23489.6	117.448	7.748603820800781e-07	0.9999999999999789	True	
2d	lwt2d+ilwt2d_roundtrip	coif13	constant	Large / Sensitive	pywt	23489.6	117.448	8.344650268554688e-07	0.9999999999999754	True	
2d	lwt2d+ilwt2d_roundtrip	coif13	periodic	Large / Sensitive	pywt	23489.6	117.448	8.940696716308594e-07	0.9999999999999744	True	
2d	lwt2d+ilwt2d_roundtrip	coif13	antisymmetric	Large / Sensitive	pywt	23489.6	117.448	8.940696716308594e-07	0.9999999999999757	True	
2d	lwt2d+ilwt2d_roundtrip	coif13	smooth	Large / Sensitive	pywt	23489.6	117.448	8.344650268554688e-07	0.9999999999999731	True	
2d	lwt2d+ilwt2d_roundtrip	coif13	reflect	Large / Sensitive	pywt	23489.6	117.448	7.152557373046875e-07	0.9999999999999754	True	
2d	lwt2d+ilwt2d_roundtrip	coif13	antireflect	Large / Sensitive	pywt	23489.6	117.448	7.748603820800781e-07	0.9999999999999727	True	
2d	lwt2d+ilwt2d_roundtrip	coif14	symmetric	Large / Sensitive	pywt	3417.27	17.08635	7.748603820800781e-07	0.9999999999999734	True	
2d	lwt2d+ilwt2d_roundtrip	coif14	zero	Large / Sensitive	pywt	3417.27	17.08635	8.344650268554688e-07	0.999999999999977	True	
2d	lwt2d+ilwt2d_roundtrip	coif14	constant	Large / Sensitive	pywt	3417.27	17.08635	8.940696716308594e-07	0.9999999999999758	True	
2d	lwt2d+ilwt2d_roundtrip	coif14	periodic	Large / Sensitive	pywt	3417.27	17.08635	6.556510925292969e-07	0.9999999999999747	True	
2d	lwt2d+ilwt2d_roundtrip	coif14	antisymmetric	Large / Sensitive	pywt	3417.27	17.08635	7.748603820800781e-07	0.9999999999999716	True	
2d	lwt2d+ilwt2d_roundtrip	coif14	smooth	Large / Sensitive	pywt	3417.27	17.08635	7.152557373046875e-07	0.9999999999999759	True	
2d	lwt2d+ilwt2d_roundtrip	coif14	reflect	Large / Sensitive	pywt	3417.27	17.08635	7.748603820800781e-07	0.9999999999999737	True	
2d	lwt2d+ilwt2d_roundtrip	coif14	antireflect	Large / Sensitive	pywt	3417.27	17.08635	7.152557373046875e-07	0.9999999999999742	True	
2d	lwt2d+ilwt2d_roundtrip	coif15	symmetric	Large / Sensitive	pywt	36169.8	180.84900000000002	8.344650268554688e-07	0.999999999999972	True	
2d	lwt2d+ilwt2d_roundtrip	coif15	zero	Large / Sensitive	pywt	36169.8	180.84900000000002	8.940696716308594e-07	0.9999999999999766	True	
2d	lwt2d+ilwt2d_roundtrip	coif15	constant	Large / Sensitive	pywt	36169.8	180.84900000000002	7.748603820800781e-07	0.9999999999999741	True	
2d	lwt2d+ilwt2d_roundtrip	coif15	periodic	Large / Sensitive	pywt	36169.8	180.84900000000002	8.344650268554688e-07	0.9999999999999715	True	
2d	lwt2d+ilwt2d_roundtrip	coif15	antisymmetric	Large / Sensitive	pywt	36169.8	180.84900000000002	8.344650268554688e-07	0.9999999999999714	True	
2d	lwt2d+ilwt2d_roundtrip	coif15	smooth	Large / Sensitive	pywt	36169.8	180.84900000000002	1.0132789611816406e-06	0.9999999999999697	True	
2d	lwt2d+ilwt2d_roundtrip	coif15	reflect	Large / Sensitive	pywt	36169.8	180.84900000000002	8.344650268554688e-07	0.9999999999999694	True	
2d	lwt2d+ilwt2d_roundtrip	coif15	antireflect	Large / Sensitive	pywt	36169.8	180.84900000000002	9.5367431640625e-07	0.9999999999999676	True	
2d	lwt2d+ilwt2d_roundtrip	coif16	symmetric	Large / Sensitive	pywt	4375.36	21.8768	7.152557373046875e-07	0.999999999999972	True	
2d	lwt2d+ilwt2d_roundtrip	coif16	zero	Large / Sensitive	pywt	4375.36	21.8768	8.344650268554688e-07	0.9999999999999745	True	
2d	lwt2d+ilwt2d_roundtrip	coif16	constant	Large / Sensitive	pywt	4375.36	21.8768	7.152557373046875e-07	0.9999999999999714	True	
2d	lwt2d+ilwt2d_roundtrip	coif16	periodic	Large / Sensitive	pywt	4375.36	21.8768	7.152557373046875e-07	0.9999999999999709	True	
2d	lwt2d+ilwt2d_roundtrip	coif16	antisymmetric	Large / Sensitive	pywt	4375.36	21.8768	7.748603820800781e-07	0.9999999999999701	True	
2d	lwt2d+ilwt2d_roundtrip	coif16	smooth	Large / Sensitive	pywt	4375.36	21.8768	7.748603820800781e-07	0.9999999999999699	True	
2d	lwt2d+ilwt2d_roundtrip	coif16	reflect	Large / Sensitive	pywt	4375.36	21.8768	7.152557373046875e-07	0.9999999999999702	True	
2d	lwt2d+ilwt2d_roundtrip	coif16	antireflect	Large / Sensitive	pywt	4375.36	21.8768	6.556510925292969e-07	0.9999999999999726	True	
2d	lwt2d+ilwt2d_roundtrip	coif17	symmetric	Large / Sensitive	pywt	34912.6	174.563	6.556510925292969e-07	0.9999999999999691	True	
2d	lwt2d+ilwt2d_roundtrip	coif17	zero	Large / Sensitive	pywt	34912.6	174.563	5.364418029785156e-07	0.9999999999999731	True	
2d	lwt2d+ilwt2d_roundtrip	coif17	constant	Large / Sensitive	pywt	34912.6	174.563	7.748603820800781e-07	0.9999999999999707	True	
2d	lwt2d+ilwt2d_roundtrip	coif17	periodic	Large / Sensitive	pywt	34912.6	174.563	7.152557373046875e-07	0.9999999999999676	True	
2d	lwt2d+ilwt2d_roundtrip	coif17	antisymmetric	Large / Sensitive	pywt	34912.6	174.563	7.748603820800781e-07	0.9999999999999674	True	
2d	lwt2d+ilwt2d_roundtrip	coif17	smooth	Large / Sensitive	pywt	34912.6	174.563	5.960464477539062e-07	0.9999999999999676	True	
2d	lwt2d+ilwt2d_roundtrip	coif17	reflect	Large / Sensitive	pywt	34912.6	174.563	7.748603820800781e-07	0.9999999999999698	True	
2d	lwt2d+ilwt2d_roundtrip	coif17	antireflect	Large / Sensitive	pywt	34912.6	174.563	6.556510925292969e-07	0.9999999999999688	True	
2d	lwt2d+ilwt2d_roundtrip	coif2	symmetric	Compact	pywt	3.57823	0.000357823	2.980232238769531e-07	0.9999999999999929	True	
2d	lwt2d+ilwt2d_roundtrip	coif2	zero	Compact	pywt	3.57823	0.000357823	3.5762786865234375e-07	0.9999999999999929	True	
2d	lwt2d+ilwt2d_roundtrip	coif2	constant	Compact	pywt	3.57823	0.000357823	3.5762786865234375e-07	0.9999999999999931	True	
2d	lwt2d+ilwt2d_roundtrip	coif2	periodic	Compact	pywt	3.57823	0.000357823	2.980232238769531e-07	0.9999999999999931	True	
2d	lwt2d+ilwt2d_roundtrip	coif2	antisymmetric	Compact	pywt	3.57823	0.000357823	3.5762786865234375e-07	0.9999999999999929	True	
2d	lwt2d+ilwt2d_roundtrip	coif2	smooth	Compact	pywt	3.57823	0.000357823	2.980232238769531e-07	0.9999999999999929	True	
2d	lwt2d+ilwt2d_roundtrip	coif2	reflect	Compact	pywt	3.57823	0.000357823	2.980232238769531e-07	0.9999999999999927	True	
2d	lwt2d+ilwt2d_roundtrip	coif2	antireflect	Compact	pywt	3.57823	0.000357823	2.980232238769531e-07	0.9999999999999933	True	
2d	lwt2d+ilwt2d_roundtrip	coif3	symmetric	Medium	pywt	42.7863	0.0427863	5.960464477539062e-07	0.9999999999999902	True	
2d	lwt2d+ilwt2d_roundtrip	coif3	zero	Medium	pywt	42.7863	0.0427863	5.960464477539062e-07	0.9999999999999902	True	
2d	lwt2d+ilwt2d_roundtrip	coif3	constant	Medium	pywt	42.7863	0.0427863	5.960464477539062e-07	0.9999999999999902	True	
2d	lwt2d+ilwt2d_roundtrip	coif3	periodic	Medium	pywt	42.7863	0.0427863	5.960464477539062e-07	0.9999999999999905	True	
2d	lwt2d+ilwt2d_roundtrip	coif3	antisymmetric	Medium	pywt	42.7863	0.0427863	5.960464477539062e-07	0.99999999999999	True	
2d	lwt2d+ilwt2d_roundtrip	coif3	smooth	Medium	pywt	42.7863	0.0427863	6.556510925292969e-07	0.9999999999999898	True	
2d	lwt2d+ilwt2d_roundtrip	coif3	reflect	Medium	pywt	42.7863	0.0427863	4.172325134277344e-07	0.9999999999999905	True	
2d	lwt2d+ilwt2d_roundtrip	coif3	antireflect	Medium	pywt	42.7863	0.0427863	5.364418029785156e-07	0.99999999999999	True	
2d	lwt2d+ilwt2d_roundtrip	coif4	symmetric	Medium	pywt	14.799	0.014799	5.364418029785156e-07	0.9999999999999873	True	
2d	lwt2d+ilwt2d_roundtrip	coif4	zero	Medium	pywt	14.799	0.014799	5.364418029785156e-07	0.9999999999999877	True	
2d	lwt2d+ilwt2d_roundtrip	coif4	constant	Medium	pywt	14.799	0.014799	5.364418029785156e-07	0.9999999999999875	True	
2d	lwt2d+ilwt2d_roundtrip	coif4	periodic	Medium	pywt	14.799	0.014799	5.960464477539062e-07	0.9999999999999875	True	
2d	lwt2d+ilwt2d_roundtrip	coif4	antisymmetric	Medium	pywt	14.799	0.014799	5.960464477539062e-07	0.999999999999987	True	
2d	lwt2d+ilwt2d_roundtrip	coif4	smooth	Medium	pywt	14.799	0.014799	5.960464477539062e-07	0.9999999999999875	True	
2d	lwt2d+ilwt2d_roundtrip	coif4	reflect	Medium	pywt	14.799	0.014799	5.364418029785156e-07	0.9999999999999873	True	
2d	lwt2d+ilwt2d_roundtrip	coif4	antireflect	Medium	pywt	14.799	0.014799	5.364418029785156e-07	0.9999999999999866	True	
2d	lwt2d+ilwt2d_roundtrip	coif5	symmetric	Large / Sensitive	pywt	283.731	1.418655	5.960464477539062e-07	0.9999999999999856	True	
2d	lwt2d+ilwt2d_roundtrip	coif5	zero	Large / Sensitive	pywt	283.731	1.418655	6.556510925292969e-07	0.9999999999999858	True	
2d	lwt2d+ilwt2d_roundtrip	coif5	constant	Large / Sensitive	pywt	283.731	1.418655	5.960464477539062e-07	0.9999999999999873	True	
2d	lwt2d+ilwt2d_roundtrip	coif5	periodic	Large / Sensitive	pywt	283.731	1.418655	5.960464477539062e-07	0.9999999999999865	True	
2d	lwt2d+ilwt2d_roundtrip	coif5	antisymmetric	Large / Sensitive	pywt	283.731	1.418655	5.960464477539062e-07	0.9999999999999856	True	
2d	lwt2d+ilwt2d_roundtrip	coif5	smooth	Large / Sensitive	pywt	283.731	1.418655	5.960464477539062e-07	0.9999999999999865	True	
2d	lwt2d+ilwt2d_roundtrip	coif5	reflect	Large / Sensitive	pywt	283.731	1.418655	7.152557373046875e-07	0.9999999999999856	True	
2d	lwt2d+ilwt2d_roundtrip	coif5	antireflect	Large / Sensitive	pywt	283.731	1.418655	6.556510925292969e-07	0.9999999999999869	True	
2d	lwt2d+ilwt2d_roundtrip	coif6	symmetric	Large / Sensitive	pywt	93.4704	0.467352	7.152557373046875e-07	0.9999999999999841	True	
2d	lwt2d+ilwt2d_roundtrip	coif6	zero	Large / Sensitive	pywt	93.4704	0.467352	5.364418029785156e-07	0.9999999999999857	True	
2d	lwt2d+ilwt2d_roundtrip	coif6	constant	Large / Sensitive	pywt	93.4704	0.467352	7.152557373046875e-07	0.999999999999985	True	
2d	lwt2d+ilwt2d_roundtrip	coif6	periodic	Large / Sensitive	pywt	93.4704	0.467352	7.152557373046875e-07	0.9999999999999845	True	
2d	lwt2d+ilwt2d_roundtrip	coif6	antisymmetric	Large / Sensitive	pywt	93.4704	0.467352	7.152557373046875e-07	0.9999999999999845	True	
2d	lwt2d+ilwt2d_roundtrip	coif6	smooth	Large / Sensitive	pywt	93.4704	0.467352	5.364418029785156e-07	0.9999999999999845	True	
2d	lwt2d+ilwt2d_roundtrip	coif6	reflect	Large / Sensitive	pywt	93.4704	0.467352	7.152557373046875e-07	0.9999999999999848	True	
2d	lwt2d+ilwt2d_roundtrip	coif6	antireflect	Large / Sensitive	pywt	93.4704	0.467352	5.364418029785156e-07	0.9999999999999836	True	
2d	lwt2d+ilwt2d_roundtrip	coif7	symmetric	Large / Sensitive	pywt	1724.88	8.624400000000001	6.556510925292969e-07	0.9999999999999823	True	
2d	lwt2d+ilwt2d_roundtrip	coif7	zero	Large / Sensitive	pywt	1724.88	8.624400000000001	6.556510925292969e-07	0.9999999999999847	True	
2d	lwt2d+ilwt2d_roundtrip	coif7	constant	Large / Sensitive	pywt	1724.88	8.624400000000001	5.364418029785156e-07	0.9999999999999847	True	
2d	lwt2d+ilwt2d_roundtrip	coif7	periodic	Large / Sensitive	pywt	1724.88	8.624400000000001	5.960464477539062e-07	0.9999999999999825	True	
2d	lwt2d+ilwt2d_roundtrip	coif7	antisymmetric	Large / Sensitive	pywt	1724.88	8.624400000000001	6.556510925292969e-07	0.9999999999999831	True	
2d	lwt2d+ilwt2d_roundtrip	coif7	smooth	Large / Sensitive	pywt	1724.88	8.624400000000001	5.960464477539062e-07	0.9999999999999836	True	
2d	lwt2d+ilwt2d_roundtrip	coif7	reflect	Large / Sensitive	pywt	1724.88	8.624400000000001	5.364418029785156e-07	0.9999999999999811	True	
2d	lwt2d+ilwt2d_roundtrip	coif7	antireflect	Large / Sensitive	pywt	1724.88	8.624400000000001	7.152557373046875e-07	0.9999999999999818	True	
2d	lwt2d+ilwt2d_roundtrip	coif8	symmetric	Large / Sensitive	pywt	828.314	4.14157	7.152557373046875e-07	0.9999999999999821	True	
2d	lwt2d+ilwt2d_roundtrip	coif8	zero	Large / Sensitive	pywt	828.314	4.14157	6.556510925292969e-07	0.9999999999999837	True	
2d	lwt2d+ilwt2d_roundtrip	coif8	constant	Large / Sensitive	pywt	828.314	4.14157	6.556510925292969e-07	0.9999999999999822	True	
2d	lwt2d+ilwt2d_roundtrip	coif8	periodic	Large / Sensitive	pywt	828.314	4.14157	6.556510925292969e-07	0.9999999999999819	True	
2d	lwt2d+ilwt2d_roundtrip	coif8	antisymmetric	Large / Sensitive	pywt	828.314	4.14157	8.940696716308594e-07	0.9999999999999813	True	
2d	lwt2d+ilwt2d_roundtrip	coif8	smooth	Large / Sensitive	pywt	828.314	4.14157	7.152557373046875e-07	0.9999999999999809	True	
2d	lwt2d+ilwt2d_roundtrip	coif8	reflect	Large / Sensitive	pywt	828.314	4.14157	8.940696716308594e-07	0.9999999999999792	True	
2d	lwt2d+ilwt2d_roundtrip	coif8	antireflect	Large / Sensitive	pywt	828.314	4.14157	6.556510925292969e-07	0.999999999999981	True	
2d	lwt2d+ilwt2d_roundtrip	coif9	symmetric	Large / Sensitive	pywt	306199	1530.9950000000001	7.152557373046875e-07	0.999999999999977	True	
2d	lwt2d+ilwt2d_roundtrip	coif9	zero	Large / Sensitive	pywt	306199	1530.9950000000001	7.748603820800781e-07	0.9999999999999809	True	
2d	lwt2d+ilwt2d_roundtrip	coif9	constant	Large / Sensitive	pywt	306199	1530.9950000000001	7.748603820800781e-07	0.9999999999999795	True	
2d	lwt2d+ilwt2d_roundtrip	coif9	periodic	Large / Sensitive	pywt	306199	1530.9950000000001	7.152557373046875e-07	0.9999999999999781	True	
2d	lwt2d+ilwt2d_roundtrip	coif9	antisymmetric	Large / Sensitive	pywt	306199	1530.9950000000001	8.344650268554688e-07	0.9999999999999782	True	
2d	lwt2d+ilwt2d_roundtrip	coif9	smooth	Large / Sensitive	pywt	306199	1530.9950000000001	6.556510925292969e-07	0.9999999999999788	True	
2d	lwt2d+ilwt2d_roundtrip	coif9	reflect	Large / Sensitive	pywt	306199	1530.9950000000001	7.152557373046875e-07	0.999999999999979	True	
2d	lwt2d+ilwt2d_roundtrip	coif9	antireflect	Large / Sensitive	pywt	306199	1530.9950000000001	8.940696716308594e-07	0.9999999999999764	True	
2d	lwt2d+ilwt2d_roundtrip	db1	symmetric	Compact	pywt	1.41421	0.000141421	1.7881393432617188e-07	0.9999999999999989	True	
2d	lwt2d+ilwt2d_roundtrip	db1	zero	Compact	pywt	1.41421	0.000141421	1.7881393432617188e-07	0.9999999999999989	True	
2d	lwt2d+ilwt2d_roundtrip	db1	constant	Compact	pywt	1.41421	0.000141421	1.7881393432617188e-07	0.9999999999999989	True	
2d	lwt2d+ilwt2d_roundtrip	db1	periodic	Compact	pywt	1.41421	0.000141421	1.7881393432617188e-07	0.9999999999999989	True	
2d	lwt2d+ilwt2d_roundtrip	db1	antisymmetric	Compact	pywt	1.41421	0.000141421	1.7881393432617188e-07	0.9999999999999989	True	
2d	lwt2d+ilwt2d_roundtrip	db1	smooth	Compact	pywt	1.41421	0.000141421	1.7881393432617188e-07	0.9999999999999989	True	
2d	lwt2d+ilwt2d_roundtrip	db1	reflect	Compact	pywt	1.41421	0.000141421	1.7881393432617188e-07	0.9999999999999989	True	
2d	lwt2d+ilwt2d_roundtrip	db1	antireflect	Compact	pywt	1.41421	0.000141421	1.7881393432617188e-07	0.9999999999999989	True	
2d	lwt2d+ilwt2d_roundtrip	db10	symmetric	Medium	pywt	21.6996	0.0216996	4.172325134277344e-07	0.9999999999999905	True	
2d	lwt2d+ilwt2d_roundtrip	db10	zero	Medium	pywt	21.6996	0.0216996	4.172325134277344e-07	0.9999999999999918	True	
2d	lwt2d+ilwt2d_roundtrip	db10	constant	Medium	pywt	21.6996	0.0216996	4.172325134277344e-07	0.9999999999999917	True	
2d	lwt2d+ilwt2d_roundtrip	db10	periodic	Medium	pywt	21.6996	0.0216996	4.76837158203125e-07	0.9999999999999907	True	
2d	lwt2d+ilwt2d_roundtrip	db10	antisymmetric	Medium	pywt	21.6996	0.0216996	4.172325134277344e-07	0.9999999999999911	True	
2d	lwt2d+ilwt2d_roundtrip	db10	smooth	Medium	pywt	21.6996	0.0216996	4.172325134277344e-07	0.9999999999999913	True	
2d	lwt2d+ilwt2d_roundtrip	db10	reflect	Medium	pywt	21.6996	0.0216996	4.172325134277344e-07	0.9999999999999911	True	
2d	lwt2d+ilwt2d_roundtrip	db10	antireflect	Medium	pywt	21.6996	0.0216996	4.172325134277344e-07	0.9999999999999906	True	
2d	lwt2d+ilwt2d_roundtrip	db11	symmetric	Medium	pywt	1039.05	1.03905	4.76837158203125e-07	0.9999999999999907	True	
2d	lwt2d+ilwt2d_roundtrip	db11	zero	Medium	pywt	1039.05	1.03905	4.172325134277344e-07	0.9999999999999903	True	
2d	lwt2d+ilwt2d_roundtrip	db11	constant	Medium	pywt	1039.05	1.03905	4.172325134277344e-07	0.9999999999999902	True	
2d	lwt2d+ilwt2d_roundtrip	db11	periodic	Medium	pywt	1039.05	1.03905	4.172325134277344e-07	0.9999999999999905	True	
2d	lwt2d+ilwt2d_roundtrip	db11	antisymmetric	Medium	pywt	1039.05	1.03905	3.5762786865234375e-07	0.9999999999999903	True	
2d	lwt2d+ilwt2d_roundtrip	db11	smooth	Medium	pywt	1039.05	1.03905	3.5762786865234375e-07	0.999999999999991	True	
2d	lwt2d+ilwt2d_roundtrip	db11	reflect	Medium	pywt	1039.05	1.03905	4.172325134277344e-07	0.9999999999999901	True	
2d	lwt2d+ilwt2d_roundtrip	db11	antireflect	Medium	pywt	1039.05	1.03905	3.5762786865234375e-07	0.9999999999999911	True	
2d	lwt2d+ilwt2d_roundtrip	db12	symmetric	Medium	pywt	43.1261	0.0431261	4.172325134277344e-07	0.9999999999999905	True	
2d	lwt2d+ilwt2d_roundtrip	db12	zero	Medium	pywt	43.1261	0.0431261	4.172325134277344e-07	0.9999999999999902	True	
2d	lwt2d+ilwt2d_roundtrip	db12	constant	Medium	pywt	43.1261	0.0431261	4.76837158203125e-07	0.9999999999999905	True	
2d	lwt2d+ilwt2d_roundtrip	db12	periodic	Medium	pywt	43.1261	0.0431261	3.5762786865234375e-07	0.9999999999999902	True	
2d	lwt2d+ilwt2d_roundtrip	db12	antisymmetric	Medium	pywt	43.1261	0.0431261	4.76837158203125e-07	0.9999999999999898	True	
2d	lwt2d+ilwt2d_roundtrip	db12	smooth	Medium	pywt	43.1261	0.0431261	4.172325134277344e-07	0.9999999999999909	True	
2d	lwt2d+ilwt2d_roundtrip	db12	reflect	Medium	pywt	43.1261	0.0431261	4.76837158203125e-07	0.99999999999999	True	
2d	lwt2d+ilwt2d_roundtrip	db12	antireflect	Medium	pywt	43.1261	0.0431261	4.172325134277344e-07	0.99999999999999	True	
2d	lwt2d+ilwt2d_roundtrip	db13	symmetric	Large / Sensitive	pywt	2596.18	12.9809	4.76837158203125e-07	0.9999999999999887	True	
2d	lwt2d+ilwt2d_roundtrip	db13	zero	Large / Sensitive	pywt	2596.18	12.9809	3.5762786865234375e-07	0.9999999999999891	True	
2d	lwt2d+ilwt2d_roundtrip	db13	constant	Large / Sensitive	pywt	2596.18	12.9809	4.172325134277344e-07	0.9999999999999891	True	
2d	lwt2d+ilwt2d_roundtrip	db13	periodic	Large / Sensitive	pywt	2596.18	12.9809	4.76837158203125e-07	0.9999999999999887	True	
2d	lwt2d+ilwt2d_roundtrip	db13	antisymmetric	Large / Sensitive	pywt	2596.18	12.9809	4.172325134277344e-07	0.9999999999999885	True	
2d	lwt2d+ilwt2d_roundtrip	db13	smooth	Large / Sensitive	pywt	2596.18	12.9809	4.172325134277344e-07	0.9999999999999891	True	
2d	lwt2d+ilwt2d_roundtrip	db13	reflect	Large / Sensitive	pywt	2596.18	12.9809	4.172325134277344e-07	0.9999999999999891	True	
2d	lwt2d+ilwt2d_roundtrip	db13	antireflect	Large / Sensitive	pywt	2596.18	12.9809	4.76837158203125e-07	0.9999999999999896	True	
2d	lwt2d+ilwt2d_roundtrip	db14	symmetric	Large / Sensitive	pywt	85.6274	0.428137	4.76837158203125e-07	0.9999999999999887	True	
2d	lwt2d+ilwt2d_roundtrip	db14	zero	Large / Sensitive	pywt	85.6274	0.428137	3.5762786865234375e-07	0.999999999999989	True	
2d	lwt2d+ilwt2d_roundtrip	db14	constant	Large / Sensitive	pywt	85.6274	0.428137	5.960464477539062e-07	0.9999999999999881	True	
2d	lwt2d+ilwt2d_roundtrip	db14	periodic	Large / Sensitive	pywt	85.6274	0.428137	4.172325134277344e-07	0.9999999999999889	True	
2d	lwt2d+ilwt2d_roundtrip	db14	antisymmetric	Large / Sensitive	pywt	85.6274	0.428137	3.5762786865234375e-07	0.9999999999999886	True	
2d	lwt2d+ilwt2d_roundtrip	db14	smooth	Large / Sensitive	pywt	85.6274	0.428137	4.76837158203125e-07	0.9999999999999878	True	
2d	lwt2d+ilwt2d_roundtrip	db14	reflect	Large / Sensitive	pywt	85.6274	0.428137	4.76837158203125e-07	0.9999999999999879	True	
2d	lwt2d+ilwt2d_roundtrip	db14	antireflect	Large / Sensitive	pywt	85.6274	0.428137	4.172325134277344e-07	0.9999999999999886	True	
2d	lwt2d+ilwt2d_roundtrip	db15	symmetric	Large / Sensitive	pywt	6283.63	31.41815	4.76837158203125e-07	0.9999999999999873	True	
2d	lwt2d+ilwt2d_roundtrip	db15	zero	Large / Sensitive	pywt	6283.63	31.41815	5.364418029785156e-07	0.9999999999999885	True	
2d	lwt2d+ilwt2d_roundtrip	db15	constant	Large / Sensitive	pywt	6283.63	31.41815	5.364418029785156e-07	0.999999999999988	True	
2d	lwt2d+ilwt2d_roundtrip	db15	periodic	Large / Sensitive	pywt	6283.63	31.41815	4.76837158203125e-07	0.9999999999999876	True	
2d	lwt2d+ilwt2d_roundtrip	db15	antisymmetric	Large / Sensitive	pywt	6283.63	31.41815	4.76837158203125e-07	0.9999999999999882	True	
2d	lwt2d+ilwt2d_roundtrip	db15	smooth	Large / Sensitive	pywt	6283.63	31.41815	5.960464477539062e-07	0.999999999999988	True	
2d	lwt2d+ilwt2d_roundtrip	db15	reflect	Large / Sensitive	pywt	6283.63	31.41815	5.364418029785156e-07	0.9999999999999876	True	
2d	lwt2d+ilwt2d_roundtrip	db15	antireflect	Large / Sensitive	pywt	6283.63	31.41815	5.960464477539062e-07	0.9999999999999882	True	
2d	lwt2d+ilwt2d_roundtrip	db16	symmetric	Large / Sensitive	pywt	170.158	0.8507899999999999	4.172325134277344e-07	0.9999999999999869	True	
2d	lwt2d+ilwt2d_roundtrip	db16	zero	Large / Sensitive	pywt	170.158	0.8507899999999999	4.172325134277344e-07	0.9999999999999868	True	
2d	lwt2d+ilwt2d_roundtrip	db16	constant	Large / Sensitive	pywt	170.158	0.8507899999999999	4.172325134277344e-07	0.9999999999999873	True	
2d	lwt2d+ilwt2d_roundtrip	db16	periodic	Large / Sensitive	pywt	170.158	0.8507899999999999	4.172325134277344e-07	0.9999999999999862	True	
2d	lwt2d+ilwt2d_roundtrip	db16	antisymmetric	Large / Sensitive	pywt	170.158	0.8507899999999999	4.172325134277344e-07	0.9999999999999861	True	
2d	lwt2d+ilwt2d_roundtrip	db16	smooth	Large / Sensitive	pywt	170.158	0.8507899999999999	4.172325134277344e-07	0.999999999999986	True	
2d	lwt2d+ilwt2d_roundtrip	db16	reflect	Large / Sensitive	pywt	170.158	0.8507899999999999	4.172325134277344e-07	0.9999999999999858	True	
2d	lwt2d+ilwt2d_roundtrip	db16	antireflect	Large / Sensitive	pywt	170.158	0.8507899999999999	4.76837158203125e-07	0.9999999999999853	True	
2d	lwt2d+ilwt2d_roundtrip	db17	symmetric	Large / Sensitive	pywt	15893.3	79.4665	4.172325134277344e-07	0.9999999999999862	True	
2d	lwt2d+ilwt2d_roundtrip	db17	zero	Large / Sensitive	pywt	15893.3	79.4665	4.172325134277344e-07	0.9999999999999876	True	
2d	lwt2d+ilwt2d_roundtrip	db17	constant	Large / Sensitive	pywt	15893.3	79.4665	4.172325134277344e-07	0.9999999999999867	True	
2d	lwt2d+ilwt2d_roundtrip	db17	periodic	Large / Sensitive	pywt	15893.3	79.4665	4.76837158203125e-07	0.9999999999999871	True	
2d	lwt2d+ilwt2d_roundtrip	db17	antisymmetric	Large / Sensitive	pywt	15893.3	79.4665	4.172325134277344e-07	0.9999999999999878	True	
2d	lwt2d+ilwt2d_roundtrip	db17	smooth	Large / Sensitive	pywt	15893.3	79.4665	4.76837158203125e-07	0.9999999999999867	True	
2d	lwt2d+ilwt2d_roundtrip	db17	reflect	Large / Sensitive	pywt	15893.3	79.4665	5.364418029785156e-07	0.999999999999986	True	
2d	lwt2d+ilwt2d_roundtrip	db17	antireflect	Large / Sensitive	pywt	15893.3	79.4665	5.364418029785156e-07	0.9999999999999871	True	
2d	lwt2d+ilwt2d_roundtrip	db18	symmetric	Large / Sensitive	pywt	487.219	2.436095	4.172325134277344e-07	0.9999999999999857	True	
2d	lwt2d+ilwt2d_roundtrip	db18	zero	Large / Sensitive	pywt	487.219	2.436095	4.76837158203125e-07	0.9999999999999869	True	
2d	lwt2d+ilwt2d_roundtrip	db18	constant	Large / Sensitive	pywt	487.219	2.436095	4.172325134277344e-07	0.999999999999986	True	
2d	lwt2d+ilwt2d_roundtrip	db18	periodic	Large / Sensitive	pywt	487.219	2.436095	4.76837158203125e-07	0.9999999999999857	True	
2d	lwt2d+ilwt2d_roundtrip	db18	antisymmetric	Large / Sensitive	pywt	487.219	2.436095	4.76837158203125e-07	0.9999999999999856	True	
2d	lwt2d+ilwt2d_roundtrip	db18	smooth	Large / Sensitive	pywt	487.219	2.436095	5.364418029785156e-07	0.999999999999985	True	
2d	lwt2d+ilwt2d_roundtrip	db18	reflect	Large / Sensitive	pywt	487.219	2.436095	5.364418029785156e-07	0.9999999999999851	True	
2d	lwt2d+ilwt2d_roundtrip	db18	antireflect	Large / Sensitive	pywt	487.219	2.436095	4.76837158203125e-07	0.9999999999999862	True	
2d	lwt2d+ilwt2d_roundtrip	db19	symmetric	Large / Sensitive	pywt	105101	525.505	4.172325134277344e-07	0.9999999999999863	True	
2d	lwt2d+ilwt2d_roundtrip	db19	zero	Large / Sensitive	pywt	105101	525.505	4.76837158203125e-07	0.9999999999999858	True	
2d	lwt2d+ilwt2d_roundtrip	db19	constant	Large / Sensitive	pywt	105101	525.505	4.172325134277344e-07	0.9999999999999857	True	
2d	lwt2d+ilwt2d_roundtrip	db19	periodic	Large / Sensitive	pywt	105101	525.505	5.364418029785156e-07	0.9999999999999849	True	
2d	lwt2d+ilwt2d_roundtrip	db19	antisymmetric	Large / Sensitive	pywt	105101	525.505	5.960464477539062e-07	0.9999999999999837	True	
2d	lwt2d+ilwt2d_roundtrip	db19	smooth	Large / Sensitive	pywt	105101	525.505	4.172325134277344e-07	0.9999999999999849	True	
2d	lwt2d+ilwt2d_roundtrip	db19	reflect	Large / Sensitive	pywt	105101	525.505	4.172325134277344e-07	0.9999999999999847	True	
2d	lwt2d+ilwt2d_roundtrip	db19	antireflect	Large / Sensitive	pywt	105101	525.505	4.172325134277344e-07	0.9999999999999857	True	
2d	lwt2d+ilwt2d_roundtrip	db2	symmetric	Compact	pywt	1.11536	0.000111536	2.384185791015625e-07	0.9999999999999969	True	
2d	lwt2d+ilwt2d_roundtrip	db2	zero	Compact	pywt	1.11536	0.000111536	2.384185791015625e-07	0.9999999999999971	True	
2d	lwt2d+ilwt2d_roundtrip	db2	constant	Compact	pywt	1.11536	0.000111536	2.384185791015625e-07	0.9999999999999971	True	
2d	lwt2d+ilwt2d_roundtrip	db2	periodic	Compact	pywt	1.11536	0.000111536	2.384185791015625e-07	0.9999999999999964	True	
2d	lwt2d+ilwt2d_roundtrip	db2	antisymmetric	Compact	pywt	1.11536	0.000111536	2.384185791015625e-07	0.9999999999999964	True	
2d	lwt2d+ilwt2d_roundtrip	db2	smooth	Compact	pywt	1.11536	0.000111536	2.384185791015625e-07	0.9999999999999967	True	
2d	lwt2d+ilwt2d_roundtrip	db2	reflect	Compact	pywt	1.11536	0.000111536	2.384185791015625e-07	0.9999999999999969	True	
2d	lwt2d+ilwt2d_roundtrip	db2	antireflect	Compact	pywt	1.11536	0.000111536	2.384185791015625e-07	0.9999999999999969	True	
2d	lwt2d+ilwt2d_roundtrip	db20	symmetric	Large / Sensitive	pywt	609.252	3.0462599999999997	5.364418029785156e-07	0.9999999999999851	True	
2d	lwt2d+ilwt2d_roundtrip	db20	zero	Large / Sensitive	pywt	609.252	3.0462599999999997	4.76837158203125e-07	0.9999999999999871	True	
2d	lwt2d+ilwt2d_roundtrip	db20	constant	Large / Sensitive	pywt	609.252	3.0462599999999997	4.172325134277344e-07	0.9999999999999866	True	
2d	lwt2d+ilwt2d_roundtrip	db20	periodic	Large / Sensitive	pywt	609.252	3.0462599999999997	4.76837158203125e-07	0.999999999999985	True	
2d	lwt2d+ilwt2d_roundtrip	db20	antisymmetric	Large / Sensitive	pywt	609.252	3.0462599999999997	4.172325134277344e-07	0.9999999999999855	True	
2d	lwt2d+ilwt2d_roundtrip	db20	smooth	Large / Sensitive	pywt	609.252	3.0462599999999997	4.172325134277344e-07	0.9999999999999851	True	
2d	lwt2d+ilwt2d_roundtrip	db20	reflect	Large / Sensitive	pywt	609.252	3.0462599999999997	4.76837158203125e-07	0.9999999999999853	True	
2d	lwt2d+ilwt2d_roundtrip	db20	antireflect	Large / Sensitive	pywt	609.252	3.0462599999999997	4.76837158203125e-07	0.9999999999999858	True	
2d	lwt2d+ilwt2d_roundtrip	db21	symmetric	Large / Sensitive	pywt	2710.08	13.5504	4.76837158203125e-07	0.9999999999999836	True	
2d	lwt2d+ilwt2d_roundtrip	db21	zero	Large / Sensitive	pywt	2710.08	13.5504	4.76837158203125e-07	0.9999999999999845	True	
2d	lwt2d+ilwt2d_roundtrip	db21	constant	Large / Sensitive	pywt	2710.08	13.5504	5.364418029785156e-07	0.9999999999999849	True	
2d	lwt2d+ilwt2d_roundtrip	db21	periodic	Large / Sensitive	pywt	2710.08	13.5504	4.76837158203125e-07	0.9999999999999842	True	
2d	lwt2d+ilwt2d_roundtrip	db21	antisymmetric	Large / Sensitive	pywt	2710.08	13.5504	5.960464477539062e-07	0.9999999999999838	True	
2d	lwt2d+ilwt2d_roundtrip	db21	smooth	Large / Sensitive	pywt	2710.08	13.5504	5.364418029785156e-07	0.9999999999999836	True	
2d	lwt2d+ilwt2d_roundtrip	db21	reflect	Large / Sensitive	pywt	2710.08	13.5504	4.76837158203125e-07	0.9999999999999842	True	
2d	lwt2d+ilwt2d_roundtrip	db21	antireflect	Large / Sensitive	pywt	2710.08	13.5504	4.172325134277344e-07	0.999999999999984	True	
2d	lwt2d+ilwt2d_roundtrip	db22	symmetric	Large / Sensitive	pywt	15693.6	78.468	4.76837158203125e-07	0.9999999999999846	True	
2d	lwt2d+ilwt2d_roundtrip	db22	zero	Large / Sensitive	pywt	15693.6	78.468	4.172325134277344e-07	0.9999999999999849	True	
2d	lwt2d+ilwt2d_roundtrip	db22	constant	Large / Sensitive	pywt	15693.6	78.468	4.76837158203125e-07	0.9999999999999849	True	
2d	lwt2d+ilwt2d_roundtrip	db22	periodic	Large / Sensitive	pywt	15693.6	78.468	4.76837158203125e-07	0.9999999999999849	True	
2d	lwt2d+ilwt2d_roundtrip	db22	antisymmetric	Large / Sensitive	pywt	15693.6	78.468	4.76837158203125e-07	0.9999999999999852	True	
2d	lwt2d+ilwt2d_roundtrip	db22	smooth	Large / Sensitive	pywt	15693.6	78.468	5.364418029785156e-07	0.999999999999983	True	
2d	lwt2d+ilwt2d_roundtrip	db22	reflect	Large / Sensitive	pywt	15693.6	78.468	4.76837158203125e-07	0.9999999999999856	True	
2d	lwt2d+ilwt2d_roundtrip	db22	antireflect	Large / Sensitive	pywt	15693.6	78.468	4.76837158203125e-07	0.9999999999999837	True	
2d	lwt2d+ilwt2d_roundtrip	db23	symmetric	Large / Sensitive	pywt	1207.55	6.03775	5.960464477539062e-07	0.9999999999999838	True	
2d	lwt2d+ilwt2d_roundtrip	db23	zero	Large / Sensitive	pywt	1207.55	6.03775	5.960464477539062e-07	0.9999999999999858	True	
2d	lwt2d+ilwt2d_roundtrip	db23	constant	Large / Sensitive	pywt	1207.55	6.03775	5.364418029785156e-07	0.9999999999999849	True	
2d	lwt2d+ilwt2d_roundtrip	db23	periodic	Large / Sensitive	pywt	1207.55	6.03775	5.364418029785156e-07	0.999999999999984	True	
2d	lwt2d+ilwt2d_roundtrip	db23	antisymmetric	Large / Sensitive	pywt	1207.55	6.03775	5.960464477539062e-07	0.9999999999999833	True	
2d	lwt2d+ilwt2d_roundtrip	db23	smooth	Large / Sensitive	pywt	1207.55	6.03775	4.76837158203125e-07	0.9999999999999827	True	
2d	lwt2d+ilwt2d_roundtrip	db23	reflect	Large / Sensitive	pywt	1207.55	6.03775	5.960464477539062e-07	0.9999999999999829	True	
2d	lwt2d+ilwt2d_roundtrip	db23	antireflect	Large / Sensitive	pywt	1207.55	6.03775	5.364418029785156e-07	0.9999999999999829	True	
2d	lwt2d+ilwt2d_roundtrip	db24	symmetric	Large / Sensitive	pywt	840.317	4.201585	4.172325134277344e-07	0.9999999999999829	True	
2d	lwt2d+ilwt2d_roundtrip	db24	zero	Large / Sensitive	pywt	840.317	4.201585	5.364418029785156e-07	0.9999999999999849	True	
2d	lwt2d+ilwt2d_roundtrip	db24	constant	Large / Sensitive	pywt	840.317	4.201585	5.364418029785156e-07	0.9999999999999833	True	
2d	lwt2d+ilwt2d_roundtrip	db24	periodic	Large / Sensitive	pywt	840.317	4.201585	5.364418029785156e-07	0.9999999999999836	True	
2d	lwt2d+ilwt2d_roundtrip	db24	antisymmetric	Large / Sensitive	pywt	840.317	4.201585	4.172325134277344e-07	0.9999999999999836	True	
2d	lwt2d+ilwt2d_roundtrip	db24	smooth	Large / Sensitive	pywt	840.317	4.201585	4.76837158203125e-07	0.9999999999999825	True	
2d	lwt2d+ilwt2d_roundtrip	db24	reflect	Large / Sensitive	pywt	840.317	4.201585	4.76837158203125e-07	0.999999999999982	True	
2d	lwt2d+ilwt2d_roundtrip	db24	antireflect	Large / Sensitive	pywt	840.317	4.201585	6.556510925292969e-07	0.9999999999999798	True	
2d	lwt2d+ilwt2d_roundtrip	db25	symmetric	Large / Sensitive	pywt	6606.6	33.033	4.76837158203125e-07	0.9999999999999838	True	
2d	lwt2d+ilwt2d_roundtrip	db25	zero	Large / Sensitive	pywt	6606.6	33.033	5.364418029785156e-07	0.9999999999999847	True	
2d	lwt2d+ilwt2d_roundtrip	db25	constant	Large / Sensitive	pywt	6606.6	33.033	5.364418029785156e-07	0.9999999999999836	True	
2d	lwt2d+ilwt2d_roundtrip	db25	periodic	Large / Sensitive	pywt	6606.6	33.033	5.364418029785156e-07	0.9999999999999825	True	
2d	lwt2d+ilwt2d_roundtrip	db25	antisymmetric	Large / Sensitive	pywt	6606.6	33.033	4.172325134277344e-07	0.9999999999999827	True	
2d	lwt2d+ilwt2d_roundtrip	db25	smooth	Large / Sensitive	pywt	6606.6	33.033	5.364418029785156e-07	0.9999999999999811	True	
2d	lwt2d+ilwt2d_roundtrip	db25	reflect	Large / Sensitive	pywt	6606.6	33.033	5.364418029785156e-07	0.9999999999999831	True	
2d	lwt2d+ilwt2d_roundtrip	db25	antireflect	Large / Sensitive	pywt	6606.6	33.033	4.76837158203125e-07	0.9999999999999825	True	
2d	lwt2d+ilwt2d_roundtrip	db26	symmetric	Large / Sensitive	pywt	55897.7	279.4885	4.76837158203125e-07	0.9999999999999823	True	
2d	lwt2d+ilwt2d_roundtrip	db26	zero	Large / Sensitive	pywt	55897.7	279.4885	4.172325134277344e-07	0.9999999999999849	True	
2d	lwt2d+ilwt2d_roundtrip	db26	constant	Large / Sensitive	pywt	55897.7	279.4885	4.172325134277344e-07	0.999999999999984	True	
2d	lwt2d+ilwt2d_roundtrip	db26	periodic	Large / Sensitive	pywt	55897.7	279.4885	5.960464477539062e-07	0.9999999999999828	True	
2d	lwt2d+ilwt2d_roundtrip	db26	antisymmetric	Large / Sensitive	pywt	55897.7	279.4885	5.364418029785156e-07	0.999999999999983	True	
2d	lwt2d+ilwt2d_roundtrip	db26	smooth	Large / Sensitive	pywt	55897.7	279.4885	4.76837158203125e-07	0.9999999999999807	True	
2d	lwt2d+ilwt2d_roundtrip	db26	reflect	Large / Sensitive	pywt	55897.7	279.4885	5.364418029785156e-07	0.9999999999999827	True	
2d	lwt2d+ilwt2d_roundtrip	db26	antireflect	Large / Sensitive	pywt	55897.7	279.4885	5.364418029785156e-07	0.9999999999999825	True	
2d	lwt2d+ilwt2d_roundtrip	db27	symmetric	Large / Sensitive	pywt	285776	1428.88	4.76837158203125e-07	0.9999999999999831	True	
2d	lwt2d+ilwt2d_roundtrip	db27	zero	Large / Sensitive	pywt	285776	1428.88	5.960464477539062e-07	0.9999999999999827	True	
2d	lwt2d+ilwt2d_roundtrip	db27	constant	Large / Sensitive	pywt	285776	1428.88	5.364418029785156e-07	0.9999999999999833	True	
2d	lwt2d+ilwt2d_roundtrip	db27	periodic	Large / Sensitive	pywt	285776	1428.88	4.76837158203125e-07	0.9999999999999836	True	
2d	lwt2d+ilwt2d_roundtrip	db27	antisymmetric	Large / Sensitive	pywt	285776	1428.88	5.364418029785156e-07	0.9999999999999813	True	
2d	lwt2d+ilwt2d_roundtrip	db27	smooth	Large / Sensitive	pywt	285776	1428.88	5.364418029785156e-07	0.9999999999999793	True	
2d	lwt2d+ilwt2d_roundtrip	db27	reflect	Large / Sensitive	pywt	285776	1428.88	5.960464477539062e-07	0.9999999999999818	True	
2d	lwt2d+ilwt2d_roundtrip	db27	antireflect	Large / Sensitive	pywt	285776	1428.88	4.76837158203125e-07	0.9999999999999807	True	
2d	lwt2d+ilwt2d_roundtrip	db28	symmetric	Large / Sensitive	pywt	13871.4	69.357	5.364418029785156e-07	0.9999999999999806	True	
2d	lwt2d+ilwt2d_roundtrip	db28	zero	Large / Sensitive	pywt	13871.4	69.357	4.172325134277344e-07	0.9999999999999838	True	
2d	lwt2d+ilwt2d_roundtrip	db28	constant	Large / Sensitive	pywt	13871.4	69.357	4.76837158203125e-07	0.9999999999999835	True	
2d	lwt2d+ilwt2d_roundtrip	db28	periodic	Large / Sensitive	pywt	13871.4	69.357	5.364418029785156e-07	0.9999999999999811	True	
2d	lwt2d+ilwt2d_roundtrip	db28	antisymmetric	Large / Sensitive	pywt	13871.4	69.357	5.364418029785156e-07	0.9999999999999813	True	
2d	lwt2d+ilwt2d_roundtrip	db28	smooth	Large / Sensitive	pywt	13871.4	69.357	5.364418029785156e-07	0.9999999999999788	True	
2d	lwt2d+ilwt2d_roundtrip	db28	reflect	Large / Sensitive	pywt	13871.4	69.357	5.364418029785156e-07	0.9999999999999809	True	
2d	lwt2d+ilwt2d_roundtrip	db28	antireflect	Large / Sensitive	pywt	13871.4	69.357	4.172325134277344e-07	0.9999999999999813	True	
2d	lwt2d+ilwt2d_roundtrip	db29	symmetric	Large / Sensitive	pywt	2022890.0	10114.45	4.76837158203125e-07	0.9999999999999798	True	
2d	lwt2d+ilwt2d_roundtrip	db29	zero	Large / Sensitive	pywt	2022890.0	10114.45	5.364418029785156e-07	0.9999999999999831	True	
2d	lwt2d+ilwt2d_roundtrip	db29	constant	Large / Sensitive	pywt	2022890.0	10114.45	5.364418029785156e-07	0.9999999999999822	True	
2d	lwt2d+ilwt2d_roundtrip	db29	periodic	Large / Sensitive	pywt	2022890.0	10114.45	4.76837158203125e-07	0.9999999999999807	True	
2d	lwt2d+ilwt2d_roundtrip	db29	antisymmetric	Large / Sensitive	pywt	2022890.0	10114.45	4.76837158203125e-07	0.9999999999999822	True	
2d	lwt2d+ilwt2d_roundtrip	db29	smooth	Large / Sensitive	pywt	2022890.0	10114.45	5.533220246434212e-07	0.9999999999999793	True	
2d	lwt2d+ilwt2d_roundtrip	db29	reflect	Large / Sensitive	pywt	2022890.0	10114.45	5.364418029785156e-07	0.99999999999998	True	
2d	lwt2d+ilwt2d_roundtrip	db29	antireflect	Large / Sensitive	pywt	2022890.0	10114.45	4.76837158203125e-07	0.9999999999999809	True	
2d	lwt2d+ilwt2d_roundtrip	db3	symmetric	Compact	pywt	14.932	0.0014932	2.980232238769531e-07	0.9999999999999962	True	
2d	lwt2d+ilwt2d_roundtrip	db3	zero	Compact	pywt	14.932	0.0014932	2.980232238769531e-07	0.9999999999999963	True	
2d	lwt2d+ilwt2d_roundtrip	db3	constant	Compact	pywt	14.932	0.0014932	2.980232238769531e-07	0.9999999999999961	True	
2d	lwt2d+ilwt2d_roundtrip	db3	periodic	Compact	pywt	14.932	0.0014932	2.980232238769531e-07	0.9999999999999963	True	
2d	lwt2d+ilwt2d_roundtrip	db3	antisymmetric	Compact	pywt	14.932	0.0014932	2.980232238769531e-07	0.9999999999999967	True	
2d	lwt2d+ilwt2d_roundtrip	db3	smooth	Compact	pywt	14.932	0.0014932	3.5762786865234375e-07	0.9999999999999963	True	
2d	lwt2d+ilwt2d_roundtrip	db3	reflect	Compact	pywt	14.932	0.0014932	2.980232238769531e-07	0.999999999999996	True	
2d	lwt2d+ilwt2d_roundtrip	db3	antireflect	Compact	pywt	14.932	0.0014932	2.980232238769531e-07	0.9999999999999963	True	
2d	lwt2d+ilwt2d_roundtrip	db30	symmetric	Large / Sensitive	pywt	132646	663.23	5.364418029785156e-07	0.9999999999999795	True	
2d	lwt2d+ilwt2d_roundtrip	db30	zero	Large / Sensitive	pywt	132646	663.23	4.76837158203125e-07	0.9999999999999816	True	
2d	lwt2d+ilwt2d_roundtrip	db30	constant	Large / Sensitive	pywt	132646	663.23	5.960464477539062e-07	0.9999999999999812	True	
2d	lwt2d+ilwt2d_roundtrip	db30	periodic	Large / Sensitive	pywt	132646	663.23	5.960464477539062e-07	0.9999999999999798	True	
2d	lwt2d+ilwt2d_roundtrip	db30	antisymmetric	Large / Sensitive	pywt	132646	663.23	5.364418029785156e-07	0.9999999999999803	True	
2d	lwt2d+ilwt2d_roundtrip	db30	smooth	Large / Sensitive	pywt	132646	663.23	5.960464477539062e-07	0.99999999999998	True	
2d	lwt2d+ilwt2d_roundtrip	db30	reflect	Large / Sensitive	pywt	132646	663.23	5.364418029785156e-07	0.9999999999999789	True	
2d	lwt2d+ilwt2d_roundtrip	db30	antireflect	Large / Sensitive	pywt	132646	663.23	5.960464477539062e-07	0.9999999999999813	True	
2d	lwt2d+ilwt2d_roundtrip	db31	symmetric	Large / Sensitive	pywt	57852.8	289.264	5.960464477539062e-07	0.9999999999999802	True	
2d	lwt2d+ilwt2d_roundtrip	db31	zero	Large / Sensitive	pywt	57852.8	289.264	5.960464477539062e-07	0.9999999999999831	True	
2d	lwt2d+ilwt2d_roundtrip	db31	constant	Large / Sensitive	pywt	57852.8	289.264	5.364418029785156e-07	0.9999999999999802	True	
2d	lwt2d+ilwt2d_roundtrip	db31	periodic	Large / Sensitive	pywt	57852.8	289.264	4.76837158203125e-07	0.99999999999998	True	
2d	lwt2d+ilwt2d_roundtrip	db31	antisymmetric	Large / Sensitive	pywt	57852.8	289.264	5.960464477539062e-07	0.9999999999999811	True	
2d	lwt2d+ilwt2d_roundtrip	db31	smooth	Large / Sensitive	pywt	57852.8	289.264	5.364418029785156e-07	0.9999999999999782	True	
2d	lwt2d+ilwt2d_roundtrip	db31	reflect	Large / Sensitive	pywt	57852.8	289.264	5.960464477539062e-07	0.9999999999999802	True	
2d	lwt2d+ilwt2d_roundtrip	db31	antireflect	Large / Sensitive	pywt	57852.8	289.264	5.364418029785156e-07	0.9999999999999805	True	
2d	lwt2d+ilwt2d_roundtrip	db32	symmetric	Large / Sensitive	pywt	2473.4	12.367	6.556510925292969e-07	0.9999999999999806	True	
2d	lwt2d+ilwt2d_roundtrip	db32	zero	Large / Sensitive	pywt	2473.4	12.367	4.76837158203125e-07	0.9999999999999821	True	
2d	lwt2d+ilwt2d_roundtrip	db32	constant	Large / Sensitive	pywt	2473.4	12.367	6.556510925292969e-07	0.9999999999999808	True	
2d	lwt2d+ilwt2d_roundtrip	db32	periodic	Large / Sensitive	pywt	2473.4	12.367	5.364418029785156e-07	0.9999999999999802	True	
2d	lwt2d+ilwt2d_roundtrip	db32	antisymmetric	Large / Sensitive	pywt	2473.4	12.367	5.960464477539062e-07	0.9999999999999796	True	
2d	lwt2d+ilwt2d_roundtrip	db32	smooth	Large / Sensitive	pywt	2473.4	12.367	5.662441253662109e-07	0.999999999999978	True	
2d	lwt2d+ilwt2d_roundtrip	db32	reflect	Large / Sensitive	pywt	2473.4	12.367	4.76837158203125e-07	0.9999999999999801	True	
2d	lwt2d+ilwt2d_roundtrip	db32	antireflect	Large / Sensitive	pywt	2473.4	12.367	5.364418029785156e-07	0.9999999999999784	True	
2d	lwt2d+ilwt2d_roundtrip	db33	symmetric	Large / Sensitive	pywt	9281420.0	46407.1	5.364418029785156e-07	0.9999999999999795	True	
2d	lwt2d+ilwt2d_roundtrip	db33	zero	Large / Sensitive	pywt	9281420.0	46407.1	5.960464477539062e-07	0.9999999999999817	True	
2d	lwt2d+ilwt2d_roundtrip	db33	constant	Large / Sensitive	pywt	9281420.0	46407.1	4.76837158203125e-07	0.9999999999999806	True	
2d	lwt2d+ilwt2d_roundtrip	db33	periodic	Large / Sensitive	pywt	9281420.0	46407.1	4.76837158203125e-07	0.9999999999999805	True	
2d	lwt2d+ilwt2d_roundtrip	db33	antisymmetric	Large / Sensitive	pywt	9281420.0	46407.1	6.556510925292969e-07	0.9999999999999785	True	
2d	lwt2d+ilwt2d_roundtrip	db33	smooth	Large / Sensitive	pywt	9281420.0	46407.1	5.960464477539062e-07	0.9999999999999761	True	
2d	lwt2d+ilwt2d_roundtrip	db33	reflect	Large / Sensitive	pywt	9281420.0	46407.1	5.960464477539062e-07	0.9999999999999793	True	
2d	lwt2d+ilwt2d_roundtrip	db33	antireflect	Large / Sensitive	pywt	9281420.0	46407.1	5.960464477539062e-07	0.9999999999999788	True	
2d	lwt2d+ilwt2d_roundtrip	db34	symmetric	Large / Sensitive	pywt	2249600.0	11248.0	5.960464477539062e-07	0.9999999999999762	True	
2d	lwt2d+ilwt2d_roundtrip	db34	zero	Large / Sensitive	pywt	2249600.0	11248.0	6.556510925292969e-07	0.999999999999982	True	
2d	lwt2d+ilwt2d_roundtrip	db34	constant	Large / Sensitive	pywt	2249600.0	11248.0	5.364418029785156e-07	0.9999999999999822	True	
2d	lwt2d+ilwt2d_roundtrip	db34	periodic	Large / Sensitive	pywt	2249600.0	11248.0	6.556510925292969e-07	0.9999999999999785	True	
2d	lwt2d+ilwt2d_roundtrip	db34	antisymmetric	Large / Sensitive	pywt	2249600.0	11248.0	6.556510925292969e-07	0.9999999999999793	True	
2d	lwt2d+ilwt2d_roundtrip	db34	smooth	Large / Sensitive	pywt	2249600.0	11248.0	6.62636011838913e-07	0.9999999999999727	True	
2d	lwt2d+ilwt2d_roundtrip	db34	reflect	Large / Sensitive	pywt	2249600.0	11248.0	5.960464477539062e-07	0.999999999999978	True	
2d	lwt2d+ilwt2d_roundtrip	db34	antireflect	Large / Sensitive	pywt	2249600.0	11248.0	5.364418029785156e-07	0.9999999999999758	True	
2d	lwt2d+ilwt2d_roundtrip	db35	symmetric	Large / Sensitive	pywt	7971560.0	39857.8	6.556510925292969e-07	0.9999999999999784	True	
2d	lwt2d+ilwt2d_roundtrip	db35	zero	Large / Sensitive	pywt	7971560.0	39857.8	5.960464477539062e-07	0.9999999999999802	True	
2d	lwt2d+ilwt2d_roundtrip	db35	constant	Large / Sensitive	pywt	7971560.0	39857.8	5.960464477539062e-07	0.9999999999999799	True	
2d	lwt2d+ilwt2d_roundtrip	db35	periodic	Large / Sensitive	pywt	7971560.0	39857.8	5.364418029785156e-07	0.9999999999999775	True	
2d	lwt2d+ilwt2d_roundtrip	db35	antisymmetric	Large / Sensitive	pywt	7971560.0	39857.8	6.556510925292969e-07	0.9999999999999782	True	
2d	lwt2d+ilwt2d_roundtrip	db35	smooth	Large / Sensitive	pywt	7971560.0	39857.8	6.556510925292969e-07	0.999999999999974	True	
2d	lwt2d+ilwt2d_roundtrip	db35	reflect	Large / Sensitive	pywt	7971560.0	39857.8	5.960464477539062e-07	0.9999999999999777	True	
2d	lwt2d+ilwt2d_roundtrip	db35	antireflect	Large / Sensitive	pywt	7971560.0	39857.8	5.960464477539062e-07	0.9999999999999755	True	
2d	lwt2d+ilwt2d_roundtrip	db36	symmetric	Large / Sensitive	pywt	54462.6	272.313	5.960464477539062e-07	0.9999999999999787	True	
2d	lwt2d+ilwt2d_roundtrip	db36	zero	Large / Sensitive	pywt	54462.6	272.313	5.364418029785156e-07	0.9999999999999818	True	
2d	lwt2d+ilwt2d_roundtrip	db36	constant	Large / Sensitive	pywt	54462.6	272.313	5.364418029785156e-07	0.99999999999998	True	
2d	lwt2d+ilwt2d_roundtrip	db36	periodic	Large / Sensitive	pywt	54462.6	272.313	6.556510925292969e-07	0.9999999999999805	True	
2d	lwt2d+ilwt2d_roundtrip	db36	antisymmetric	Large / Sensitive	pywt	54462.6	272.313	5.960464477539062e-07	0.9999999999999776	True	
2d	lwt2d+ilwt2d_roundtrip	db36	smooth	Large / Sensitive	pywt	54462.6	272.313	6.556510925292969e-07	0.9999999999999731	True	
2d	lwt2d+ilwt2d_roundtrip	db36	reflect	Large / Sensitive	pywt	54462.6	272.313	7.748603820800781e-07	0.9999999999999793	True	
2d	lwt2d+ilwt2d_roundtrip	db36	antireflect	Large / Sensitive	pywt	54462.6	272.313	4.76837158203125e-07	0.9999999999999789	True	
2d	lwt2d+ilwt2d_roundtrip	db37	symmetric	Large / Sensitive	pywt	25551700.0	127758.5	4.76837158203125e-07	0.9999999999999778	True	
2d	lwt2d+ilwt2d_roundtrip	db37	zero	Large / Sensitive	pywt	25551700.0	127758.5	4.76837158203125e-07	0.9999999999999812	True	
2d	lwt2d+ilwt2d_roundtrip	db37	constant	Large / Sensitive	pywt	25551700.0	127758.5	4.76837158203125e-07	0.9999999999999793	True	
2d	lwt2d+ilwt2d_roundtrip	db37	periodic	Large / Sensitive	pywt	25551700.0	127758.5	5.364418029785156e-07	0.999999999999977	True	
2d	lwt2d+ilwt2d_roundtrip	db37	antisymmetric	Large / Sensitive	pywt	25551700.0	127758.5	5.960464477539062e-07	0.9999999999999778	True	
2d	lwt2d+ilwt2d_roundtrip	db37	smooth	Large / Sensitive	pywt	25551700.0	127758.5	6.682239472866058e-07	0.9999999999999714	True	
2d	lwt2d+ilwt2d_roundtrip	db37	reflect	Large / Sensitive	pywt	25551700.0	127758.5	5.960464477539062e-07	0.9999999999999769	True	
2d	lwt2d+ilwt2d_roundtrip	db37	antireflect	Large / Sensitive	pywt	25551700.0	127758.5	6.556510925292969e-07	0.9999999999999746	True	
2d	lwt2d+ilwt2d_roundtrip	db38	symmetric	Large / Sensitive	pywt	170662	853.3100000000001	5.364418029785156e-07	0.9999999999999767	True	
2d	lwt2d+ilwt2d_roundtrip	db38	zero	Large / Sensitive	pywt	170662	853.3100000000001	5.364418029785156e-07	0.9999999999999793	True	
2d	lwt2d+ilwt2d_roundtrip	db38	constant	Large / Sensitive	pywt	170662	853.3100000000001	6.556510925292969e-07	0.999999999999978	True	
2d	lwt2d+ilwt2d_roundtrip	db38	periodic	Large / Sensitive	pywt	170662	853.3100000000001	5.960464477539062e-07	0.9999999999999785	True	
2d	lwt2d+ilwt2d_roundtrip	db38	antisymmetric	Large / Sensitive	pywt	170662	853.3100000000001	5.364418029785156e-07	0.9999999999999782	True	
2d	lwt2d+ilwt2d_roundtrip	db38	smooth	Large / Sensitive	pywt	170662	853.3100000000001	6.556510925292969e-07	0.9999999999999722	True	
2d	lwt2d+ilwt2d_roundtrip	db38	reflect	Large / Sensitive	pywt	170662	853.3100000000001	5.960464477539062e-07	0.9999999999999778	True	
2d	lwt2d+ilwt2d_roundtrip	db38	antireflect	Large / Sensitive	pywt	170662	853.3100000000001	5.960464477539062e-07	0.9999999999999749	True	
2d	lwt2d+ilwt2d_roundtrip	db4	symmetric	Compact	pywt	2.63378	0.000263378	2.980232238769531e-07	0.9999999999999958	True	
2d	lwt2d+ilwt2d_roundtrip	db4	zero	Compact	pywt	2.63378	0.000263378	2.980232238769531e-07	0.9999999999999958	True	
2d	lwt2d+ilwt2d_roundtrip	db4	constant	Compact	pywt	2.63378	0.000263378	2.980232238769531e-07	0.9999999999999961	True	
2d	lwt2d+ilwt2d_roundtrip	db4	periodic	Compact	pywt	2.63378	0.000263378	2.980232238769531e-07	0.9999999999999951	True	
2d	lwt2d+ilwt2d_roundtrip	db4	antisymmetric	Compact	pywt	2.63378	0.000263378	2.980232238769531e-07	0.9999999999999959	True	
2d	lwt2d+ilwt2d_roundtrip	db4	smooth	Compact	pywt	2.63378	0.000263378	2.980232238769531e-07	0.9999999999999958	True	
2d	lwt2d+ilwt2d_roundtrip	db4	reflect	Compact	pywt	2.63378	0.000263378	2.980232238769531e-07	0.999999999999996	True	
2d	lwt2d+ilwt2d_roundtrip	db4	antireflect	Compact	pywt	2.63378	0.000263378	2.980232238769531e-07	0.9999999999999961	True	
2d	lwt2d+ilwt2d_roundtrip	db5	symmetric	Compact	pywt	46.0839	0.00460839	2.980232238769531e-07	0.9999999999999947	True	
2d	lwt2d+ilwt2d_roundtrip	db5	zero	Compact	pywt	46.0839	0.00460839	3.5762786865234375e-07	0.9999999999999949	True	
2d	lwt2d+ilwt2d_roundtrip	db5	constant	Compact	pywt	46.0839	0.00460839	3.5762786865234375e-07	0.9999999999999944	True	
2d	lwt2d+ilwt2d_roundtrip	db5	periodic	Compact	pywt	46.0839	0.00460839	2.980232238769531e-07	0.9999999999999949	True	
2d	lwt2d+ilwt2d_roundtrip	db5	antisymmetric	Compact	pywt	46.0839	0.00460839	2.980232238769531e-07	0.9999999999999953	True	
2d	lwt2d+ilwt2d_roundtrip	db5	smooth	Compact	pywt	46.0839	0.00460839	2.980232238769531e-07	0.9999999999999947	True	
2d	lwt2d+ilwt2d_roundtrip	db5	reflect	Compact	pywt	46.0839	0.00460839	2.980232238769531e-07	0.9999999999999947	True	
2d	lwt2d+ilwt2d_roundtrip	db5	antireflect	Compact	pywt	46.0839	0.00460839	2.980232238769531e-07	0.9999999999999949	True	
2d	lwt2d+ilwt2d_roundtrip	db6	symmetric	Compact	pywt	5.42251	0.000542251	4.172325134277344e-07	0.9999999999999937	True	
2d	lwt2d+ilwt2d_roundtrip	db6	zero	Compact	pywt	5.42251	0.000542251	2.980232238769531e-07	0.9999999999999937	True	
2d	lwt2d+ilwt2d_roundtrip	db6	constant	Compact	pywt	5.42251	0.000542251	3.5762786865234375e-07	0.9999999999999937	True	
2d	lwt2d+ilwt2d_roundtrip	db6	periodic	Compact	pywt	5.42251	0.000542251	4.172325134277344e-07	0.9999999999999933	True	
2d	lwt2d+ilwt2d_roundtrip	db6	antisymmetric	Compact	pywt	5.42251	0.000542251	3.5762786865234375e-07	0.9999999999999933	True	
2d	lwt2d+ilwt2d_roundtrip	db6	smooth	Compact	pywt	5.42251	0.000542251	2.980232238769531e-07	0.9999999999999932	True	
2d	lwt2d+ilwt2d_roundtrip	db6	reflect	Compact	pywt	5.42251	0.000542251	3.5762786865234375e-07	0.9999999999999933	True	
2d	lwt2d+ilwt2d_roundtrip	db6	antireflect	Compact	pywt	5.42251	0.000542251	2.980232238769531e-07	0.9999999999999934	True	
2d	lwt2d+ilwt2d_roundtrip	db7	symmetric	Large / Sensitive	pywt	143.003	0.715015	4.76837158203125e-07	0.9999999999999925	True	
2d	lwt2d+ilwt2d_roundtrip	db7	zero	Large / Sensitive	pywt	143.003	0.715015	4.172325134277344e-07	0.9999999999999927	True	
2d	lwt2d+ilwt2d_roundtrip	db7	constant	Large / Sensitive	pywt	143.003	0.715015	4.172325134277344e-07	0.9999999999999925	True	
2d	lwt2d+ilwt2d_roundtrip	db7	periodic	Large / Sensitive	pywt	143.003	0.715015	4.76837158203125e-07	0.9999999999999922	True	
2d	lwt2d+ilwt2d_roundtrip	db7	antisymmetric	Large / Sensitive	pywt	143.003	0.715015	4.172325134277344e-07	0.9999999999999922	True	
2d	lwt2d+ilwt2d_roundtrip	db7	smooth	Large / Sensitive	pywt	143.003	0.715015	4.172325134277344e-07	0.9999999999999925	True	
2d	lwt2d+ilwt2d_roundtrip	db7	reflect	Large / Sensitive	pywt	143.003	0.715015	4.172325134277344e-07	0.9999999999999929	True	
2d	lwt2d+ilwt2d_roundtrip	db7	antireflect	Large / Sensitive	pywt	143.003	0.715015	4.172325134277344e-07	0.9999999999999925	True	
2d	lwt2d+ilwt2d_roundtrip	db8	symmetric	Large / Sensitive	pywt	10.8886	0.054443000000000005	3.5762786865234375e-07	0.9999999999999925	True	
2d	lwt2d+ilwt2d_roundtrip	db8	zero	Large / Sensitive	pywt	10.8886	0.054443000000000005	4.172325134277344e-07	0.9999999999999927	True	
2d	lwt2d+ilwt2d_roundtrip	db8	constant	Large / Sensitive	pywt	10.8886	0.054443000000000005	4.172325134277344e-07	0.999999999999992	True	
2d	lwt2d+ilwt2d_roundtrip	db8	periodic	Large / Sensitive	pywt	10.8886	0.054443000000000005	3.5762786865234375e-07	0.9999999999999929	True	
2d	lwt2d+ilwt2d_roundtrip	db8	antisymmetric	Large / Sensitive	pywt	10.8886	0.054443000000000005	4.172325134277344e-07	0.999999999999992	True	
2d	lwt2d+ilwt2d_roundtrip	db8	smooth	Large / Sensitive	pywt	10.8886	0.054443000000000005	4.172325134277344e-07	0.9999999999999922	True	
2d	lwt2d+ilwt2d_roundtrip	db8	reflect	Large / Sensitive	pywt	10.8886	0.054443000000000005	3.5762786865234375e-07	0.999999999999992	True	
2d	lwt2d+ilwt2d_roundtrip	db8	antireflect	Large / Sensitive	pywt	10.8886	0.054443000000000005	3.5762786865234375e-07	0.9999999999999925	True	
2d	lwt2d+ilwt2d_roundtrip	db9	symmetric	Medium	pywt	398.18	0.39818000000000003	3.5762786865234375e-07	0.9999999999999916	True	
2d	lwt2d+ilwt2d_roundtrip	db9	zero	Medium	pywt	398.18	0.39818000000000003	2.980232238769531e-07	0.9999999999999922	True	
2d	lwt2d+ilwt2d_roundtrip	db9	constant	Medium	pywt	398.18	0.39818000000000003	3.5762786865234375e-07	0.9999999999999926	True	
2d	lwt2d+ilwt2d_roundtrip	db9	periodic	Medium	pywt	398.18	0.39818000000000003	3.5762786865234375e-07	0.9999999999999915	True	
2d	lwt2d+ilwt2d_roundtrip	db9	antisymmetric	Medium	pywt	398.18	0.39818000000000003	3.5762786865234375e-07	0.999999999999992	True	
2d	lwt2d+ilwt2d_roundtrip	db9	smooth	Medium	pywt	398.18	0.39818000000000003	3.5762786865234375e-07	0.9999999999999917	True	
2d	lwt2d+ilwt2d_roundtrip	db9	reflect	Medium	pywt	398.18	0.39818000000000003	4.172325134277344e-07	0.9999999999999919	True	
2d	lwt2d+ilwt2d_roundtrip	db9	antireflect	Medium	pywt	398.18	0.39818000000000003	4.172325134277344e-07	0.9999999999999916	True	
2d	lwt2d+ilwt2d_roundtrip	dmey	symmetric	Large / Sensitive	pywt	28.028	0.14014	0.006807923316955566	0.9999986857108296	True	
2d	lwt2d+ilwt2d_roundtrip	dmey	zero	Large / Sensitive	pywt	28.028	0.14014	0.0070906877517700195	0.9999994678055993	True	
2d	lwt2d+ilwt2d_roundtrip	dmey	constant	Large / Sensitive	pywt	28.028	0.14014	0.006861865520477295	0.9999988534927018	True	
2d	lwt2d+ilwt2d_roundtrip	dmey	periodic	Large / Sensitive	pywt	28.028	0.14014	0.0071218013763427734	0.9999999693627638	True	
2d	lwt2d+ilwt2d_roundtrip	dmey	antisymmetric	Large / Sensitive	pywt	28.028	0.14014	0.007587790489196777	0.999999248153557	True	
2d	lwt2d+ilwt2d_roundtrip	dmey	smooth	Large / Sensitive	pywt	28.028	0.14014	0.010608315467834473	0.9999942978704838	True	
2d	lwt2d+ilwt2d_roundtrip	dmey	reflect	Large / Sensitive	pywt	28.028	0.14014	0.007170379161834717	0.9999986024523393	True	
2d	lwt2d+ilwt2d_roundtrip	dmey	antireflect	Large / Sensitive	pywt	28.028	0.14014	0.006761670112609863	0.9999968076209387	True	
2d	lwt2d+ilwt2d_roundtrip	haar	symmetric	Compact	pywt	1.41421	0.000141421	1.7881393432617188e-07	0.9999999999999989	True	
2d	lwt2d+ilwt2d_roundtrip	haar	zero	Compact	pywt	1.41421	0.000141421	1.7881393432617188e-07	0.9999999999999989	True	
2d	lwt2d+ilwt2d_roundtrip	haar	constant	Compact	pywt	1.41421	0.000141421	1.7881393432617188e-07	0.9999999999999989	True	
2d	lwt2d+ilwt2d_roundtrip	haar	periodic	Compact	pywt	1.41421	0.000141421	1.7881393432617188e-07	0.9999999999999989	True	
2d	lwt2d+ilwt2d_roundtrip	haar	antisymmetric	Compact	pywt	1.41421	0.000141421	1.7881393432617188e-07	0.9999999999999989	True	
2d	lwt2d+ilwt2d_roundtrip	haar	smooth	Compact	pywt	1.41421	0.000141421	1.7881393432617188e-07	0.9999999999999989	True	
2d	lwt2d+ilwt2d_roundtrip	haar	reflect	Compact	pywt	1.41421	0.000141421	1.7881393432617188e-07	0.9999999999999989	True	
2d	lwt2d+ilwt2d_roundtrip	haar	antireflect	Compact	pywt	1.41421	0.000141421	1.7881393432617188e-07	0.9999999999999989	True	
2d	lwt2d+ilwt2d_roundtrip	rbio1.1	symmetric	Compact	pywt	1.41421	0.000141421	1.7881393432617188e-07	0.9999999999999989	True	
2d	lwt2d+ilwt2d_roundtrip	rbio1.1	zero	Compact	pywt	1.41421	0.000141421	1.7881393432617188e-07	0.9999999999999989	True	
2d	lwt2d+ilwt2d_roundtrip	rbio1.1	constant	Compact	pywt	1.41421	0.000141421	1.7881393432617188e-07	0.9999999999999989	True	
2d	lwt2d+ilwt2d_roundtrip	rbio1.1	periodic	Compact	pywt	1.41421	0.000141421	1.7881393432617188e-07	0.9999999999999989	True	
2d	lwt2d+ilwt2d_roundtrip	rbio1.1	antisymmetric	Compact	pywt	1.41421	0.000141421	1.7881393432617188e-07	0.9999999999999989	True	
2d	lwt2d+ilwt2d_roundtrip	rbio1.1	smooth	Compact	pywt	1.41421	0.000141421	1.7881393432617188e-07	0.9999999999999989	True	
2d	lwt2d+ilwt2d_roundtrip	rbio1.1	reflect	Compact	pywt	1.41421	0.000141421	1.7881393432617188e-07	0.9999999999999989	True	
2d	lwt2d+ilwt2d_roundtrip	rbio1.1	antireflect	Compact	pywt	1.41421	0.000141421	1.7881393432617188e-07	0.9999999999999989	True	
2d	lwt2d+ilwt2d_roundtrip	rbio1.3	symmetric	Compact	pywt	1.41421	0.000141421	2.384185791015625e-07	0.9999999999999971	True	
2d	lwt2d+ilwt2d_roundtrip	rbio1.3	zero	Compact	pywt	1.41421	0.000141421	2.384185791015625e-07	0.9999999999999973	True	
2d	lwt2d+ilwt2d_roundtrip	rbio1.3	constant	Compact	pywt	1.41421	0.000141421	2.384185791015625e-07	0.9999999999999963	True	
2d	lwt2d+ilwt2d_roundtrip	rbio1.3	periodic	Compact	pywt	1.41421	0.000141421	2.384185791015625e-07	0.999999999999997	True	
2d	lwt2d+ilwt2d_roundtrip	rbio1.3	antisymmetric	Compact	pywt	1.41421	0.000141421	2.384185791015625e-07	0.9999999999999971	True	
2d	lwt2d+ilwt2d_roundtrip	rbio1.3	smooth	Compact	pywt	1.41421	0.000141421	2.384185791015625e-07	0.999999999999997	True	
2d	lwt2d+ilwt2d_roundtrip	rbio1.3	reflect	Compact	pywt	1.41421	0.000141421	2.384185791015625e-07	0.9999999999999971	True	
2d	lwt2d+ilwt2d_roundtrip	rbio1.3	antireflect	Compact	pywt	1.41421	0.000141421	2.384185791015625e-07	0.9999999999999974	True	
2d	lwt2d+ilwt2d_roundtrip	rbio1.5	symmetric	Compact	pywt	1.41421	0.000141421	3.5762786865234375e-07	0.9999999999999962	True	
2d	lwt2d+ilwt2d_roundtrip	rbio1.5	zero	Compact	pywt	1.41421	0.000141421	3.5762786865234375e-07	0.9999999999999959	True	
2d	lwt2d+ilwt2d_roundtrip	rbio1.5	constant	Compact	pywt	1.41421	0.000141421	3.5762786865234375e-07	0.9999999999999953	True	
2d	lwt2d+ilwt2d_roundtrip	rbio1.5	periodic	Compact	pywt	1.41421	0.000141421	3.5762786865234375e-07	0.9999999999999951	True	
2d	lwt2d+ilwt2d_roundtrip	rbio1.5	antisymmetric	Compact	pywt	1.41421	0.000141421	3.5762786865234375e-07	0.9999999999999957	True	
2d	lwt2d+ilwt2d_roundtrip	rbio1.5	smooth	Compact	pywt	1.41421	0.000141421	3.5762786865234375e-07	0.9999999999999962	True	
2d	lwt2d+ilwt2d_roundtrip	rbio1.5	reflect	Compact	pywt	1.41421	0.000141421	3.5762786865234375e-07	0.9999999999999958	True	
2d	lwt2d+ilwt2d_roundtrip	rbio1.5	antireflect	Compact	pywt	1.41421	0.000141421	3.5762786865234375e-07	0.9999999999999953	True	
2d	lwt2d+ilwt2d_roundtrip	rbio2.2	symmetric	Compact	pywt	1.41421	0.000141421	4.76837158203125e-07	0.9999999999999946	True	
2d	lwt2d+ilwt2d_roundtrip	rbio2.2	zero	Compact	pywt	1.41421	0.000141421	4.76837158203125e-07	0.9999999999999944	True	
2d	lwt2d+ilwt2d_roundtrip	rbio2.2	constant	Compact	pywt	1.41421	0.000141421	4.76837158203125e-07	0.9999999999999942	True	
2d	lwt2d+ilwt2d_roundtrip	rbio2.2	periodic	Compact	pywt	1.41421	0.000141421	4.76837158203125e-07	0.9999999999999947	True	
2d	lwt2d+ilwt2d_roundtrip	rbio2.2	antisymmetric	Compact	pywt	1.41421	0.000141421	4.76837158203125e-07	0.9999999999999948	True	
2d	lwt2d+ilwt2d_roundtrip	rbio2.2	smooth	Compact	pywt	1.41421	0.000141421	4.76837158203125e-07	0.9999999999999938	True	
2d	lwt2d+ilwt2d_roundtrip	rbio2.2	reflect	Compact	pywt	1.41421	0.000141421	4.76837158203125e-07	0.9999999999999944	True	
2d	lwt2d+ilwt2d_roundtrip	rbio2.2	antireflect	Compact	pywt	1.41421	0.000141421	4.76837158203125e-07	0.9999999999999941	True	
2d	lwt2d+ilwt2d_roundtrip	rbio2.4	symmetric	Compact	pywt	1.41421	0.000141421	3.5762786865234375e-07	0.999999999999994	True	
2d	lwt2d+ilwt2d_roundtrip	rbio2.4	zero	Compact	pywt	1.41421	0.000141421	2.980232238769531e-07	0.999999999999994	True	
2d	lwt2d+ilwt2d_roundtrip	rbio2.4	constant	Compact	pywt	1.41421	0.000141421	3.5762786865234375e-07	0.9999999999999942	True	
2d	lwt2d+ilwt2d_roundtrip	rbio2.4	periodic	Compact	pywt	1.41421	0.000141421	3.5762786865234375e-07	0.9999999999999943	True	
2d	lwt2d+ilwt2d_roundtrip	rbio2.4	antisymmetric	Compact	pywt	1.41421	0.000141421	2.980232238769531e-07	0.999999999999994	True	
2d	lwt2d+ilwt2d_roundtrip	rbio2.4	smooth	Compact	pywt	1.41421	0.000141421	4.172325134277344e-07	0.9999999999999939	True	
2d	lwt2d+ilwt2d_roundtrip	rbio2.4	reflect	Compact	pywt	1.41421	0.000141421	2.980232238769531e-07	0.9999999999999939	True	
2d	lwt2d+ilwt2d_roundtrip	rbio2.4	antireflect	Compact	pywt	1.41421	0.000141421	4.172325134277344e-07	0.9999999999999937	True	
2d	lwt2d+ilwt2d_roundtrip	rbio2.6	symmetric	Large / Sensitive	pywt	1.41421	0.00707105	3.5762786865234375e-07	0.9999999999999931	True	
2d	lwt2d+ilwt2d_roundtrip	rbio2.6	zero	Large / Sensitive	pywt	1.41421	0.00707105	2.980232238769531e-07	0.9999999999999931	True	
2d	lwt2d+ilwt2d_roundtrip	rbio2.6	constant	Large / Sensitive	pywt	1.41421	0.00707105	3.5762786865234375e-07	0.9999999999999929	True	
2d	lwt2d+ilwt2d_roundtrip	rbio2.6	periodic	Large / Sensitive	pywt	1.41421	0.00707105	3.5762786865234375e-07	0.9999999999999929	True	
2d	lwt2d+ilwt2d_roundtrip	rbio2.6	antisymmetric	Large / Sensitive	pywt	1.41421	0.00707105	3.5762786865234375e-07	0.9999999999999933	True	
2d	lwt2d+ilwt2d_roundtrip	rbio2.6	smooth	Large / Sensitive	pywt	1.41421	0.00707105	3.5762786865234375e-07	0.9999999999999925	True	
2d	lwt2d+ilwt2d_roundtrip	rbio2.6	reflect	Large / Sensitive	pywt	1.41421	0.00707105	4.172325134277344e-07	0.9999999999999931	True	
2d	lwt2d+ilwt2d_roundtrip	rbio2.6	antireflect	Large / Sensitive	pywt	1.41421	0.00707105	2.980232238769531e-07	0.9999999999999933	True	
2d	lwt2d+ilwt2d_roundtrip	rbio2.8	symmetric	Large / Sensitive	pywt	1.41421	0.00707105	4.172325134277344e-07	0.9999999999999919	True	
2d	lwt2d+ilwt2d_roundtrip	rbio2.8	zero	Large / Sensitive	pywt	1.41421	0.00707105	4.172325134277344e-07	0.9999999999999922	True	
2d	lwt2d+ilwt2d_roundtrip	rbio2.8	constant	Large / Sensitive	pywt	1.41421	0.00707105	4.172325134277344e-07	0.9999999999999919	True	
2d	lwt2d+ilwt2d_roundtrip	rbio2.8	periodic	Large / Sensitive	pywt	1.41421	0.00707105	4.172325134277344e-07	0.9999999999999918	True	
2d	lwt2d+ilwt2d_roundtrip	rbio2.8	antisymmetric	Large / Sensitive	pywt	1.41421	0.00707105	4.172325134277344e-07	0.9999999999999913	True	
2d	lwt2d+ilwt2d_roundtrip	rbio2.8	smooth	Large / Sensitive	pywt	1.41421	0.00707105	4.172325134277344e-07	0.9999999999999918	True	
2d	lwt2d+ilwt2d_roundtrip	rbio2.8	reflect	Large / Sensitive	pywt	1.41421	0.00707105	4.172325134277344e-07	0.9999999999999912	True	
2d	lwt2d+ilwt2d_roundtrip	rbio2.8	antireflect	Large / Sensitive	pywt	1.41421	0.00707105	4.172325134277344e-07	0.9999999999999916	True	
2d	lwt2d+ilwt2d_roundtrip	rbio3.1	symmetric	Compact	pywt	2.12132	0.000212132	6.556510925292969e-07	0.9999999999999858	True	
2d	lwt2d+ilwt2d_roundtrip	rbio3.1	zero	Compact	pywt	2.12132	0.000212132	6.556510925292969e-07	0.9999999999999867	True	
2d	lwt2d+ilwt2d_roundtrip	rbio3.1	constant	Compact	pywt	2.12132	0.000212132	6.556510925292969e-07	0.9999999999999866	True	
2d	lwt2d+ilwt2d_roundtrip	rbio3.1	periodic	Compact	pywt	2.12132	0.000212132	6.556510925292969e-07	0.9999999999999859	True	
2d	lwt2d+ilwt2d_roundtrip	rbio3.1	antisymmetric	Compact	pywt	2.12132	0.000212132	6.556510925292969e-07	0.9999999999999859	True	
2d	lwt2d+ilwt2d_roundtrip	rbio3.1	smooth	Compact	pywt	2.12132	0.000212132	6.556510925292969e-07	0.9999999999999863	True	
2d	lwt2d+ilwt2d_roundtrip	rbio3.1	reflect	Compact	pywt	2.12132	0.000212132	6.556510925292969e-07	0.9999999999999865	True	
2d	lwt2d+ilwt2d_roundtrip	rbio3.1	antireflect	Compact	pywt	2.12132	0.000212132	6.556510925292969e-07	0.9999999999999862	True	
2d	lwt2d+ilwt2d_roundtrip	rbio3.3	symmetric	Compact	pywt	2.12132	0.000212132	4.76837158203125e-07	0.9999999999999889	True	
2d	lwt2d+ilwt2d_roundtrip	rbio3.3	zero	Compact	pywt	2.12132	0.000212132	4.76837158203125e-07	0.9999999999999891	True	
2d	lwt2d+ilwt2d_roundtrip	rbio3.3	constant	Compact	pywt	2.12132	0.000212132	4.76837158203125e-07	0.9999999999999889	True	
2d	lwt2d+ilwt2d_roundtrip	rbio3.3	periodic	Compact	pywt	2.12132	0.000212132	4.76837158203125e-07	0.9999999999999888	True	
2d	lwt2d+ilwt2d_roundtrip	rbio3.3	antisymmetric	Compact	pywt	2.12132	0.000212132	4.76837158203125e-07	0.9999999999999888	True	
2d	lwt2d+ilwt2d_roundtrip	rbio3.3	smooth	Compact	pywt	2.12132	0.000212132	4.76837158203125e-07	0.9999999999999879	True	
2d	lwt2d+ilwt2d_roundtrip	rbio3.3	reflect	Compact	pywt	2.12132	0.000212132	4.76837158203125e-07	0.9999999999999888	True	
2d	lwt2d+ilwt2d_roundtrip	rbio3.3	antireflect	Compact	pywt	2.12132	0.000212132	4.76837158203125e-07	0.9999999999999883	True	
2d	lwt2d+ilwt2d_roundtrip	rbio3.5	symmetric	Compact	pywt	2.12132	0.000212132	4.172325134277344e-07	0.9999999999999887	True	
2d	lwt2d+ilwt2d_roundtrip	rbio3.5	zero	Compact	pywt	2.12132	0.000212132	4.172325134277344e-07	0.9999999999999887	True	
2d	lwt2d+ilwt2d_roundtrip	rbio3.5	constant	Compact	pywt	2.12132	0.000212132	4.172325134277344e-07	0.9999999999999889	True	
2d	lwt2d+ilwt2d_roundtrip	rbio3.5	periodic	Compact	pywt	2.12132	0.000212132	4.172325134277344e-07	0.9999999999999891	True	
2d	lwt2d+ilwt2d_roundtrip	rbio3.5	antisymmetric	Compact	pywt	2.12132	0.000212132	3.5762786865234375e-07	0.9999999999999893	True	
2d	lwt2d+ilwt2d_roundtrip	rbio3.5	smooth	Compact	pywt	2.12132	0.000212132	3.5762786865234375e-07	0.9999999999999887	True	
2d	lwt2d+ilwt2d_roundtrip	rbio3.5	reflect	Compact	pywt	2.12132	0.000212132	4.172325134277344e-07	0.9999999999999882	True	
2d	lwt2d+ilwt2d_roundtrip	rbio3.5	antireflect	Compact	pywt	2.12132	0.000212132	4.172325134277344e-07	0.9999999999999891	True	
2d	lwt2d+ilwt2d_roundtrip	rbio3.7	symmetric	Large / Sensitive	pywt	2.12132	0.010606599999999999	6.556510925292969e-07	0.9999999999999873	True	
2d	lwt2d+ilwt2d_roundtrip	rbio3.7	zero	Large / Sensitive	pywt	2.12132	0.010606599999999999	6.556510925292969e-07	0.9999999999999882	True	
2d	lwt2d+ilwt2d_roundtrip	rbio3.7	constant	Large / Sensitive	pywt	2.12132	0.010606599999999999	6.556510925292969e-07	0.9999999999999876	True	
2d	lwt2d+ilwt2d_roundtrip	rbio3.7	periodic	Large / Sensitive	pywt	2.12132	0.010606599999999999	6.556510925292969e-07	0.9999999999999873	True	
2d	lwt2d+ilwt2d_roundtrip	rbio3.7	antisymmetric	Large / Sensitive	pywt	2.12132	0.010606599999999999	6.556510925292969e-07	0.9999999999999873	True	
2d	lwt2d+ilwt2d_roundtrip	rbio3.7	smooth	Large / Sensitive	pywt	2.12132	0.010606599999999999	6.556510925292969e-07	0.9999999999999878	True	
2d	lwt2d+ilwt2d_roundtrip	rbio3.7	reflect	Large / Sensitive	pywt	2.12132	0.010606599999999999	6.556510925292969e-07	0.9999999999999872	True	
2d	lwt2d+ilwt2d_roundtrip	rbio3.7	antireflect	Large / Sensitive	pywt	2.12132	0.010606599999999999	6.556510925292969e-07	0.9999999999999869	True	
2d	lwt2d+ilwt2d_roundtrip	rbio3.9	symmetric	Large / Sensitive	pywt	2.12132	0.010606599999999999	6.556510925292969e-07	0.9999999999999862	True	
2d	lwt2d+ilwt2d_roundtrip	rbio3.9	zero	Large / Sensitive	pywt	2.12132	0.010606599999999999	6.556510925292969e-07	0.9999999999999869	True	
2d	lwt2d+ilwt2d_roundtrip	rbio3.9	constant	Large / Sensitive	pywt	2.12132	0.010606599999999999	6.556510925292969e-07	0.9999999999999863	True	
2d	lwt2d+ilwt2d_roundtrip	rbio3.9	periodic	Large / Sensitive	pywt	2.12132	0.010606599999999999	6.556510925292969e-07	0.9999999999999868	True	
2d	lwt2d+ilwt2d_roundtrip	rbio3.9	antisymmetric	Large / Sensitive	pywt	2.12132	0.010606599999999999	6.556510925292969e-07	0.9999999999999862	True	
2d	lwt2d+ilwt2d_roundtrip	rbio3.9	smooth	Large / Sensitive	pywt	2.12132	0.010606599999999999	6.556510925292969e-07	0.9999999999999865	True	
2d	lwt2d+ilwt2d_roundtrip	rbio3.9	reflect	Large / Sensitive	pywt	2.12132	0.010606599999999999	6.556510925292969e-07	0.9999999999999869	True	
2d	lwt2d+ilwt2d_roundtrip	rbio3.9	antireflect	Large / Sensitive	pywt	2.12132	0.010606599999999999	6.556510925292969e-07	0.9999999999999862	True	
2d	lwt2d+ilwt2d_roundtrip	rbio4.4	symmetric	Compact	pywt	1.58613	0.00015861300000000002	3.5762786865234375e-07	0.9999999999999943	True	
2d	lwt2d+ilwt2d_roundtrip	rbio4.4	zero	Compact	pywt	1.58613	0.00015861300000000002	3.5762786865234375e-07	0.9999999999999943	True	
2d	lwt2d+ilwt2d_roundtrip	rbio4.4	constant	Compact	pywt	1.58613	0.00015861300000000002	3.5762786865234375e-07	0.9999999999999941	True	
2d	lwt2d+ilwt2d_roundtrip	rbio4.4	periodic	Compact	pywt	1.58613	0.00015861300000000002	3.5762786865234375e-07	0.9999999999999947	True	
2d	lwt2d+ilwt2d_roundtrip	rbio4.4	antisymmetric	Compact	pywt	1.58613	0.00015861300000000002	3.5762786865234375e-07	0.999999999999994	True	
2d	lwt2d+ilwt2d_roundtrip	rbio4.4	smooth	Compact	pywt	1.58613	0.00015861300000000002	3.5762786865234375e-07	0.9999999999999941	True	
2d	lwt2d+ilwt2d_roundtrip	rbio4.4	reflect	Compact	pywt	1.58613	0.00015861300000000002	3.5762786865234375e-07	0.9999999999999942	True	
2d	lwt2d+ilwt2d_roundtrip	rbio4.4	antireflect	Compact	pywt	1.58613	0.00015861300000000002	3.5762786865234375e-07	0.9999999999999942	True	
2d	lwt2d+ilwt2d_roundtrip	rbio5.5	symmetric	Compact	pywt	5.58579	0.000558579	4.172325134277344e-07	0.9999999999999947	True	
2d	lwt2d+ilwt2d_roundtrip	rbio5.5	zero	Compact	pywt	5.58579	0.000558579	4.172325134277344e-07	0.9999999999999947	True	
2d	lwt2d+ilwt2d_roundtrip	rbio5.5	constant	Compact	pywt	5.58579	0.000558579	4.172325134277344e-07	0.9999999999999944	True	
2d	lwt2d+ilwt2d_roundtrip	rbio5.5	periodic	Compact	pywt	5.58579	0.000558579	4.172325134277344e-07	0.9999999999999942	True	
2d	lwt2d+ilwt2d_roundtrip	rbio5.5	antisymmetric	Compact	pywt	5.58579	0.000558579	5.960464477539062e-07	0.9999999999999947	True	
2d	lwt2d+ilwt2d_roundtrip	rbio5.5	smooth	Compact	pywt	5.58579	0.000558579	4.172325134277344e-07	0.9999999999999947	True	
2d	lwt2d+ilwt2d_roundtrip	rbio5.5	reflect	Compact	pywt	5.58579	0.000558579	4.172325134277344e-07	0.9999999999999944	True	
2d	lwt2d+ilwt2d_roundtrip	rbio5.5	antireflect	Compact	pywt	5.58579	0.000558579	4.172325134277344e-07	0.9999999999999944	True	
2d	lwt2d+ilwt2d_roundtrip	rbio6.8	symmetric	Large / Sensitive	pywt	1.15131	0.00575655	4.172325134277344e-07	0.999999999999992	True	
2d	lwt2d+ilwt2d_roundtrip	rbio6.8	zero	Large / Sensitive	pywt	1.15131	0.00575655	4.172325134277344e-07	0.9999999999999922	True	
2d	lwt2d+ilwt2d_roundtrip	rbio6.8	constant	Large / Sensitive	pywt	1.15131	0.00575655	4.172325134277344e-07	0.9999999999999922	True	
2d	lwt2d+ilwt2d_roundtrip	rbio6.8	periodic	Large / Sensitive	pywt	1.15131	0.00575655	4.172325134277344e-07	0.9999999999999925	True	
2d	lwt2d+ilwt2d_roundtrip	rbio6.8	antisymmetric	Large / Sensitive	pywt	1.15131	0.00575655	4.172325134277344e-07	0.9999999999999922	True	
2d	lwt2d+ilwt2d_roundtrip	rbio6.8	smooth	Large / Sensitive	pywt	1.15131	0.00575655	4.172325134277344e-07	0.9999999999999913	True	
2d	lwt2d+ilwt2d_roundtrip	rbio6.8	reflect	Large / Sensitive	pywt	1.15131	0.00575655	4.172325134277344e-07	0.999999999999992	True	
2d	lwt2d+ilwt2d_roundtrip	rbio6.8	antireflect	Large / Sensitive	pywt	1.15131	0.00575655	4.172325134277344e-07	0.9999999999999922	True	
2d	lwt2d+ilwt2d_roundtrip	sym10	symmetric	Medium	pywt	26.3969	0.0263969	4.76837158203125e-07	0.999999999999989	True	
2d	lwt2d+ilwt2d_roundtrip	sym10	zero	Medium	pywt	26.3969	0.0263969	4.172325134277344e-07	0.9999999999999899	True	
2d	lwt2d+ilwt2d_roundtrip	sym10	constant	Medium	pywt	26.3969	0.0263969	4.172325134277344e-07	0.9999999999999897	True	
2d	lwt2d+ilwt2d_roundtrip	sym10	periodic	Medium	pywt	26.3969	0.0263969	4.172325134277344e-07	0.9999999999999891	True	
2d	lwt2d+ilwt2d_roundtrip	sym10	antisymmetric	Medium	pywt	26.3969	0.0263969	4.76837158203125e-07	0.9999999999999883	True	
2d	lwt2d+ilwt2d_roundtrip	sym10	smooth	Medium	pywt	26.3969	0.0263969	4.76837158203125e-07	0.9999999999999891	True	
2d	lwt2d+ilwt2d_roundtrip	sym10	reflect	Medium	pywt	26.3969	0.0263969	4.76837158203125e-07	0.9999999999999897	True	
2d	lwt2d+ilwt2d_roundtrip	sym10	antireflect	Medium	pywt	26.3969	0.0263969	4.172325134277344e-07	0.9999999999999888	True	
2d	lwt2d+ilwt2d_roundtrip	sym11	symmetric	Medium	pywt	94.636	0.094636	5.960464477539062e-07	0.9999999999999882	True	
2d	lwt2d+ilwt2d_roundtrip	sym11	zero	Medium	pywt	94.636	0.094636	5.960464477539062e-07	0.9999999999999889	True	
2d	lwt2d+ilwt2d_roundtrip	sym11	constant	Medium	pywt	94.636	0.094636	5.960464477539062e-07	0.9999999999999887	True	
2d	lwt2d+ilwt2d_roundtrip	sym11	periodic	Medium	pywt	94.636	0.094636	5.960464477539062e-07	0.9999999999999881	True	
2d	lwt2d+ilwt2d_roundtrip	sym11	antisymmetric	Medium	pywt	94.636	0.094636	5.960464477539062e-07	0.9999999999999885	True	
2d	lwt2d+ilwt2d_roundtrip	sym11	smooth	Medium	pywt	94.636	0.094636	5.960464477539062e-07	0.9999999999999879	True	
2d	lwt2d+ilwt2d_roundtrip	sym11	reflect	Medium	pywt	94.636	0.094636	5.960464477539062e-07	0.9999999999999882	True	
2d	lwt2d+ilwt2d_roundtrip	sym11	antireflect	Medium	pywt	94.636	0.094636	5.960464477539062e-07	0.9999999999999877	True	
2d	lwt2d+ilwt2d_roundtrip	sym12	symmetric	Medium	pywt	32.8267	0.0328267	4.76837158203125e-07	0.9999999999999871	True	
2d	lwt2d+ilwt2d_roundtrip	sym12	zero	Medium	pywt	32.8267	0.0328267	4.76837158203125e-07	0.9999999999999878	True	
2d	lwt2d+ilwt2d_roundtrip	sym12	constant	Medium	pywt	32.8267	0.0328267	4.76837158203125e-07	0.9999999999999878	True	
2d	lwt2d+ilwt2d_roundtrip	sym12	periodic	Medium	pywt	32.8267	0.0328267	4.76837158203125e-07	0.9999999999999879	True	
2d	lwt2d+ilwt2d_roundtrip	sym12	antisymmetric	Medium	pywt	32.8267	0.0328267	4.76837158203125e-07	0.9999999999999872	True	
2d	lwt2d+ilwt2d_roundtrip	sym12	smooth	Medium	pywt	32.8267	0.0328267	4.76837158203125e-07	0.9999999999999875	True	
2d	lwt2d+ilwt2d_roundtrip	sym12	reflect	Medium	pywt	32.8267	0.0328267	4.76837158203125e-07	0.999999999999988	True	
2d	lwt2d+ilwt2d_roundtrip	sym12	antireflect	Medium	pywt	32.8267	0.0328267	4.76837158203125e-07	0.9999999999999887	True	
2d	lwt2d+ilwt2d_roundtrip	sym13	symmetric	Large / Sensitive	pywt	4896790.0	24483.95	5.364418029785156e-07	0.9999999999999871	True	
2d	lwt2d+ilwt2d_roundtrip	sym13	zero	Large / Sensitive	pywt	4896790.0	24483.95	5.364418029785156e-07	0.9999999999999865	True	
2d	lwt2d+ilwt2d_roundtrip	sym13	constant	Large / Sensitive	pywt	4896790.0	24483.95	5.364418029785156e-07	0.9999999999999869	True	
2d	lwt2d+ilwt2d_roundtrip	sym13	periodic	Large / Sensitive	pywt	4896790.0	24483.95	5.364418029785156e-07	0.9999999999999867	True	
2d	lwt2d+ilwt2d_roundtrip	sym13	antisymmetric	Large / Sensitive	pywt	4896790.0	24483.95	5.364418029785156e-07	0.999999999999986	True	
2d	lwt2d+ilwt2d_roundtrip	sym13	smooth	Large / Sensitive	pywt	4896790.0	24483.95	5.364418029785156e-07	0.999999999999986	True	
2d	lwt2d+ilwt2d_roundtrip	sym13	reflect	Large / Sensitive	pywt	4896790.0	24483.95	5.364418029785156e-07	0.9999999999999867	True	
2d	lwt2d+ilwt2d_roundtrip	sym13	antireflect	Large / Sensitive	pywt	4896790.0	24483.95	5.364418029785156e-07	0.9999999999999873	True	
2d	lwt2d+ilwt2d_roundtrip	sym14	symmetric	Large / Sensitive	pywt	2592.45	12.96225	7.152557373046875e-07	0.9999999999999845	True	
2d	lwt2d+ilwt2d_roundtrip	sym14	zero	Large / Sensitive	pywt	2592.45	12.96225	4.76837158203125e-07	0.9999999999999862	True	
2d	lwt2d+ilwt2d_roundtrip	sym14	constant	Large / Sensitive	pywt	2592.45	12.96225	7.152557373046875e-07	0.9999999999999858	True	
2d	lwt2d+ilwt2d_roundtrip	sym14	periodic	Large / Sensitive	pywt	2592.45	12.96225	7.152557373046875e-07	0.9999999999999853	True	
2d	lwt2d+ilwt2d_roundtrip	sym14	antisymmetric	Large / Sensitive	pywt	2592.45	12.96225	5.364418029785156e-07	0.9999999999999853	True	
2d	lwt2d+ilwt2d_roundtrip	sym14	smooth	Large / Sensitive	pywt	2592.45	12.96225	7.748603820800781e-07	0.9999999999999845	True	
2d	lwt2d+ilwt2d_roundtrip	sym14	reflect	Large / Sensitive	pywt	2592.45	12.96225	6.556510925292969e-07	0.9999999999999853	True	
2d	lwt2d+ilwt2d_roundtrip	sym14	antireflect	Large / Sensitive	pywt	2592.45	12.96225	5.364418029785156e-07	0.9999999999999842	True	
2d	lwt2d+ilwt2d_roundtrip	sym15	symmetric	Large / Sensitive	pywt	68.4772	0.34238599999999997	5.960464477539062e-07	0.9999999999999856	True	
2d	lwt2d+ilwt2d_roundtrip	sym15	zero	Large / Sensitive	pywt	68.4772	0.34238599999999997	5.364418029785156e-07	0.9999999999999856	True	
2d	lwt2d+ilwt2d_roundtrip	sym15	constant	Large / Sensitive	pywt	68.4772	0.34238599999999997	5.364418029785156e-07	0.9999999999999859	True	
2d	lwt2d+ilwt2d_roundtrip	sym15	periodic	Large / Sensitive	pywt	68.4772	0.34238599999999997	5.960464477539062e-07	0.9999999999999847	True	
2d	lwt2d+ilwt2d_roundtrip	sym15	antisymmetric	Large / Sensitive	pywt	68.4772	0.34238599999999997	5.364418029785156e-07	0.9999999999999846	True	
2d	lwt2d+ilwt2d_roundtrip	sym15	smooth	Large / Sensitive	pywt	68.4772	0.34238599999999997	6.556510925292969e-07	0.9999999999999836	True	
2d	lwt2d+ilwt2d_roundtrip	sym15	reflect	Large / Sensitive	pywt	68.4772	0.34238599999999997	5.960464477539062e-07	0.9999999999999845	True	
2d	lwt2d+ilwt2d_roundtrip	sym15	antireflect	Large / Sensitive	pywt	68.4772	0.34238599999999997	5.364418029785156e-07	0.999999999999984	True	
2d	lwt2d+ilwt2d_roundtrip	sym16	symmetric	Large / Sensitive	pywt	19.8683	0.09934150000000001	5.364418029785156e-07	0.9999999999999828	True	
2d	lwt2d+ilwt2d_roundtrip	sym16	zero	Large / Sensitive	pywt	19.8683	0.09934150000000001	5.364418029785156e-07	0.9999999999999857	True	
2d	lwt2d+ilwt2d_roundtrip	sym16	constant	Large / Sensitive	pywt	19.8683	0.09934150000000001	4.172325134277344e-07	0.9999999999999845	True	
2d	lwt2d+ilwt2d_roundtrip	sym16	periodic	Large / Sensitive	pywt	19.8683	0.09934150000000001	5.364418029785156e-07	0.9999999999999827	True	
2d	lwt2d+ilwt2d_roundtrip	sym16	antisymmetric	Large / Sensitive	pywt	19.8683	0.09934150000000001	5.364418029785156e-07	0.9999999999999836	True	
2d	lwt2d+ilwt2d_roundtrip	sym16	smooth	Large / Sensitive	pywt	19.8683	0.09934150000000001	5.364418029785156e-07	0.9999999999999833	True	
2d	lwt2d+ilwt2d_roundtrip	sym16	reflect	Large / Sensitive	pywt	19.8683	0.09934150000000001	5.364418029785156e-07	0.9999999999999841	True	
2d	lwt2d+ilwt2d_roundtrip	sym16	antireflect	Large / Sensitive	pywt	19.8683	0.09934150000000001	5.364418029785156e-07	0.9999999999999841	True	
2d	lwt2d+ilwt2d_roundtrip	sym17	symmetric	Large / Sensitive	pywt	1070.37	5.35185	5.364418029785156e-07	0.9999999999999846	True	
2d	lwt2d+ilwt2d_roundtrip	sym17	zero	Large / Sensitive	pywt	1070.37	5.35185	5.364418029785156e-07	0.9999999999999853	True	
2d	lwt2d+ilwt2d_roundtrip	sym17	constant	Large / Sensitive	pywt	1070.37	5.35185	5.960464477539062e-07	0.9999999999999839	True	
2d	lwt2d+ilwt2d_roundtrip	sym17	periodic	Large / Sensitive	pywt	1070.37	5.35185	5.364418029785156e-07	0.9999999999999839	True	
2d	lwt2d+ilwt2d_roundtrip	sym17	antisymmetric	Large / Sensitive	pywt	1070.37	5.35185	5.364418029785156e-07	0.9999999999999827	True	
2d	lwt2d+ilwt2d_roundtrip	sym17	smooth	Large / Sensitive	pywt	1070.37	5.35185	5.960464477539062e-07	0.9999999999999821	True	
2d	lwt2d+ilwt2d_roundtrip	sym17	reflect	Large / Sensitive	pywt	1070.37	5.35185	4.76837158203125e-07	0.9999999999999832	True	
2d	lwt2d+ilwt2d_roundtrip	sym17	antireflect	Large / Sensitive	pywt	1070.37	5.35185	5.364418029785156e-07	0.9999999999999823	True	
2d	lwt2d+ilwt2d_roundtrip	sym18	symmetric	Large / Sensitive	pywt	28.6658	0.143329	5.364418029785156e-07	0.999999999999982	True	
2d	lwt2d+ilwt2d_roundtrip	sym18	zero	Large / Sensitive	pywt	28.6658	0.143329	5.364418029785156e-07	0.9999999999999836	True	
2d	lwt2d+ilwt2d_roundtrip	sym18	constant	Large / Sensitive	pywt	28.6658	0.143329	6.556510925292969e-07	0.9999999999999833	True	
2d	lwt2d+ilwt2d_roundtrip	sym18	periodic	Large / Sensitive	pywt	28.6658	0.143329	6.556510925292969e-07	0.9999999999999829	True	
2d	lwt2d+ilwt2d_roundtrip	sym18	antisymmetric	Large / Sensitive	pywt	28.6658	0.143329	6.556510925292969e-07	0.9999999999999822	True	
2d	lwt2d+ilwt2d_roundtrip	sym18	smooth	Large / Sensitive	pywt	28.6658	0.143329	6.556510925292969e-07	0.999999999999982	True	
2d	lwt2d+ilwt2d_roundtrip	sym18	reflect	Large / Sensitive	pywt	28.6658	0.143329	5.364418029785156e-07	0.9999999999999825	True	
2d	lwt2d+ilwt2d_roundtrip	sym18	antireflect	Large / Sensitive	pywt	28.6658	0.143329	5.364418029785156e-07	0.9999999999999809	True	
2d	lwt2d+ilwt2d_roundtrip	sym19	symmetric	Large / Sensitive	pywt	1849.14	9.245700000000001	5.364418029785156e-07	0.9999999999999816	True	
2d	lwt2d+ilwt2d_roundtrip	sym19	zero	Large / Sensitive	pywt	1849.14	9.245700000000001	5.364418029785156e-07	0.9999999999999836	True	
2d	lwt2d+ilwt2d_roundtrip	sym19	constant	Large / Sensitive	pywt	1849.14	9.245700000000001	5.364418029785156e-07	0.9999999999999838	True	
2d	lwt2d+ilwt2d_roundtrip	sym19	periodic	Large / Sensitive	pywt	1849.14	9.245700000000001	5.364418029785156e-07	0.999999999999982	True	
2d	lwt2d+ilwt2d_roundtrip	sym19	antisymmetric	Large / Sensitive	pywt	1849.14	9.245700000000001	6.556510925292969e-07	0.9999999999999802	True	
2d	lwt2d+ilwt2d_roundtrip	sym19	smooth	Large / Sensitive	pywt	1849.14	9.245700000000001	4.76837158203125e-07	0.99999999999998	True	
2d	lwt2d+ilwt2d_roundtrip	sym19	reflect	Large / Sensitive	pywt	1849.14	9.245700000000001	5.364418029785156e-07	0.9999999999999813	True	
2d	lwt2d+ilwt2d_roundtrip	sym19	antireflect	Large / Sensitive	pywt	1849.14	9.245700000000001	4.76837158203125e-07	0.9999999999999802	True	
2d	lwt2d+ilwt2d_roundtrip	sym2	symmetric	Compact	pywt	1.11536	0.000111536	2.384185791015625e-07	0.9999999999999969	True	
2d	lwt2d+ilwt2d_roundtrip	sym2	zero	Compact	pywt	1.11536	0.000111536	2.384185791015625e-07	0.9999999999999971	True	
2d	lwt2d+ilwt2d_roundtrip	sym2	constant	Compact	pywt	1.11536	0.000111536	2.384185791015625e-07	0.9999999999999971	True	
2d	lwt2d+ilwt2d_roundtrip	sym2	periodic	Compact	pywt	1.11536	0.000111536	2.384185791015625e-07	0.9999999999999964	True	
2d	lwt2d+ilwt2d_roundtrip	sym2	antisymmetric	Compact	pywt	1.11536	0.000111536	2.384185791015625e-07	0.9999999999999964	True	
2d	lwt2d+ilwt2d_roundtrip	sym2	smooth	Compact	pywt	1.11536	0.000111536	2.384185791015625e-07	0.9999999999999967	True	
2d	lwt2d+ilwt2d_roundtrip	sym2	reflect	Compact	pywt	1.11536	0.000111536	2.384185791015625e-07	0.9999999999999969	True	
2d	lwt2d+ilwt2d_roundtrip	sym2	antireflect	Compact	pywt	1.11536	0.000111536	2.384185791015625e-07	0.9999999999999969	True	
2d	lwt2d+ilwt2d_roundtrip	sym20	symmetric	Large / Sensitive	pywt	16728.7	83.6435	5.364418029785156e-07	0.9999999999999816	True	
2d	lwt2d+ilwt2d_roundtrip	sym20	zero	Large / Sensitive	pywt	16728.7	83.6435	5.364418029785156e-07	0.9999999999999821	True	
2d	lwt2d+ilwt2d_roundtrip	sym20	constant	Large / Sensitive	pywt	16728.7	83.6435	5.960464477539062e-07	0.9999999999999826	True	
2d	lwt2d+ilwt2d_roundtrip	sym20	periodic	Large / Sensitive	pywt	16728.7	83.6435	5.364418029785156e-07	0.99999999999998	True	
2d	lwt2d+ilwt2d_roundtrip	sym20	antisymmetric	Large / Sensitive	pywt	16728.7	83.6435	5.364418029785156e-07	0.9999999999999795	True	
2d	lwt2d+ilwt2d_roundtrip	sym20	smooth	Large / Sensitive	pywt	16728.7	83.6435	4.76837158203125e-07	0.9999999999999806	True	
2d	lwt2d+ilwt2d_roundtrip	sym20	reflect	Large / Sensitive	pywt	16728.7	83.6435	5.364418029785156e-07	0.9999999999999803	True	
2d	lwt2d+ilwt2d_roundtrip	sym20	antireflect	Large / Sensitive	pywt	16728.7	83.6435	5.364418029785156e-07	0.9999999999999816	True	
2d	lwt2d+ilwt2d_roundtrip	sym3	symmetric	Compact	pywt	14.932	0.0014932	2.980232238769531e-07	0.9999999999999962	True	
2d	lwt2d+ilwt2d_roundtrip	sym3	zero	Compact	pywt	14.932	0.0014932	2.980232238769531e-07	0.9999999999999963	True	
2d	lwt2d+ilwt2d_roundtrip	sym3	constant	Compact	pywt	14.932	0.0014932	2.980232238769531e-07	0.9999999999999961	True	
2d	lwt2d+ilwt2d_roundtrip	sym3	periodic	Compact	pywt	14.932	0.0014932	2.980232238769531e-07	0.9999999999999963	True	
2d	lwt2d+ilwt2d_roundtrip	sym3	antisymmetric	Compact	pywt	14.932	0.0014932	2.980232238769531e-07	0.9999999999999967	True	
2d	lwt2d+ilwt2d_roundtrip	sym3	smooth	Compact	pywt	14.932	0.0014932	3.5762786865234375e-07	0.9999999999999963	True	
2d	lwt2d+ilwt2d_roundtrip	sym3	reflect	Compact	pywt	14.932	0.0014932	2.980232238769531e-07	0.999999999999996	True	
2d	lwt2d+ilwt2d_roundtrip	sym3	antireflect	Compact	pywt	14.932	0.0014932	2.980232238769531e-07	0.9999999999999963	True	
2d	lwt2d+ilwt2d_roundtrip	sym4	symmetric	Compact	pywt	5.87693	0.000587693	4.172325134277344e-07	0.9999999999999944	True	
2d	lwt2d+ilwt2d_roundtrip	sym4	zero	Compact	pywt	5.87693	0.000587693	2.980232238769531e-07	0.9999999999999951	True	
2d	lwt2d+ilwt2d_roundtrip	sym4	constant	Compact	pywt	5.87693	0.000587693	4.172325134277344e-07	0.9999999999999951	True	
2d	lwt2d+ilwt2d_roundtrip	sym4	periodic	Compact	pywt	5.87693	0.000587693	4.172325134277344e-07	0.9999999999999944	True	
2d	lwt2d+ilwt2d_roundtrip	sym4	antisymmetric	Compact	pywt	5.87693	0.000587693	3.5762786865234375e-07	0.9999999999999947	True	
2d	lwt2d+ilwt2d_roundtrip	sym4	smooth	Compact	pywt	5.87693	0.000587693	2.980232238769531e-07	0.9999999999999947	True	
2d	lwt2d+ilwt2d_roundtrip	sym4	reflect	Compact	pywt	5.87693	0.000587693	2.980232238769531e-07	0.9999999999999947	True	
2d	lwt2d+ilwt2d_roundtrip	sym4	antireflect	Compact	pywt	5.87693	0.000587693	3.5762786865234375e-07	0.9999999999999949	True	
2d	lwt2d+ilwt2d_roundtrip	sym5	symmetric	Compact	pywt	3.32658	0.000332658	2.980232238769531e-07	0.9999999999999929	True	
2d	lwt2d+ilwt2d_roundtrip	sym5	zero	Compact	pywt	3.32658	0.000332658	2.980232238769531e-07	0.9999999999999936	True	
2d	lwt2d+ilwt2d_roundtrip	sym5	constant	Compact	pywt	3.32658	0.000332658	2.980232238769531e-07	0.9999999999999936	True	
2d	lwt2d+ilwt2d_roundtrip	sym5	periodic	Compact	pywt	3.32658	0.000332658	2.980232238769531e-07	0.9999999999999934	True	
2d	lwt2d+ilwt2d_roundtrip	sym5	antisymmetric	Compact	pywt	3.32658	0.000332658	2.980232238769531e-07	0.999999999999994	True	
2d	lwt2d+ilwt2d_roundtrip	sym5	smooth	Compact	pywt	3.32658	0.000332658	2.980232238769531e-07	0.9999999999999934	True	
2d	lwt2d+ilwt2d_roundtrip	sym5	reflect	Compact	pywt	3.32658	0.000332658	2.980232238769531e-07	0.9999999999999931	True	
2d	lwt2d+ilwt2d_roundtrip	sym5	antireflect	Compact	pywt	3.32658	0.000332658	2.980232238769531e-07	0.9999999999999936	True	
2d	lwt2d+ilwt2d_roundtrip	sym6	symmetric	Compact	pywt	13.9887	0.00139887	4.172325134277344e-07	0.9999999999999925	True	
2d	lwt2d+ilwt2d_roundtrip	sym6	zero	Compact	pywt	13.9887	0.00139887	4.172325134277344e-07	0.9999999999999922	True	
2d	lwt2d+ilwt2d_roundtrip	sym6	constant	Compact	pywt	13.9887	0.00139887	4.172325134277344e-07	0.9999999999999922	True	
2d	lwt2d+ilwt2d_roundtrip	sym6	periodic	Compact	pywt	13.9887	0.00139887	4.172325134277344e-07	0.9999999999999929	True	
2d	lwt2d+ilwt2d_roundtrip	sym6	antisymmetric	Compact	pywt	13.9887	0.00139887	4.172325134277344e-07	0.999999999999992	True	
2d	lwt2d+ilwt2d_roundtrip	sym6	smooth	Compact	pywt	13.9887	0.00139887	4.172325134277344e-07	0.9999999999999927	True	
2d	lwt2d+ilwt2d_roundtrip	sym6	reflect	Compact	pywt	13.9887	0.00139887	4.172325134277344e-07	0.9999999999999925	True	
2d	lwt2d+ilwt2d_roundtrip	sym6	antireflect	Compact	pywt	13.9887	0.00139887	4.172325134277344e-07	0.9999999999999922	True	
2d	lwt2d+ilwt2d_roundtrip	sym7	symmetric	Large / Sensitive	pywt	17127.2	85.63600000000001	4.172325134277344e-07	0.9999999999999916	True	
2d	lwt2d+ilwt2d_roundtrip	sym7	zero	Large / Sensitive	pywt	17127.2	85.63600000000001	4.172325134277344e-07	0.9999999999999925	True	
2d	lwt2d+ilwt2d_roundtrip	sym7	constant	Large / Sensitive	pywt	17127.2	85.63600000000001	4.172325134277344e-07	0.9999999999999922	True	
2d	lwt2d+ilwt2d_roundtrip	sym7	periodic	Large / Sensitive	pywt	17127.2	85.63600000000001	4.172325134277344e-07	0.9999999999999913	True	
2d	lwt2d+ilwt2d_roundtrip	sym7	antisymmetric	Large / Sensitive	pywt	17127.2	85.63600000000001	4.172325134277344e-07	0.9999999999999918	True	
2d	lwt2d+ilwt2d_roundtrip	sym7	smooth	Large / Sensitive	pywt	17127.2	85.63600000000001	4.172325134277344e-07	0.9999999999999913	True	
2d	lwt2d+ilwt2d_roundtrip	sym7	reflect	Large / Sensitive	pywt	17127.2	85.63600000000001	4.172325134277344e-07	0.999999999999992	True	
2d	lwt2d+ilwt2d_roundtrip	sym7	antireflect	Large / Sensitive	pywt	17127.2	85.63600000000001	4.172325134277344e-07	0.999999999999992	True	
2d	lwt2d+ilwt2d_roundtrip	sym8	symmetric	Large / Sensitive	pywt	19.0019	0.0950095	4.172325134277344e-07	0.9999999999999911	True	
2d	lwt2d+ilwt2d_roundtrip	sym8	zero	Large / Sensitive	pywt	19.0019	0.0950095	4.172325134277344e-07	0.9999999999999906	True	
2d	lwt2d+ilwt2d_roundtrip	sym8	constant	Large / Sensitive	pywt	19.0019	0.0950095	4.172325134277344e-07	0.9999999999999911	True	
2d	lwt2d+ilwt2d_roundtrip	sym8	periodic	Large / Sensitive	pywt	19.0019	0.0950095	4.172325134277344e-07	0.999999999999991	True	
2d	lwt2d+ilwt2d_roundtrip	sym8	antisymmetric	Large / Sensitive	pywt	19.0019	0.0950095	5.364418029785156e-07	0.99999999999999	True	
2d	lwt2d+ilwt2d_roundtrip	sym8	smooth	Large / Sensitive	pywt	19.0019	0.0950095	4.172325134277344e-07	0.9999999999999901	True	
2d	lwt2d+ilwt2d_roundtrip	sym8	reflect	Large / Sensitive	pywt	19.0019	0.0950095	4.172325134277344e-07	0.9999999999999913	True	
2d	lwt2d+ilwt2d_roundtrip	sym8	antireflect	Large / Sensitive	pywt	19.0019	0.0950095	4.172325134277344e-07	0.9999999999999912	True	
2d	lwt2d+ilwt2d_roundtrip	sym9	symmetric	Medium	pywt	309.77	0.30977	4.172325134277344e-07	0.9999999999999902	True	
2d	lwt2d+ilwt2d_roundtrip	sym9	zero	Medium	pywt	309.77	0.30977	4.172325134277344e-07	0.9999999999999893	True	
2d	lwt2d+ilwt2d_roundtrip	sym9	constant	Medium	pywt	309.77	0.30977	4.172325134277344e-07	0.9999999999999891	True	
2d	lwt2d+ilwt2d_roundtrip	sym9	periodic	Medium	pywt	309.77	0.30977	4.172325134277344e-07	0.9999999999999891	True	
2d	lwt2d+ilwt2d_roundtrip	sym9	antisymmetric	Medium	pywt	309.77	0.30977	4.76837158203125e-07	0.9999999999999885	True	
2d	lwt2d+ilwt2d_roundtrip	sym9	smooth	Medium	pywt	309.77	0.30977	4.172325134277344e-07	0.9999999999999889	True	
2d	lwt2d+ilwt2d_roundtrip	sym9	reflect	Medium	pywt	309.77	0.30977	4.172325134277344e-07	0.9999999999999889	True	
2d	lwt2d+ilwt2d_roundtrip	sym9	antireflect	Medium	pywt	309.77	0.30977	4.172325134277344e-07	0.9999999999999902	True	
1d	lwt+ilwt_roundtrip	bior1.1	symmetric	Compact	standalone	1.41421	0.000141421	0.0	1.0	True	
1d	lwt+ilwt_roundtrip	bior1.1	zero	Compact	standalone	1.41421	0.000141421	0.0	1.0	True	
1d	lwt+ilwt_roundtrip	bior1.1	constant	Compact	standalone	1.41421	0.000141421	0.0	1.0	True	
1d	lwt+ilwt_roundtrip	bior1.1	periodic	Compact	standalone	1.41421	0.000141421	0.0	1.0	True	
1d	lwt+ilwt_roundtrip	bior1.1	antisymmetric	Compact	standalone	1.41421	0.000141421	0.0	1.0	True	
1d	lwt+ilwt_roundtrip	bior1.1	smooth	Compact	standalone	1.41421	0.000141421	0.0	1.0	True	
1d	lwt+ilwt_roundtrip	bior1.1	reflect	Compact	standalone	1.41421	0.000141421	0.0	1.0	True	
1d	lwt+ilwt_roundtrip	bior1.1	antireflect	Compact	standalone	1.41421	0.000141421	0.0	1.0	True	
1d	lwt+ilwt_roundtrip	bior1.3	symmetric	Compact	standalone	1.41421	0.000141421	0.0	1.0	True	
1d	lwt+ilwt_roundtrip	bior1.3	zero	Compact	standalone	1.41421	0.000141421	0.0	1.0	True	
1d	lwt+ilwt_roundtrip	bior1.3	constant	Compact	standalone	1.41421	0.000141421	0.0	1.0	True	
1d	lwt+ilwt_roundtrip	bior1.3	periodic	Compact	standalone	1.41421	0.000141421	0.0	1.0	True	
1d	lwt+ilwt_roundtrip	bior1.3	antisymmetric	Compact	standalone	1.41421	0.000141421	0.0	1.0	True	
1d	lwt+ilwt_roundtrip	bior1.3	smooth	Compact	standalone	1.41421	0.000141421	0.0	1.0	True	
1d	lwt+ilwt_roundtrip	bior1.3	reflect	Compact	standalone	1.41421	0.000141421	0.0	1.0	True	
1d	lwt+ilwt_roundtrip	bior1.3	antireflect	Compact	standalone	1.41421	0.000141421	0.0	1.0	True	
1d	lwt+ilwt_roundtrip	bior1.5	symmetric	Compact	standalone	1.41421	0.000141421	0.0	1.0	True	
1d	lwt+ilwt_roundtrip	bior1.5	zero	Compact	standalone	1.41421	0.000141421	0.0	1.0	True	
1d	lwt+ilwt_roundtrip	bior1.5	constant	Compact	standalone	1.41421	0.000141421	0.0	1.0	True	
1d	lwt+ilwt_roundtrip	bior1.5	periodic	Compact	standalone	1.41421	0.000141421	0.0	1.0	True	
1d	lwt+ilwt_roundtrip	bior1.5	antisymmetric	Compact	standalone	1.41421	0.000141421	0.0	1.0	True	
1d	lwt+ilwt_roundtrip	bior1.5	smooth	Compact	standalone	1.41421	0.000141421	0.0	1.0	True	
1d	lwt+ilwt_roundtrip	bior1.5	reflect	Compact	standalone	1.41421	0.000141421	0.0	1.0	True	
1d	lwt+ilwt_roundtrip	bior1.5	antireflect	Compact	standalone	1.41421	0.000141421	0.0	1.0	True	
1d	lwt+ilwt_roundtrip	bior2.2	symmetric	Compact	standalone	1.41421	0.000141421	0.0	1.0	True	
1d	lwt+ilwt_roundtrip	bior2.2	zero	Compact	standalone	1.41421	0.000141421	0.0	1.0	True	
1d	lwt+ilwt_roundtrip	bior2.2	constant	Compact	standalone	1.41421	0.000141421	0.0	1.0	True	
1d	lwt+ilwt_roundtrip	bior2.2	periodic	Compact	standalone	1.41421	0.000141421	0.0	1.0	True	
1d	lwt+ilwt_roundtrip	bior2.2	antisymmetric	Compact	standalone	1.41421	0.000141421	0.0	1.0	True	
1d	lwt+ilwt_roundtrip	bior2.2	smooth	Compact	standalone	1.41421	0.000141421	0.0	1.0	True	
1d	lwt+ilwt_roundtrip	bior2.2	reflect	Compact	standalone	1.41421	0.000141421	0.0	1.0	True	
1d	lwt+ilwt_roundtrip	bior2.2	antireflect	Compact	standalone	1.41421	0.000141421	0.0	1.0	True	
1d	lwt+ilwt_roundtrip	bior2.4	symmetric	Compact	standalone	1.41421	0.000141421	0.0	1.0	True	
1d	lwt+ilwt_roundtrip	bior2.4	zero	Compact	standalone	1.41421	0.000141421	0.0	1.0	True	
1d	lwt+ilwt_roundtrip	bior2.4	constant	Compact	standalone	1.41421	0.000141421	0.0	1.0	True	
1d	lwt+ilwt_roundtrip	bior2.4	periodic	Compact	standalone	1.41421	0.000141421	0.0	1.0	True	
1d	lwt+ilwt_roundtrip	bior2.4	antisymmetric	Compact	standalone	1.41421	0.000141421	0.0	1.0	True	
1d	lwt+ilwt_roundtrip	bior2.4	smooth	Compact	standalone	1.41421	0.000141421	0.0	1.0	True	
1d	lwt+ilwt_roundtrip	bior2.4	reflect	Compact	standalone	1.41421	0.000141421	0.0	1.0	True	
1d	lwt+ilwt_roundtrip	bior2.4	antireflect	Compact	standalone	1.41421	0.000141421	0.0	1.0	True	
1d	lwt+ilwt_roundtrip	bior2.6	symmetric	Large / Sensitive	standalone	1.41421	0.00707105	0.0	1.0	True	
1d	lwt+ilwt_roundtrip	bior2.6	zero	Large / Sensitive	standalone	1.41421	0.00707105	0.0	1.0	True	
1d	lwt+ilwt_roundtrip	bior2.6	constant	Large / Sensitive	standalone	1.41421	0.00707105	0.0	1.0	True	
1d	lwt+ilwt_roundtrip	bior2.6	periodic	Large / Sensitive	standalone	1.41421	0.00707105	0.0	1.0	True	
1d	lwt+ilwt_roundtrip	bior2.6	antisymmetric	Large / Sensitive	standalone	1.41421	0.00707105	0.0	1.0	True	
1d	lwt+ilwt_roundtrip	bior2.6	smooth	Large / Sensitive	standalone	1.41421	0.00707105	0.0	1.0	True	
1d	lwt+ilwt_roundtrip	bior2.6	reflect	Large / Sensitive	standalone	1.41421	0.00707105	0.0	1.0	True	
1d	lwt+ilwt_roundtrip	bior2.6	antireflect	Large / Sensitive	standalone	1.41421	0.00707105	0.0	1.0	True	
1d	lwt+ilwt_roundtrip	bior2.8	symmetric	Large / Sensitive	standalone	1.41421	0.00707105	0.0	1.0	True	
1d	lwt+ilwt_roundtrip	bior2.8	zero	Large / Sensitive	standalone	1.41421	0.00707105	0.0	1.0	True	
1d	lwt+ilwt_roundtrip	bior2.8	constant	Large / Sensitive	standalone	1.41421	0.00707105	0.0	1.0	True	
1d	lwt+ilwt_roundtrip	bior2.8	periodic	Large / Sensitive	standalone	1.41421	0.00707105	0.0	1.0	True	
1d	lwt+ilwt_roundtrip	bior2.8	antisymmetric	Large / Sensitive	standalone	1.41421	0.00707105	0.0	1.0	True	
1d	lwt+ilwt_roundtrip	bior2.8	smooth	Large / Sensitive	standalone	1.41421	0.00707105	0.0	1.0	True	
1d	lwt+ilwt_roundtrip	bior2.8	reflect	Large / Sensitive	standalone	1.41421	0.00707105	0.0	1.0	True	
1d	lwt+ilwt_roundtrip	bior2.8	antireflect	Large / Sensitive	standalone	1.41421	0.00707105	0.0	1.0	True	
1d	lwt+ilwt_roundtrip	bior3.1	symmetric	Compact	standalone	1.125	0.00011250000000000001	0.0	1.0	True	
1d	lwt+ilwt_roundtrip	bior3.1	zero	Compact	standalone	1.125	0.00011250000000000001	0.0	1.0	True	
1d	lwt+ilwt_roundtrip	bior3.1	constant	Compact	standalone	1.125	0.00011250000000000001	0.0	1.0	True	
1d	lwt+ilwt_roundtrip	bior3.1	periodic	Compact	standalone	1.125	0.00011250000000000001	0.0	1.0	True	
1d	lwt+ilwt_roundtrip	bior3.1	antisymmetric	Compact	standalone	1.125	0.00011250000000000001	0.0	1.0	True	
1d	lwt+ilwt_roundtrip	bior3.1	smooth	Compact	standalone	1.125	0.00011250000000000001	0.0	1.0	True	
1d	lwt+ilwt_roundtrip	bior3.1	reflect	Compact	standalone	1.125	0.00011250000000000001	0.0	1.0	True	
1d	lwt+ilwt_roundtrip	bior3.1	antireflect	Compact	standalone	1.125	0.00011250000000000001	0.0	1.0	True	
1d	lwt+ilwt_roundtrip	bior3.3	symmetric	Compact	standalone	2.12132	0.000212132	0.0	1.0	True	
1d	lwt+ilwt_roundtrip	bior3.3	zero	Compact	standalone	2.12132	0.000212132	0.0	1.0	True	
1d	lwt+ilwt_roundtrip	bior3.3	constant	Compact	standalone	2.12132	0.000212132	0.0	1.0	True	
1d	lwt+ilwt_roundtrip	bior3.3	periodic	Compact	standalone	2.12132	0.000212132	0.0	1.0	True	
1d	lwt+ilwt_roundtrip	bior3.3	antisymmetric	Compact	standalone	2.12132	0.000212132	0.0	1.0	True	
1d	lwt+ilwt_roundtrip	bior3.3	smooth	Compact	standalone	2.12132	0.000212132	0.0	1.0	True	
1d	lwt+ilwt_roundtrip	bior3.3	reflect	Compact	standalone	2.12132	0.000212132	0.0	1.0	True	
1d	lwt+ilwt_roundtrip	bior3.3	antireflect	Compact	standalone	2.12132	0.000212132	0.0	1.0	True	
1d	lwt+ilwt_roundtrip	bior3.5	symmetric	Compact	standalone	2.12132	0.000212132	0.0	1.0	True	
1d	lwt+ilwt_roundtrip	bior3.5	zero	Compact	standalone	2.12132	0.000212132	0.0	1.0	True	
1d	lwt+ilwt_roundtrip	bior3.5	constant	Compact	standalone	2.12132	0.000212132	0.0	1.0	True	
1d	lwt+ilwt_roundtrip	bior3.5	periodic	Compact	standalone	2.12132	0.000212132	0.0	1.0	True	
1d	lwt+ilwt_roundtrip	bior3.5	antisymmetric	Compact	standalone	2.12132	0.000212132	0.0	1.0	True	
1d	lwt+ilwt_roundtrip	bior3.5	smooth	Compact	standalone	2.12132	0.000212132	0.0	1.0	True	
1d	lwt+ilwt_roundtrip	bior3.5	reflect	Compact	standalone	2.12132	0.000212132	0.0	1.0	True	
1d	lwt+ilwt_roundtrip	bior3.5	antireflect	Compact	standalone	2.12132	0.000212132	0.0	1.0	True	
1d	lwt+ilwt_roundtrip	bior3.7	symmetric	Large / Sensitive	standalone	2.12132	0.010606599999999999	0.0	1.0	True	
1d	lwt+ilwt_roundtrip	bior3.7	zero	Large / Sensitive	standalone	2.12132	0.010606599999999999	0.0	1.0	True	
1d	lwt+ilwt_roundtrip	bior3.7	constant	Large / Sensitive	standalone	2.12132	0.010606599999999999	0.0	1.0	True	
1d	lwt+ilwt_roundtrip	bior3.7	periodic	Large / Sensitive	standalone	2.12132	0.010606599999999999	0.0	1.0	True	
1d	lwt+ilwt_roundtrip	bior3.7	antisymmetric	Large / Sensitive	standalone	2.12132	0.010606599999999999	0.0	1.0	True	
1d	lwt+ilwt_roundtrip	bior3.7	smooth	Large / Sensitive	standalone	2.12132	0.010606599999999999	0.0	1.0	True	
1d	lwt+ilwt_roundtrip	bior3.7	reflect	Large / Sensitive	standalone	2.12132	0.010606599999999999	0.0	1.0	True	
1d	lwt+ilwt_roundtrip	bior3.7	antireflect	Large / Sensitive	standalone	2.12132	0.010606599999999999	0.0	1.0	True	
1d	lwt+ilwt_roundtrip	bior3.9	symmetric	Large / Sensitive	standalone	2.12132	0.010606599999999999	0.0	1.0	True	
1d	lwt+ilwt_roundtrip	bior3.9	zero	Large / Sensitive	standalone	2.12132	0.010606599999999999	0.0	1.0	True	
1d	lwt+ilwt_roundtrip	bior3.9	constant	Large / Sensitive	standalone	2.12132	0.010606599999999999	0.0	1.0	True	
1d	lwt+ilwt_roundtrip	bior3.9	periodic	Large / Sensitive	standalone	2.12132	0.010606599999999999	0.0	1.0	True	
1d	lwt+ilwt_roundtrip	bior3.9	antisymmetric	Large / Sensitive	standalone	2.12132	0.010606599999999999	0.0	1.0	True	
1d	lwt+ilwt_roundtrip	bior3.9	smooth	Large / Sensitive	standalone	2.12132	0.010606599999999999	0.0	1.0	True	
1d	lwt+ilwt_roundtrip	bior3.9	reflect	Large / Sensitive	standalone	2.12132	0.010606599999999999	0.0	1.0	True	
1d	lwt+ilwt_roundtrip	bior3.9	antireflect	Large / Sensitive	standalone	2.12132	0.010606599999999999	0.0	1.0	True	
1d	lwt+ilwt_roundtrip	bior4.4	symmetric	Compact	standalone	1.58613	0.00015861300000000002	0.0	1.0	True	
1d	lwt+ilwt_roundtrip	bior4.4	zero	Compact	standalone	1.58613	0.00015861300000000002	0.0	1.0	True	
1d	lwt+ilwt_roundtrip	bior4.4	constant	Compact	standalone	1.58613	0.00015861300000000002	0.0	1.0	True	
1d	lwt+ilwt_roundtrip	bior4.4	periodic	Compact	standalone	1.58613	0.00015861300000000002	0.0	1.0	True	
1d	lwt+ilwt_roundtrip	bior4.4	antisymmetric	Compact	standalone	1.58613	0.00015861300000000002	0.0	1.0	True	
1d	lwt+ilwt_roundtrip	bior4.4	smooth	Compact	standalone	1.58613	0.00015861300000000002	0.0	1.0	True	
1d	lwt+ilwt_roundtrip	bior4.4	reflect	Compact	standalone	1.58613	0.00015861300000000002	0.0	1.0	True	
1d	lwt+ilwt_roundtrip	bior4.4	antireflect	Compact	standalone	1.58613	0.00015861300000000002	0.0	1.0	True	
1d	lwt+ilwt_roundtrip	bior5.5	symmetric	Compact	standalone	5.58579	0.000558579	0.0	1.0	True	
1d	lwt+ilwt_roundtrip	bior5.5	zero	Compact	standalone	5.58579	0.000558579	0.0	1.0	True	
1d	lwt+ilwt_roundtrip	bior5.5	constant	Compact	standalone	5.58579	0.000558579	0.0	1.0	True	
1d	lwt+ilwt_roundtrip	bior5.5	periodic	Compact	standalone	5.58579	0.000558579	0.0	1.0	True	
1d	lwt+ilwt_roundtrip	bior5.5	antisymmetric	Compact	standalone	5.58579	0.000558579	0.0	1.0	True	
1d	lwt+ilwt_roundtrip	bior5.5	smooth	Compact	standalone	5.58579	0.000558579	0.0	1.0	True	
1d	lwt+ilwt_roundtrip	bior5.5	reflect	Compact	standalone	5.58579	0.000558579	0.0	1.0	True	
1d	lwt+ilwt_roundtrip	bior5.5	antireflect	Compact	standalone	5.58579	0.000558579	0.0	1.0	True	
1d	lwt+ilwt_roundtrip	bior6.8	symmetric	Large / Sensitive	standalone	1.15131	0.00575655	0.0	1.0	True	
1d	lwt+ilwt_roundtrip	bior6.8	zero	Large / Sensitive	standalone	1.15131	0.00575655	0.0	1.0	True	
1d	lwt+ilwt_roundtrip	bior6.8	constant	Large / Sensitive	standalone	1.15131	0.00575655	0.0	1.0	True	
1d	lwt+ilwt_roundtrip	bior6.8	periodic	Large / Sensitive	standalone	1.15131	0.00575655	0.0	1.0	True	
1d	lwt+ilwt_roundtrip	bior6.8	antisymmetric	Large / Sensitive	standalone	1.15131	0.00575655	0.0	1.0	True	
1d	lwt+ilwt_roundtrip	bior6.8	smooth	Large / Sensitive	standalone	1.15131	0.00575655	0.0	1.0	True	
1d	lwt+ilwt_roundtrip	bior6.8	reflect	Large / Sensitive	standalone	1.15131	0.00575655	0.0	1.0	True	
1d	lwt+ilwt_roundtrip	bior6.8	antireflect	Large / Sensitive	standalone	1.15131	0.00575655	0.0	1.0	True	
1d	lwt+ilwt_roundtrip	coif1	symmetric	Compact	standalone	91.8006	0.00918006	0.0	1.0	True	
1d	lwt+ilwt_roundtrip	coif1	zero	Compact	standalone	91.8006	0.00918006	0.0	1.0	True	
1d	lwt+ilwt_roundtrip	coif1	constant	Compact	standalone	91.8006	0.00918006	0.0	1.0	True	
1d	lwt+ilwt_roundtrip	coif1	periodic	Compact	standalone	91.8006	0.00918006	0.0	1.0	True	
1d	lwt+ilwt_roundtrip	coif1	antisymmetric	Compact	standalone	91.8006	0.00918006	0.0	1.0	True	
1d	lwt+ilwt_roundtrip	coif1	smooth	Compact	standalone	91.8006	0.00918006	0.0	1.0	True	
1d	lwt+ilwt_roundtrip	coif1	reflect	Compact	standalone	91.8006	0.00918006	0.0	1.0	True	
1d	lwt+ilwt_roundtrip	coif1	antireflect	Compact	standalone	91.8006	0.00918006	0.0	1.0	True	
1d	lwt+ilwt_roundtrip	coif10	symmetric	Large / Sensitive	standalone	2437.12	12.185599999999999	0.0	1.0	True	
1d	lwt+ilwt_roundtrip	coif10	zero	Large / Sensitive	standalone	2437.12	12.185599999999999	0.0	1.0	True	
1d	lwt+ilwt_roundtrip	coif10	constant	Large / Sensitive	standalone	2437.12	12.185599999999999	0.0	1.0	True	
1d	lwt+ilwt_roundtrip	coif10	periodic	Large / Sensitive	standalone	2437.12	12.185599999999999	0.0	1.0	True	
1d	lwt+ilwt_roundtrip	coif10	antisymmetric	Large / Sensitive	standalone	2437.12	12.185599999999999	0.0	1.0	True	
1d	lwt+ilwt_roundtrip	coif10	smooth	Large / Sensitive	standalone	2437.12	12.185599999999999	0.0	1.0	True	
1d	lwt+ilwt_roundtrip	coif10	reflect	Large / Sensitive	standalone	2437.12	12.185599999999999	0.0	1.0	True	
1d	lwt+ilwt_roundtrip	coif10	antireflect	Large / Sensitive	standalone	2437.12	12.185599999999999	0.0	1.0	True	
1d	lwt+ilwt_roundtrip	coif11	symmetric	Large / Sensitive	standalone	16170.8	80.854	0.0	1.0	True	
1d	lwt+ilwt_roundtrip	coif11	zero	Large / Sensitive	standalone	16170.8	80.854	0.0	1.0	True	
1d	lwt+ilwt_roundtrip	coif11	constant	Large / Sensitive	standalone	16170.8	80.854	0.0	1.0	True	
1d	lwt+ilwt_roundtrip	coif11	periodic	Large / Sensitive	standalone	16170.8	80.854	0.0	1.0	True	
1d	lwt+ilwt_roundtrip	coif11	antisymmetric	Large / Sensitive	standalone	16170.8	80.854	0.0	1.0	True	
1d	lwt+ilwt_roundtrip	coif11	smooth	Large / Sensitive	standalone	16170.8	80.854	0.0	1.0	True	
1d	lwt+ilwt_roundtrip	coif11	reflect	Large / Sensitive	standalone	16170.8	80.854	0.0	1.0	True	
1d	lwt+ilwt_roundtrip	coif11	antireflect	Large / Sensitive	standalone	16170.8	80.854	0.0	1.0	True	
1d	lwt+ilwt_roundtrip	coif12	symmetric	Large / Sensitive	standalone	2116.57	10.58285	0.0	1.0	True	
1d	lwt+ilwt_roundtrip	coif12	zero	Large / Sensitive	standalone	2116.57	10.58285	0.0	1.0	True	
1d	lwt+ilwt_roundtrip	coif12	constant	Large / Sensitive	standalone	2116.57	10.58285	0.0	1.0	True	
1d	lwt+ilwt_roundtrip	coif12	periodic	Large / Sensitive	standalone	2116.57	10.58285	0.0	1.0	True	
1d	lwt+ilwt_roundtrip	coif12	antisymmetric	Large / Sensitive	standalone	2116.57	10.58285	0.0	1.0	True	
1d	lwt+ilwt_roundtrip	coif12	smooth	Large / Sensitive	standalone	2116.57	10.58285	0.0	1.0	True	
1d	lwt+ilwt_roundtrip	coif12	reflect	Large / Sensitive	standalone	2116.57	10.58285	0.0	1.0	True	
1d	lwt+ilwt_roundtrip	coif12	antireflect	Large / Sensitive	standalone	2116.57	10.58285	0.0	1.0	True	
1d	lwt+ilwt_roundtrip	coif13	symmetric	Large / Sensitive	standalone	23489.6	117.448	0.0	1.0	True	
1d	lwt+ilwt_roundtrip	coif13	zero	Large / Sensitive	standalone	23489.6	117.448	0.0	1.0	True	
1d	lwt+ilwt_roundtrip	coif13	constant	Large / Sensitive	standalone	23489.6	117.448	0.0	1.0	True	
1d	lwt+ilwt_roundtrip	coif13	periodic	Large / Sensitive	standalone	23489.6	117.448	0.0	1.0	True	
1d	lwt+ilwt_roundtrip	coif13	antisymmetric	Large / Sensitive	standalone	23489.6	117.448	0.0	1.0	True	
1d	lwt+ilwt_roundtrip	coif13	smooth	Large / Sensitive	standalone	23489.6	117.448	0.0	1.0	True	
1d	lwt+ilwt_roundtrip	coif13	reflect	Large / Sensitive	standalone	23489.6	117.448	0.0	1.0	True	
1d	lwt+ilwt_roundtrip	coif13	antireflect	Large / Sensitive	standalone	23489.6	117.448	0.0	1.0	True	
1d	lwt+ilwt_roundtrip	coif14	symmetric	Large / Sensitive	standalone	3417.27	17.08635	0.0	1.0	True	
1d	lwt+ilwt_roundtrip	coif14	zero	Large / Sensitive	standalone	3417.27	17.08635	0.0	1.0	True	
1d	lwt+ilwt_roundtrip	coif14	constant	Large / Sensitive	standalone	3417.27	17.08635	0.0	1.0	True	
1d	lwt+ilwt_roundtrip	coif14	periodic	Large / Sensitive	standalone	3417.27	17.08635	0.0	1.0	True	
1d	lwt+ilwt_roundtrip	coif14	antisymmetric	Large / Sensitive	standalone	3417.27	17.08635	0.0	1.0	True	
1d	lwt+ilwt_roundtrip	coif14	smooth	Large / Sensitive	standalone	3417.27	17.08635	0.0	1.0	True	
1d	lwt+ilwt_roundtrip	coif14	reflect	Large / Sensitive	standalone	3417.27	17.08635	0.0	1.0	True	
1d	lwt+ilwt_roundtrip	coif14	antireflect	Large / Sensitive	standalone	3417.27	17.08635	0.0	1.0	True	
1d	lwt+ilwt_roundtrip	coif15	symmetric	Large / Sensitive	standalone	36169.8	180.84900000000002	0.0	1.0	True	
1d	lwt+ilwt_roundtrip	coif15	zero	Large / Sensitive	standalone	36169.8	180.84900000000002	0.0	1.0	True	
1d	lwt+ilwt_roundtrip	coif15	constant	Large / Sensitive	standalone	36169.8	180.84900000000002	0.0	1.0	True	
1d	lwt+ilwt_roundtrip	coif15	periodic	Large / Sensitive	standalone	36169.8	180.84900000000002	0.0	1.0	True	
1d	lwt+ilwt_roundtrip	coif15	antisymmetric	Large / Sensitive	standalone	36169.8	180.84900000000002	0.0	1.0	True	
1d	lwt+ilwt_roundtrip	coif15	smooth	Large / Sensitive	standalone	36169.8	180.84900000000002	0.0	1.0	True	
1d	lwt+ilwt_roundtrip	coif15	reflect	Large / Sensitive	standalone	36169.8	180.84900000000002	0.0	1.0	True	
1d	lwt+ilwt_roundtrip	coif15	antireflect	Large / Sensitive	standalone	36169.8	180.84900000000002	0.0	1.0	True	
1d	lwt+ilwt_roundtrip	coif16	symmetric	Large / Sensitive	standalone	4375.36	21.8768	0.0	1.0	True	
1d	lwt+ilwt_roundtrip	coif16	zero	Large / Sensitive	standalone	4375.36	21.8768	0.0	1.0	True	
1d	lwt+ilwt_roundtrip	coif16	constant	Large / Sensitive	standalone	4375.36	21.8768	0.0	1.0	True	
1d	lwt+ilwt_roundtrip	coif16	periodic	Large / Sensitive	standalone	4375.36	21.8768	0.0	1.0	True	
1d	lwt+ilwt_roundtrip	coif16	antisymmetric	Large / Sensitive	standalone	4375.36	21.8768	0.0	1.0	True	
1d	lwt+ilwt_roundtrip	coif16	smooth	Large / Sensitive	standalone	4375.36	21.8768	0.0	1.0	True	
1d	lwt+ilwt_roundtrip	coif16	reflect	Large / Sensitive	standalone	4375.36	21.8768	0.0	1.0	True	
1d	lwt+ilwt_roundtrip	coif16	antireflect	Large / Sensitive	standalone	4375.36	21.8768	0.0	1.0	True	
1d	lwt+ilwt_roundtrip	coif17	symmetric	Large / Sensitive	standalone	34912.6	174.563	0.0	1.0	True	
1d	lwt+ilwt_roundtrip	coif17	zero	Large / Sensitive	standalone	34912.6	174.563	0.0	1.0	True	
1d	lwt+ilwt_roundtrip	coif17	constant	Large / Sensitive	standalone	34912.6	174.563	0.0	1.0	True	
1d	lwt+ilwt_roundtrip	coif17	periodic	Large / Sensitive	standalone	34912.6	174.563	0.0	1.0	True	
1d	lwt+ilwt_roundtrip	coif17	antisymmetric	Large / Sensitive	standalone	34912.6	174.563	0.0	1.0	True	
1d	lwt+ilwt_roundtrip	coif17	smooth	Large / Sensitive	standalone	34912.6	174.563	0.0	1.0	True	
1d	lwt+ilwt_roundtrip	coif17	reflect	Large / Sensitive	standalone	34912.6	174.563	0.0	1.0	True	
1d	lwt+ilwt_roundtrip	coif17	antireflect	Large / Sensitive	standalone	34912.6	174.563	0.0	1.0	True	
1d	lwt+ilwt_roundtrip	coif2	symmetric	Compact	standalone	3.57823	0.000357823	0.0	1.0	True	
1d	lwt+ilwt_roundtrip	coif2	zero	Compact	standalone	3.57823	0.000357823	0.0	1.0	True	
1d	lwt+ilwt_roundtrip	coif2	constant	Compact	standalone	3.57823	0.000357823	0.0	1.0	True	
1d	lwt+ilwt_roundtrip	coif2	periodic	Compact	standalone	3.57823	0.000357823	0.0	1.0	True	
1d	lwt+ilwt_roundtrip	coif2	antisymmetric	Compact	standalone	3.57823	0.000357823	0.0	1.0	True	
1d	lwt+ilwt_roundtrip	coif2	smooth	Compact	standalone	3.57823	0.000357823	0.0	1.0	True	
1d	lwt+ilwt_roundtrip	coif2	reflect	Compact	standalone	3.57823	0.000357823	0.0	1.0	True	
1d	lwt+ilwt_roundtrip	coif2	antireflect	Compact	standalone	3.57823	0.000357823	0.0	1.0	True	
1d	lwt+ilwt_roundtrip	coif3	symmetric	Medium	standalone	42.7863	0.0427863	0.0	1.0	True	
1d	lwt+ilwt_roundtrip	coif3	zero	Medium	standalone	42.7863	0.0427863	0.0	1.0	True	
1d	lwt+ilwt_roundtrip	coif3	constant	Medium	standalone	42.7863	0.0427863	0.0	1.0	True	
1d	lwt+ilwt_roundtrip	coif3	periodic	Medium	standalone	42.7863	0.0427863	0.0	1.0	True	
1d	lwt+ilwt_roundtrip	coif3	antisymmetric	Medium	standalone	42.7863	0.0427863	0.0	1.0	True	
1d	lwt+ilwt_roundtrip	coif3	smooth	Medium	standalone	42.7863	0.0427863	0.0	1.0	True	
1d	lwt+ilwt_roundtrip	coif3	reflect	Medium	standalone	42.7863	0.0427863	0.0	1.0	True	
1d	lwt+ilwt_roundtrip	coif3	antireflect	Medium	standalone	42.7863	0.0427863	0.0	1.0	True	
1d	lwt+ilwt_roundtrip	coif4	symmetric	Medium	standalone	14.799	0.014799	0.0	1.0	True	
1d	lwt+ilwt_roundtrip	coif4	zero	Medium	standalone	14.799	0.014799	0.0	1.0	True	
1d	lwt+ilwt_roundtrip	coif4	constant	Medium	standalone	14.799	0.014799	0.0	1.0	True	
1d	lwt+ilwt_roundtrip	coif4	periodic	Medium	standalone	14.799	0.014799	0.0	1.0	True	
1d	lwt+ilwt_roundtrip	coif4	antisymmetric	Medium	standalone	14.799	0.014799	0.0	1.0	True	
1d	lwt+ilwt_roundtrip	coif4	smooth	Medium	standalone	14.799	0.014799	0.0	1.0	True	
1d	lwt+ilwt_roundtrip	coif4	reflect	Medium	standalone	14.799	0.014799	0.0	1.0	True	
1d	lwt+ilwt_roundtrip	coif4	antireflect	Medium	standalone	14.799	0.014799	0.0	1.0	True	
1d	lwt+ilwt_roundtrip	coif5	symmetric	Large / Sensitive	standalone	283.731	1.418655	0.0	1.0	True	
1d	lwt+ilwt_roundtrip	coif5	zero	Large / Sensitive	standalone	283.731	1.418655	0.0	1.0	True	
1d	lwt+ilwt_roundtrip	coif5	constant	Large / Sensitive	standalone	283.731	1.418655	0.0	1.0	True	
1d	lwt+ilwt_roundtrip	coif5	periodic	Large / Sensitive	standalone	283.731	1.418655	0.0	1.0	True	
1d	lwt+ilwt_roundtrip	coif5	antisymmetric	Large / Sensitive	standalone	283.731	1.418655	0.0	1.0	True	
1d	lwt+ilwt_roundtrip	coif5	smooth	Large / Sensitive	standalone	283.731	1.418655	0.0	1.0	True	
1d	lwt+ilwt_roundtrip	coif5	reflect	Large / Sensitive	standalone	283.731	1.418655	0.0	1.0	True	
1d	lwt+ilwt_roundtrip	coif5	antireflect	Large / Sensitive	standalone	283.731	1.418655	0.0	1.0	True	
1d	lwt+ilwt_roundtrip	coif6	symmetric	Large / Sensitive	standalone	93.4704	0.467352	0.0	1.0	True	
1d	lwt+ilwt_roundtrip	coif6	zero	Large / Sensitive	standalone	93.4704	0.467352	0.0	1.0	True	
1d	lwt+ilwt_roundtrip	coif6	constant	Large / Sensitive	standalone	93.4704	0.467352	0.0	1.0	True	
1d	lwt+ilwt_roundtrip	coif6	periodic	Large / Sensitive	standalone	93.4704	0.467352	0.0	1.0	True	
1d	lwt+ilwt_roundtrip	coif6	antisymmetric	Large / Sensitive	standalone	93.4704	0.467352	0.0	1.0	True	
1d	lwt+ilwt_roundtrip	coif6	smooth	Large / Sensitive	standalone	93.4704	0.467352	0.0	1.0	True	
1d	lwt+ilwt_roundtrip	coif6	reflect	Large / Sensitive	standalone	93.4704	0.467352	0.0	1.0	True	
1d	lwt+ilwt_roundtrip	coif6	antireflect	Large / Sensitive	standalone	93.4704	0.467352	0.0	1.0	True	
1d	lwt+ilwt_roundtrip	coif7	symmetric	Large / Sensitive	standalone	1724.88	8.624400000000001	0.0	1.0	True	
1d	lwt+ilwt_roundtrip	coif7	zero	Large / Sensitive	standalone	1724.88	8.624400000000001	0.0	1.0	True	
1d	lwt+ilwt_roundtrip	coif7	constant	Large / Sensitive	standalone	1724.88	8.624400000000001	0.0	1.0	True	
1d	lwt+ilwt_roundtrip	coif7	periodic	Large / Sensitive	standalone	1724.88	8.624400000000001	0.0	1.0	True	
1d	lwt+ilwt_roundtrip	coif7	antisymmetric	Large / Sensitive	standalone	1724.88	8.624400000000001	0.0	1.0	True	
1d	lwt+ilwt_roundtrip	coif7	smooth	Large / Sensitive	standalone	1724.88	8.624400000000001	0.0	1.0	True	
1d	lwt+ilwt_roundtrip	coif7	reflect	Large / Sensitive	standalone	1724.88	8.624400000000001	0.0	1.0	True	
1d	lwt+ilwt_roundtrip	coif7	antireflect	Large / Sensitive	standalone	1724.88	8.624400000000001	0.0	1.0	True	
1d	lwt+ilwt_roundtrip	coif8	symmetric	Large / Sensitive	standalone	828.314	4.14157	0.0	1.0	True	
1d	lwt+ilwt_roundtrip	coif8	zero	Large / Sensitive	standalone	828.314	4.14157	0.0	1.0	True	
1d	lwt+ilwt_roundtrip	coif8	constant	Large / Sensitive	standalone	828.314	4.14157	0.0	1.0	True	
1d	lwt+ilwt_roundtrip	coif8	periodic	Large / Sensitive	standalone	828.314	4.14157	0.0	1.0	True	
1d	lwt+ilwt_roundtrip	coif8	antisymmetric	Large / Sensitive	standalone	828.314	4.14157	0.0	1.0	True	
1d	lwt+ilwt_roundtrip	coif8	smooth	Large / Sensitive	standalone	828.314	4.14157	0.0	1.0	True	
1d	lwt+ilwt_roundtrip	coif8	reflect	Large / Sensitive	standalone	828.314	4.14157	0.0	1.0	True	
1d	lwt+ilwt_roundtrip	coif8	antireflect	Large / Sensitive	standalone	828.314	4.14157	0.0	1.0	True	
1d	lwt+ilwt_roundtrip	coif9	symmetric	Large / Sensitive	standalone	306199	1530.9950000000001	0.0	1.0	True	
1d	lwt+ilwt_roundtrip	coif9	zero	Large / Sensitive	standalone	306199	1530.9950000000001	0.0	1.0	True	
1d	lwt+ilwt_roundtrip	coif9	constant	Large / Sensitive	standalone	306199	1530.9950000000001	0.0	1.0	True	
1d	lwt+ilwt_roundtrip	coif9	periodic	Large / Sensitive	standalone	306199	1530.9950000000001	0.0	1.0	True	
1d	lwt+ilwt_roundtrip	coif9	antisymmetric	Large / Sensitive	standalone	306199	1530.9950000000001	0.0	1.0	True	
1d	lwt+ilwt_roundtrip	coif9	smooth	Large / Sensitive	standalone	306199	1530.9950000000001	0.0	1.0	True	
1d	lwt+ilwt_roundtrip	coif9	reflect	Large / Sensitive	standalone	306199	1530.9950000000001	0.0	1.0	True	
1d	lwt+ilwt_roundtrip	coif9	antireflect	Large / Sensitive	standalone	306199	1530.9950000000001	0.0	1.0	True	
1d	lwt+ilwt_roundtrip	db1	symmetric	Compact	standalone	1.41421	0.000141421	0.0	1.0	True	
1d	lwt+ilwt_roundtrip	db1	zero	Compact	standalone	1.41421	0.000141421	0.0	1.0	True	
1d	lwt+ilwt_roundtrip	db1	constant	Compact	standalone	1.41421	0.000141421	0.0	1.0	True	
1d	lwt+ilwt_roundtrip	db1	periodic	Compact	standalone	1.41421	0.000141421	0.0	1.0	True	
1d	lwt+ilwt_roundtrip	db1	antisymmetric	Compact	standalone	1.41421	0.000141421	0.0	1.0	True	
1d	lwt+ilwt_roundtrip	db1	smooth	Compact	standalone	1.41421	0.000141421	0.0	1.0	True	
1d	lwt+ilwt_roundtrip	db1	reflect	Compact	standalone	1.41421	0.000141421	0.0	1.0	True	
1d	lwt+ilwt_roundtrip	db1	antireflect	Compact	standalone	1.41421	0.000141421	0.0	1.0	True	
1d	lwt+ilwt_roundtrip	db10	symmetric	Medium	standalone	21.6996	0.0216996	0.0	1.0	True	
1d	lwt+ilwt_roundtrip	db10	zero	Medium	standalone	21.6996	0.0216996	0.0	1.0	True	
1d	lwt+ilwt_roundtrip	db10	constant	Medium	standalone	21.6996	0.0216996	0.0	1.0	True	
1d	lwt+ilwt_roundtrip	db10	periodic	Medium	standalone	21.6996	0.0216996	0.0	1.0	True	
1d	lwt+ilwt_roundtrip	db10	antisymmetric	Medium	standalone	21.6996	0.0216996	0.0	1.0	True	
1d	lwt+ilwt_roundtrip	db10	smooth	Medium	standalone	21.6996	0.0216996	0.0	1.0	True	
1d	lwt+ilwt_roundtrip	db10	reflect	Medium	standalone	21.6996	0.0216996	0.0	1.0	True	
1d	lwt+ilwt_roundtrip	db10	antireflect	Medium	standalone	21.6996	0.0216996	0.0	1.0	True	
1d	lwt+ilwt_roundtrip	db11	symmetric	Medium	standalone	1039.05	1.03905	0.0	1.0	True	
1d	lwt+ilwt_roundtrip	db11	zero	Medium	standalone	1039.05	1.03905	0.0	1.0	True	
1d	lwt+ilwt_roundtrip	db11	constant	Medium	standalone	1039.05	1.03905	0.0	1.0	True	
1d	lwt+ilwt_roundtrip	db11	periodic	Medium	standalone	1039.05	1.03905	0.0	1.0	True	
1d	lwt+ilwt_roundtrip	db11	antisymmetric	Medium	standalone	1039.05	1.03905	0.0	1.0	True	
1d	lwt+ilwt_roundtrip	db11	smooth	Medium	standalone	1039.05	1.03905	0.0	1.0	True	
1d	lwt+ilwt_roundtrip	db11	reflect	Medium	standalone	1039.05	1.03905	0.0	1.0	True	
1d	lwt+ilwt_roundtrip	db11	antireflect	Medium	standalone	1039.05	1.03905	0.0	1.0	True	
1d	lwt+ilwt_roundtrip	db12	symmetric	Medium	standalone	43.1261	0.0431261	0.0	1.0	True	
1d	lwt+ilwt_roundtrip	db12	zero	Medium	standalone	43.1261	0.0431261	0.0	1.0	True	
1d	lwt+ilwt_roundtrip	db12	constant	Medium	standalone	43.1261	0.0431261	0.0	1.0	True	
1d	lwt+ilwt_roundtrip	db12	periodic	Medium	standalone	43.1261	0.0431261	0.0	1.0	True	
1d	lwt+ilwt_roundtrip	db12	antisymmetric	Medium	standalone	43.1261	0.0431261	0.0	1.0	True	
1d	lwt+ilwt_roundtrip	db12	smooth	Medium	standalone	43.1261	0.0431261	0.0	1.0	True	
1d	lwt+ilwt_roundtrip	db12	reflect	Medium	standalone	43.1261	0.0431261	0.0	1.0	True	
1d	lwt+ilwt_roundtrip	db12	antireflect	Medium	standalone	43.1261	0.0431261	0.0	1.0	True	
1d	lwt+ilwt_roundtrip	db13	symmetric	Large / Sensitive	standalone	2596.18	12.9809	0.0	1.0	True	
1d	lwt+ilwt_roundtrip	db13	zero	Large / Sensitive	standalone	2596.18	12.9809	0.0	1.0	True	
1d	lwt+ilwt_roundtrip	db13	constant	Large / Sensitive	standalone	2596.18	12.9809	0.0	1.0	True	
1d	lwt+ilwt_roundtrip	db13	periodic	Large / Sensitive	standalone	2596.18	12.9809	0.0	1.0	True	
1d	lwt+ilwt_roundtrip	db13	antisymmetric	Large / Sensitive	standalone	2596.18	12.9809	0.0	1.0	True	
1d	lwt+ilwt_roundtrip	db13	smooth	Large / Sensitive	standalone	2596.18	12.9809	0.0	1.0	True	
1d	lwt+ilwt_roundtrip	db13	reflect	Large / Sensitive	standalone	2596.18	12.9809	0.0	1.0	True	
1d	lwt+ilwt_roundtrip	db13	antireflect	Large / Sensitive	standalone	2596.18	12.9809	0.0	1.0	True	
1d	lwt+ilwt_roundtrip	db14	symmetric	Large / Sensitive	standalone	85.6274	0.428137	0.0	1.0	True	
1d	lwt+ilwt_roundtrip	db14	zero	Large / Sensitive	standalone	85.6274	0.428137	0.0	1.0	True	
1d	lwt+ilwt_roundtrip	db14	constant	Large / Sensitive	standalone	85.6274	0.428137	0.0	1.0	True	
1d	lwt+ilwt_roundtrip	db14	periodic	Large / Sensitive	standalone	85.6274	0.428137	0.0	1.0	True	
1d	lwt+ilwt_roundtrip	db14	antisymmetric	Large / Sensitive	standalone	85.6274	0.428137	0.0	1.0	True	
1d	lwt+ilwt_roundtrip	db14	smooth	Large / Sensitive	standalone	85.6274	0.428137	0.0	1.0	True	
1d	lwt+ilwt_roundtrip	db14	reflect	Large / Sensitive	standalone	85.6274	0.428137	0.0	1.0	True	
1d	lwt+ilwt_roundtrip	db14	antireflect	Large / Sensitive	standalone	85.6274	0.428137	0.0	1.0	True	
1d	lwt+ilwt_roundtrip	db15	symmetric	Large / Sensitive	standalone	6283.63	31.41815	0.0	1.0	True	
1d	lwt+ilwt_roundtrip	db15	zero	Large / Sensitive	standalone	6283.63	31.41815	0.0	1.0	True	
1d	lwt+ilwt_roundtrip	db15	constant	Large / Sensitive	standalone	6283.63	31.41815	0.0	1.0	True	
1d	lwt+ilwt_roundtrip	db15	periodic	Large / Sensitive	standalone	6283.63	31.41815	0.0	1.0	True	
1d	lwt+ilwt_roundtrip	db15	antisymmetric	Large / Sensitive	standalone	6283.63	31.41815	0.0	1.0	True	
1d	lwt+ilwt_roundtrip	db15	smooth	Large / Sensitive	standalone	6283.63	31.41815	0.0	1.0	True	
1d	lwt+ilwt_roundtrip	db15	reflect	Large / Sensitive	standalone	6283.63	31.41815	0.0	1.0	True	
1d	lwt+ilwt_roundtrip	db15	antireflect	Large / Sensitive	standalone	6283.63	31.41815	0.0	1.0	True	
1d	lwt+ilwt_roundtrip	db16	symmetric	Large / Sensitive	standalone	170.158	0.8507899999999999	0.0	1.0	True	
1d	lwt+ilwt_roundtrip	db16	zero	Large / Sensitive	standalone	170.158	0.8507899999999999	0.0	1.0	True	
1d	lwt+ilwt_roundtrip	db16	constant	Large / Sensitive	standalone	170.158	0.8507899999999999	0.0	1.0	True	
1d	lwt+ilwt_roundtrip	db16	periodic	Large / Sensitive	standalone	170.158	0.8507899999999999	0.0	1.0	True	
1d	lwt+ilwt_roundtrip	db16	antisymmetric	Large / Sensitive	standalone	170.158	0.8507899999999999	0.0	1.0	True	
1d	lwt+ilwt_roundtrip	db16	smooth	Large / Sensitive	standalone	170.158	0.8507899999999999	0.0	1.0	True	
1d	lwt+ilwt_roundtrip	db16	reflect	Large / Sensitive	standalone	170.158	0.8507899999999999	0.0	1.0	True	
1d	lwt+ilwt_roundtrip	db16	antireflect	Large / Sensitive	standalone	170.158	0.8507899999999999	0.0	1.0	True	
1d	lwt+ilwt_roundtrip	db17	symmetric	Large / Sensitive	standalone	15893.3	79.4665	0.0	1.0	True	
1d	lwt+ilwt_roundtrip	db17	zero	Large / Sensitive	standalone	15893.3	79.4665	0.0	1.0	True	
1d	lwt+ilwt_roundtrip	db17	constant	Large / Sensitive	standalone	15893.3	79.4665	0.0	1.0	True	
1d	lwt+ilwt_roundtrip	db17	periodic	Large / Sensitive	standalone	15893.3	79.4665	0.0	1.0	True	
1d	lwt+ilwt_roundtrip	db17	antisymmetric	Large / Sensitive	standalone	15893.3	79.4665	0.0	1.0	True	
1d	lwt+ilwt_roundtrip	db17	smooth	Large / Sensitive	standalone	15893.3	79.4665	0.0	1.0	True	
1d	lwt+ilwt_roundtrip	db17	reflect	Large / Sensitive	standalone	15893.3	79.4665	0.0	1.0	True	
1d	lwt+ilwt_roundtrip	db17	antireflect	Large / Sensitive	standalone	15893.3	79.4665	0.0	1.0	True	
1d	lwt+ilwt_roundtrip	db18	symmetric	Large / Sensitive	standalone	487.219	2.436095	0.0	1.0	True	
1d	lwt+ilwt_roundtrip	db18	zero	Large / Sensitive	standalone	487.219	2.436095	0.0	1.0	True	
1d	lwt+ilwt_roundtrip	db18	constant	Large / Sensitive	standalone	487.219	2.436095	0.0	1.0	True	
1d	lwt+ilwt_roundtrip	db18	periodic	Large / Sensitive	standalone	487.219	2.436095	0.0	1.0	True	
1d	lwt+ilwt_roundtrip	db18	antisymmetric	Large / Sensitive	standalone	487.219	2.436095	0.0	1.0	True	
1d	lwt+ilwt_roundtrip	db18	smooth	Large / Sensitive	standalone	487.219	2.436095	0.0	1.0	True	
1d	lwt+ilwt_roundtrip	db18	reflect	Large / Sensitive	standalone	487.219	2.436095	0.0	1.0	True	
1d	lwt+ilwt_roundtrip	db18	antireflect	Large / Sensitive	standalone	487.219	2.436095	0.0	1.0	True	
1d	lwt+ilwt_roundtrip	db19	symmetric	Large / Sensitive	standalone	105101	525.505	0.0	1.0	True	
1d	lwt+ilwt_roundtrip	db19	zero	Large / Sensitive	standalone	105101	525.505	0.0	1.0	True	
1d	lwt+ilwt_roundtrip	db19	constant	Large / Sensitive	standalone	105101	525.505	0.0	1.0	True	
1d	lwt+ilwt_roundtrip	db19	periodic	Large / Sensitive	standalone	105101	525.505	0.0	1.0	True	
1d	lwt+ilwt_roundtrip	db19	antisymmetric	Large / Sensitive	standalone	105101	525.505	0.0	1.0	True	
1d	lwt+ilwt_roundtrip	db19	smooth	Large / Sensitive	standalone	105101	525.505	0.0	1.0	True	
1d	lwt+ilwt_roundtrip	db19	reflect	Large / Sensitive	standalone	105101	525.505	0.0	1.0	True	
1d	lwt+ilwt_roundtrip	db19	antireflect	Large / Sensitive	standalone	105101	525.505	0.0	1.0	True	
1d	lwt+ilwt_roundtrip	db2	symmetric	Compact	standalone	1.11536	0.000111536	0.0	1.0	True	
1d	lwt+ilwt_roundtrip	db2	zero	Compact	standalone	1.11536	0.000111536	0.0	1.0	True	
1d	lwt+ilwt_roundtrip	db2	constant	Compact	standalone	1.11536	0.000111536	0.0	1.0	True	
1d	lwt+ilwt_roundtrip	db2	periodic	Compact	standalone	1.11536	0.000111536	0.0	1.0	True	
1d	lwt+ilwt_roundtrip	db2	antisymmetric	Compact	standalone	1.11536	0.000111536	0.0	1.0	True	
1d	lwt+ilwt_roundtrip	db2	smooth	Compact	standalone	1.11536	0.000111536	0.0	1.0	True	
1d	lwt+ilwt_roundtrip	db2	reflect	Compact	standalone	1.11536	0.000111536	0.0	1.0	True	
1d	lwt+ilwt_roundtrip	db2	antireflect	Compact	standalone	1.11536	0.000111536	0.0	1.0	True	
1d	lwt+ilwt_roundtrip	db20	symmetric	Large / Sensitive	standalone	609.252	3.0462599999999997	0.0	1.0	True	
1d	lwt+ilwt_roundtrip	db20	zero	Large / Sensitive	standalone	609.252	3.0462599999999997	0.0	1.0	True	
1d	lwt+ilwt_roundtrip	db20	constant	Large / Sensitive	standalone	609.252	3.0462599999999997	0.0	1.0	True	
1d	lwt+ilwt_roundtrip	db20	periodic	Large / Sensitive	standalone	609.252	3.0462599999999997	0.0	1.0	True	
1d	lwt+ilwt_roundtrip	db20	antisymmetric	Large / Sensitive	standalone	609.252	3.0462599999999997	0.0	1.0	True	
1d	lwt+ilwt_roundtrip	db20	smooth	Large / Sensitive	standalone	609.252	3.0462599999999997	0.0	1.0	True	
1d	lwt+ilwt_roundtrip	db20	reflect	Large / Sensitive	standalone	609.252	3.0462599999999997	0.0	1.0	True	
1d	lwt+ilwt_roundtrip	db20	antireflect	Large / Sensitive	standalone	609.252	3.0462599999999997	0.0	1.0	True	
1d	lwt+ilwt_roundtrip	db21	symmetric	Large / Sensitive	standalone	2710.08	13.5504	0.0	1.0	True	
1d	lwt+ilwt_roundtrip	db21	zero	Large / Sensitive	standalone	2710.08	13.5504	0.0	1.0	True	
1d	lwt+ilwt_roundtrip	db21	constant	Large / Sensitive	standalone	2710.08	13.5504	0.0	1.0	True	
1d	lwt+ilwt_roundtrip	db21	periodic	Large / Sensitive	standalone	2710.08	13.5504	0.0	1.0	True	
1d	lwt+ilwt_roundtrip	db21	antisymmetric	Large / Sensitive	standalone	2710.08	13.5504	0.0	1.0	True	
1d	lwt+ilwt_roundtrip	db21	smooth	Large / Sensitive	standalone	2710.08	13.5504	0.0	1.0	True	
1d	lwt+ilwt_roundtrip	db21	reflect	Large / Sensitive	standalone	2710.08	13.5504	0.0	1.0	True	
1d	lwt+ilwt_roundtrip	db21	antireflect	Large / Sensitive	standalone	2710.08	13.5504	0.0	1.0	True	
1d	lwt+ilwt_roundtrip	db22	symmetric	Large / Sensitive	standalone	15693.6	78.468	0.0	1.0	True	
1d	lwt+ilwt_roundtrip	db22	zero	Large / Sensitive	standalone	15693.6	78.468	0.0	1.0	True	
1d	lwt+ilwt_roundtrip	db22	constant	Large / Sensitive	standalone	15693.6	78.468	0.0	1.0	True	
1d	lwt+ilwt_roundtrip	db22	periodic	Large / Sensitive	standalone	15693.6	78.468	0.0	1.0	True	
1d	lwt+ilwt_roundtrip	db22	antisymmetric	Large / Sensitive	standalone	15693.6	78.468	0.0	1.0	True	
1d	lwt+ilwt_roundtrip	db22	smooth	Large / Sensitive	standalone	15693.6	78.468	0.0	1.0	True	
1d	lwt+ilwt_roundtrip	db22	reflect	Large / Sensitive	standalone	15693.6	78.468	0.0	1.0	True	
1d	lwt+ilwt_roundtrip	db22	antireflect	Large / Sensitive	standalone	15693.6	78.468	0.0	1.0	True	
1d	lwt+ilwt_roundtrip	db23	symmetric	Large / Sensitive	standalone	1207.55	6.03775	0.0	1.0	True	
1d	lwt+ilwt_roundtrip	db23	zero	Large / Sensitive	standalone	1207.55	6.03775	0.0	1.0	True	
1d	lwt+ilwt_roundtrip	db23	constant	Large / Sensitive	standalone	1207.55	6.03775	0.0	1.0	True	
1d	lwt+ilwt_roundtrip	db23	periodic	Large / Sensitive	standalone	1207.55	6.03775	0.0	1.0	True	
1d	lwt+ilwt_roundtrip	db23	antisymmetric	Large / Sensitive	standalone	1207.55	6.03775	0.0	1.0	True	
1d	lwt+ilwt_roundtrip	db23	smooth	Large / Sensitive	standalone	1207.55	6.03775	0.0	1.0	True	
1d	lwt+ilwt_roundtrip	db23	reflect	Large / Sensitive	standalone	1207.55	6.03775	0.0	1.0	True	
1d	lwt+ilwt_roundtrip	db23	antireflect	Large / Sensitive	standalone	1207.55	6.03775	0.0	1.0	True	
1d	lwt+ilwt_roundtrip	db24	symmetric	Large / Sensitive	standalone	840.317	4.201585	0.0	1.0	True	
1d	lwt+ilwt_roundtrip	db24	zero	Large / Sensitive	standalone	840.317	4.201585	0.0	1.0	True	
1d	lwt+ilwt_roundtrip	db24	constant	Large / Sensitive	standalone	840.317	4.201585	0.0	1.0	True	
1d	lwt+ilwt_roundtrip	db24	periodic	Large / Sensitive	standalone	840.317	4.201585	0.0	1.0	True	
1d	lwt+ilwt_roundtrip	db24	antisymmetric	Large / Sensitive	standalone	840.317	4.201585	0.0	1.0	True	
1d	lwt+ilwt_roundtrip	db24	smooth	Large / Sensitive	standalone	840.317	4.201585	0.0	1.0	True	
1d	lwt+ilwt_roundtrip	db24	reflect	Large / Sensitive	standalone	840.317	4.201585	0.0	1.0	True	
1d	lwt+ilwt_roundtrip	db24	antireflect	Large / Sensitive	standalone	840.317	4.201585	0.0	1.0	True	
1d	lwt+ilwt_roundtrip	db25	symmetric	Large / Sensitive	standalone	6606.6	33.033	0.0	1.0	True	
1d	lwt+ilwt_roundtrip	db25	zero	Large / Sensitive	standalone	6606.6	33.033	0.0	1.0	True	
1d	lwt+ilwt_roundtrip	db25	constant	Large / Sensitive	standalone	6606.6	33.033	0.0	1.0	True	
1d	lwt+ilwt_roundtrip	db25	periodic	Large / Sensitive	standalone	6606.6	33.033	0.0	1.0	True	
1d	lwt+ilwt_roundtrip	db25	antisymmetric	Large / Sensitive	standalone	6606.6	33.033	0.0	1.0	True	
1d	lwt+ilwt_roundtrip	db25	smooth	Large / Sensitive	standalone	6606.6	33.033	0.0	1.0	True	
1d	lwt+ilwt_roundtrip	db25	reflect	Large / Sensitive	standalone	6606.6	33.033	0.0	1.0	True	
1d	lwt+ilwt_roundtrip	db25	antireflect	Large / Sensitive	standalone	6606.6	33.033	0.0	1.0	True	
1d	lwt+ilwt_roundtrip	db26	symmetric	Large / Sensitive	standalone	55897.7	279.4885	0.0	1.0	True	
1d	lwt+ilwt_roundtrip	db26	zero	Large / Sensitive	standalone	55897.7	279.4885	0.0	1.0	True	
1d	lwt+ilwt_roundtrip	db26	constant	Large / Sensitive	standalone	55897.7	279.4885	0.0	1.0	True	
1d	lwt+ilwt_roundtrip	db26	periodic	Large / Sensitive	standalone	55897.7	279.4885	0.0	1.0	True	
1d	lwt+ilwt_roundtrip	db26	antisymmetric	Large / Sensitive	standalone	55897.7	279.4885	0.0	1.0	True	
1d	lwt+ilwt_roundtrip	db26	smooth	Large / Sensitive	standalone	55897.7	279.4885	0.0	1.0	True	
1d	lwt+ilwt_roundtrip	db26	reflect	Large / Sensitive	standalone	55897.7	279.4885	0.0	1.0	True	
1d	lwt+ilwt_roundtrip	db26	antireflect	Large / Sensitive	standalone	55897.7	279.4885	0.0	1.0	True	
1d	lwt+ilwt_roundtrip	db27	symmetric	Large / Sensitive	standalone	285776	1428.88	0.0	1.0	True	
1d	lwt+ilwt_roundtrip	db27	zero	Large / Sensitive	standalone	285776	1428.88	0.0	1.0	True	
1d	lwt+ilwt_roundtrip	db27	constant	Large / Sensitive	standalone	285776	1428.88	0.0	1.0	True	
1d	lwt+ilwt_roundtrip	db27	periodic	Large / Sensitive	standalone	285776	1428.88	0.0	1.0	True	
1d	lwt+ilwt_roundtrip	db27	antisymmetric	Large / Sensitive	standalone	285776	1428.88	0.0	1.0	True	
1d	lwt+ilwt_roundtrip	db27	smooth	Large / Sensitive	standalone	285776	1428.88	0.0	1.0	True	
1d	lwt+ilwt_roundtrip	db27	reflect	Large / Sensitive	standalone	285776	1428.88	0.0	1.0	True	
1d	lwt+ilwt_roundtrip	db27	antireflect	Large / Sensitive	standalone	285776	1428.88	0.0	1.0	True	
1d	lwt+ilwt_roundtrip	db28	symmetric	Large / Sensitive	standalone	13871.4	69.357	0.0	1.0	True	
1d	lwt+ilwt_roundtrip	db28	zero	Large / Sensitive	standalone	13871.4	69.357	0.0	1.0	True	
1d	lwt+ilwt_roundtrip	db28	constant	Large / Sensitive	standalone	13871.4	69.357	0.0	1.0	True	
1d	lwt+ilwt_roundtrip	db28	periodic	Large / Sensitive	standalone	13871.4	69.357	0.0	1.0	True	
1d	lwt+ilwt_roundtrip	db28	antisymmetric	Large / Sensitive	standalone	13871.4	69.357	0.0	1.0	True	
1d	lwt+ilwt_roundtrip	db28	smooth	Large / Sensitive	standalone	13871.4	69.357	0.0	1.0	True	
1d	lwt+ilwt_roundtrip	db28	reflect	Large / Sensitive	standalone	13871.4	69.357	0.0	1.0	True	
1d	lwt+ilwt_roundtrip	db28	antireflect	Large / Sensitive	standalone	13871.4	69.357	0.0	1.0	True	
1d	lwt+ilwt_roundtrip	db29	symmetric	Large / Sensitive	standalone	2022890.0	10114.45	0.0	1.0	True	
1d	lwt+ilwt_roundtrip	db29	zero	Large / Sensitive	standalone	2022890.0	10114.45	0.0	1.0	True	
1d	lwt+ilwt_roundtrip	db29	constant	Large / Sensitive	standalone	2022890.0	10114.45	0.0	1.0	True	
1d	lwt+ilwt_roundtrip	db29	periodic	Large / Sensitive	standalone	2022890.0	10114.45	0.0	1.0	True	
1d	lwt+ilwt_roundtrip	db29	antisymmetric	Large / Sensitive	standalone	2022890.0	10114.45	0.0	1.0	True	
1d	lwt+ilwt_roundtrip	db29	smooth	Large / Sensitive	standalone	2022890.0	10114.45	0.0	1.0	True	
1d	lwt+ilwt_roundtrip	db29	reflect	Large / Sensitive	standalone	2022890.0	10114.45	0.0	1.0	True	
1d	lwt+ilwt_roundtrip	db29	antireflect	Large / Sensitive	standalone	2022890.0	10114.45	0.0	1.0	True	
1d	lwt+ilwt_roundtrip	db3	symmetric	Compact	standalone	14.932	0.0014932	0.0	1.0	True	
1d	lwt+ilwt_roundtrip	db3	zero	Compact	standalone	14.932	0.0014932	0.0	1.0	True	
1d	lwt+ilwt_roundtrip	db3	constant	Compact	standalone	14.932	0.0014932	0.0	1.0	True	
1d	lwt+ilwt_roundtrip	db3	periodic	Compact	standalone	14.932	0.0014932	0.0	1.0	True	
1d	lwt+ilwt_roundtrip	db3	antisymmetric	Compact	standalone	14.932	0.0014932	0.0	1.0	True	
1d	lwt+ilwt_roundtrip	db3	smooth	Compact	standalone	14.932	0.0014932	0.0	1.0	True	
1d	lwt+ilwt_roundtrip	db3	reflect	Compact	standalone	14.932	0.0014932	0.0	1.0	True	
1d	lwt+ilwt_roundtrip	db3	antireflect	Compact	standalone	14.932	0.0014932	0.0	1.0	True	
1d	lwt+ilwt_roundtrip	db30	symmetric	Large / Sensitive	standalone	132646	663.23	0.0	1.0	True	
1d	lwt+ilwt_roundtrip	db30	zero	Large / Sensitive	standalone	132646	663.23	0.0	1.0	True	
1d	lwt+ilwt_roundtrip	db30	constant	Large / Sensitive	standalone	132646	663.23	0.0	1.0	True	
1d	lwt+ilwt_roundtrip	db30	periodic	Large / Sensitive	standalone	132646	663.23	0.0	1.0	True	
1d	lwt+ilwt_roundtrip	db30	antisymmetric	Large / Sensitive	standalone	132646	663.23	0.0	1.0	True	
1d	lwt+ilwt_roundtrip	db30	smooth	Large / Sensitive	standalone	132646	663.23	0.0	1.0	True	
1d	lwt+ilwt_roundtrip	db30	reflect	Large / Sensitive	standalone	132646	663.23	0.0	1.0	True	
1d	lwt+ilwt_roundtrip	db30	antireflect	Large / Sensitive	standalone	132646	663.23	0.0	1.0	True	
1d	lwt+ilwt_roundtrip	db31	symmetric	Large / Sensitive	standalone	57852.8	289.264	0.0	1.0	True	
1d	lwt+ilwt_roundtrip	db31	zero	Large / Sensitive	standalone	57852.8	289.264	0.0	1.0	True	
1d	lwt+ilwt_roundtrip	db31	constant	Large / Sensitive	standalone	57852.8	289.264	0.0	1.0	True	
1d	lwt+ilwt_roundtrip	db31	periodic	Large / Sensitive	standalone	57852.8	289.264	0.0	1.0	True	
1d	lwt+ilwt_roundtrip	db31	antisymmetric	Large / Sensitive	standalone	57852.8	289.264	0.0	1.0	True	
1d	lwt+ilwt_roundtrip	db31	smooth	Large / Sensitive	standalone	57852.8	289.264	0.0	1.0	True	
1d	lwt+ilwt_roundtrip	db31	reflect	Large / Sensitive	standalone	57852.8	289.264	0.0	1.0	True	
1d	lwt+ilwt_roundtrip	db31	antireflect	Large / Sensitive	standalone	57852.8	289.264	0.0	1.0	True	
1d	lwt+ilwt_roundtrip	db32	symmetric	Large / Sensitive	standalone	2473.4	12.367	0.0	1.0	True	
1d	lwt+ilwt_roundtrip	db32	zero	Large / Sensitive	standalone	2473.4	12.367	0.0	1.0	True	
1d	lwt+ilwt_roundtrip	db32	constant	Large / Sensitive	standalone	2473.4	12.367	0.0	1.0	True	
1d	lwt+ilwt_roundtrip	db32	periodic	Large / Sensitive	standalone	2473.4	12.367	0.0	1.0	True	
1d	lwt+ilwt_roundtrip	db32	antisymmetric	Large / Sensitive	standalone	2473.4	12.367	0.0	1.0	True	
1d	lwt+ilwt_roundtrip	db32	smooth	Large / Sensitive	standalone	2473.4	12.367	0.0	1.0	True	
1d	lwt+ilwt_roundtrip	db32	reflect	Large / Sensitive	standalone	2473.4	12.367	0.0	1.0	True	
1d	lwt+ilwt_roundtrip	db32	antireflect	Large / Sensitive	standalone	2473.4	12.367	0.0	1.0	True	
1d	lwt+ilwt_roundtrip	db33	symmetric	Large / Sensitive	standalone	9281420.0	46407.1	0.0	1.0	True	
1d	lwt+ilwt_roundtrip	db33	zero	Large / Sensitive	standalone	9281420.0	46407.1	0.0	1.0	True	
1d	lwt+ilwt_roundtrip	db33	constant	Large / Sensitive	standalone	9281420.0	46407.1	0.0	1.0	True	
1d	lwt+ilwt_roundtrip	db33	periodic	Large / Sensitive	standalone	9281420.0	46407.1	0.0	1.0	True	
1d	lwt+ilwt_roundtrip	db33	antisymmetric	Large / Sensitive	standalone	9281420.0	46407.1	0.0	1.0	True	
1d	lwt+ilwt_roundtrip	db33	smooth	Large / Sensitive	standalone	9281420.0	46407.1	0.0	1.0	True	
1d	lwt+ilwt_roundtrip	db33	reflect	Large / Sensitive	standalone	9281420.0	46407.1	0.0	1.0	True	
1d	lwt+ilwt_roundtrip	db33	antireflect	Large / Sensitive	standalone	9281420.0	46407.1	0.0	1.0	True	
1d	lwt+ilwt_roundtrip	db34	symmetric	Large / Sensitive	standalone	2249600.0	11248.0	0.0	1.0	True	
1d	lwt+ilwt_roundtrip	db34	zero	Large / Sensitive	standalone	2249600.0	11248.0	0.0	1.0	True	
1d	lwt+ilwt_roundtrip	db34	constant	Large / Sensitive	standalone	2249600.0	11248.0	0.0	1.0	True	
1d	lwt+ilwt_roundtrip	db34	periodic	Large / Sensitive	standalone	2249600.0	11248.0	0.0	1.0	True	
1d	lwt+ilwt_roundtrip	db34	antisymmetric	Large / Sensitive	standalone	2249600.0	11248.0	0.0	1.0	True	
1d	lwt+ilwt_roundtrip	db34	smooth	Large / Sensitive	standalone	2249600.0	11248.0	0.0	1.0	True	
1d	lwt+ilwt_roundtrip	db34	reflect	Large / Sensitive	standalone	2249600.0	11248.0	0.0	1.0	True	
1d	lwt+ilwt_roundtrip	db34	antireflect	Large / Sensitive	standalone	2249600.0	11248.0	0.0	1.0	True	
1d	lwt+ilwt_roundtrip	db35	symmetric	Large / Sensitive	standalone	7971560.0	39857.8	0.0	1.0	True	
1d	lwt+ilwt_roundtrip	db35	zero	Large / Sensitive	standalone	7971560.0	39857.8	0.0	1.0	True	
1d	lwt+ilwt_roundtrip	db35	constant	Large / Sensitive	standalone	7971560.0	39857.8	0.0	1.0	True	
1d	lwt+ilwt_roundtrip	db35	periodic	Large / Sensitive	standalone	7971560.0	39857.8	0.0	1.0	True	
1d	lwt+ilwt_roundtrip	db35	antisymmetric	Large / Sensitive	standalone	7971560.0	39857.8	0.0	1.0	True	
1d	lwt+ilwt_roundtrip	db35	smooth	Large / Sensitive	standalone	7971560.0	39857.8	0.0	1.0	True	
1d	lwt+ilwt_roundtrip	db35	reflect	Large / Sensitive	standalone	7971560.0	39857.8	0.0	1.0	True	
1d	lwt+ilwt_roundtrip	db35	antireflect	Large / Sensitive	standalone	7971560.0	39857.8	0.0	1.0	True	
1d	lwt+ilwt_roundtrip	db36	symmetric	Large / Sensitive	standalone	54462.6	272.313	0.0	1.0	True	
1d	lwt+ilwt_roundtrip	db36	zero	Large / Sensitive	standalone	54462.6	272.313	0.0	1.0	True	
1d	lwt+ilwt_roundtrip	db36	constant	Large / Sensitive	standalone	54462.6	272.313	0.0	1.0	True	
1d	lwt+ilwt_roundtrip	db36	periodic	Large / Sensitive	standalone	54462.6	272.313	0.0	1.0	True	
1d	lwt+ilwt_roundtrip	db36	antisymmetric	Large / Sensitive	standalone	54462.6	272.313	0.0	1.0	True	
1d	lwt+ilwt_roundtrip	db36	smooth	Large / Sensitive	standalone	54462.6	272.313	0.0	1.0	True	
1d	lwt+ilwt_roundtrip	db36	reflect	Large / Sensitive	standalone	54462.6	272.313	0.0	1.0	True	
1d	lwt+ilwt_roundtrip	db36	antireflect	Large / Sensitive	standalone	54462.6	272.313	0.0	1.0	True	
1d	lwt+ilwt_roundtrip	db37	symmetric	Large / Sensitive	standalone	25551700.0	127758.5	0.0	1.0	True	
1d	lwt+ilwt_roundtrip	db37	zero	Large / Sensitive	standalone	25551700.0	127758.5	0.0	1.0	True	
1d	lwt+ilwt_roundtrip	db37	constant	Large / Sensitive	standalone	25551700.0	127758.5	0.0	1.0	True	
1d	lwt+ilwt_roundtrip	db37	periodic	Large / Sensitive	standalone	25551700.0	127758.5	0.0	1.0	True	
1d	lwt+ilwt_roundtrip	db37	antisymmetric	Large / Sensitive	standalone	25551700.0	127758.5	0.0	1.0	True	
1d	lwt+ilwt_roundtrip	db37	smooth	Large / Sensitive	standalone	25551700.0	127758.5	0.0	1.0	True	
1d	lwt+ilwt_roundtrip	db37	reflect	Large / Sensitive	standalone	25551700.0	127758.5	0.0	1.0	True	
1d	lwt+ilwt_roundtrip	db37	antireflect	Large / Sensitive	standalone	25551700.0	127758.5	0.0	1.0	True	
1d	lwt+ilwt_roundtrip	db38	symmetric	Large / Sensitive	standalone	170662	853.3100000000001	0.0	1.0	True	
1d	lwt+ilwt_roundtrip	db38	zero	Large / Sensitive	standalone	170662	853.3100000000001	0.0	1.0	True	
1d	lwt+ilwt_roundtrip	db38	constant	Large / Sensitive	standalone	170662	853.3100000000001	0.0	1.0	True	
1d	lwt+ilwt_roundtrip	db38	periodic	Large / Sensitive	standalone	170662	853.3100000000001	0.0	1.0	True	
1d	lwt+ilwt_roundtrip	db38	antisymmetric	Large / Sensitive	standalone	170662	853.3100000000001	0.0	1.0	True	
1d	lwt+ilwt_roundtrip	db38	smooth	Large / Sensitive	standalone	170662	853.3100000000001	0.0	1.0	True	
1d	lwt+ilwt_roundtrip	db38	reflect	Large / Sensitive	standalone	170662	853.3100000000001	0.0	1.0	True	
1d	lwt+ilwt_roundtrip	db38	antireflect	Large / Sensitive	standalone	170662	853.3100000000001	0.0	1.0	True	
1d	lwt+ilwt_roundtrip	db4	symmetric	Compact	standalone	2.63378	0.000263378	0.0	1.0	True	
1d	lwt+ilwt_roundtrip	db4	zero	Compact	standalone	2.63378	0.000263378	0.0	1.0	True	
1d	lwt+ilwt_roundtrip	db4	constant	Compact	standalone	2.63378	0.000263378	0.0	1.0	True	
1d	lwt+ilwt_roundtrip	db4	periodic	Compact	standalone	2.63378	0.000263378	0.0	1.0	True	
1d	lwt+ilwt_roundtrip	db4	antisymmetric	Compact	standalone	2.63378	0.000263378	0.0	1.0	True	
1d	lwt+ilwt_roundtrip	db4	smooth	Compact	standalone	2.63378	0.000263378	0.0	1.0	True	
1d	lwt+ilwt_roundtrip	db4	reflect	Compact	standalone	2.63378	0.000263378	0.0	1.0	True	
1d	lwt+ilwt_roundtrip	db4	antireflect	Compact	standalone	2.63378	0.000263378	0.0	1.0	True	
1d	lwt+ilwt_roundtrip	db5	symmetric	Compact	standalone	46.0839	0.00460839	0.0	1.0	True	
1d	lwt+ilwt_roundtrip	db5	zero	Compact	standalone	46.0839	0.00460839	0.0	1.0	True	
1d	lwt+ilwt_roundtrip	db5	constant	Compact	standalone	46.0839	0.00460839	0.0	1.0	True	
1d	lwt+ilwt_roundtrip	db5	periodic	Compact	standalone	46.0839	0.00460839	0.0	1.0	True	
1d	lwt+ilwt_roundtrip	db5	antisymmetric	Compact	standalone	46.0839	0.00460839	0.0	1.0	True	
1d	lwt+ilwt_roundtrip	db5	smooth	Compact	standalone	46.0839	0.00460839	0.0	1.0	True	
1d	lwt+ilwt_roundtrip	db5	reflect	Compact	standalone	46.0839	0.00460839	0.0	1.0	True	
1d	lwt+ilwt_roundtrip	db5	antireflect	Compact	standalone	46.0839	0.00460839	0.0	1.0	True	
1d	lwt+ilwt_roundtrip	db6	symmetric	Compact	standalone	5.42251	0.000542251	0.0	1.0	True	
1d	lwt+ilwt_roundtrip	db6	zero	Compact	standalone	5.42251	0.000542251	0.0	1.0	True	
1d	lwt+ilwt_roundtrip	db6	constant	Compact	standalone	5.42251	0.000542251	0.0	1.0	True	
1d	lwt+ilwt_roundtrip	db6	periodic	Compact	standalone	5.42251	0.000542251	0.0	1.0	True	
1d	lwt+ilwt_roundtrip	db6	antisymmetric	Compact	standalone	5.42251	0.000542251	0.0	1.0	True	
1d	lwt+ilwt_roundtrip	db6	smooth	Compact	standalone	5.42251	0.000542251	0.0	1.0	True	
1d	lwt+ilwt_roundtrip	db6	reflect	Compact	standalone	5.42251	0.000542251	0.0	1.0	True	
1d	lwt+ilwt_roundtrip	db6	antireflect	Compact	standalone	5.42251	0.000542251	0.0	1.0	True	
1d	lwt+ilwt_roundtrip	db7	symmetric	Large / Sensitive	standalone	143.003	0.715015	0.0	1.0	True	
1d	lwt+ilwt_roundtrip	db7	zero	Large / Sensitive	standalone	143.003	0.715015	0.0	1.0	True	
1d	lwt+ilwt_roundtrip	db7	constant	Large / Sensitive	standalone	143.003	0.715015	0.0	1.0	True	
1d	lwt+ilwt_roundtrip	db7	periodic	Large / Sensitive	standalone	143.003	0.715015	0.0	1.0	True	
1d	lwt+ilwt_roundtrip	db7	antisymmetric	Large / Sensitive	standalone	143.003	0.715015	0.0	1.0	True	
1d	lwt+ilwt_roundtrip	db7	smooth	Large / Sensitive	standalone	143.003	0.715015	0.0	1.0	True	
1d	lwt+ilwt_roundtrip	db7	reflect	Large / Sensitive	standalone	143.003	0.715015	0.0	1.0	True	
1d	lwt+ilwt_roundtrip	db7	antireflect	Large / Sensitive	standalone	143.003	0.715015	0.0	1.0	True	
1d	lwt+ilwt_roundtrip	db8	symmetric	Large / Sensitive	standalone	10.8886	0.054443000000000005	0.0	1.0	True	
1d	lwt+ilwt_roundtrip	db8	zero	Large / Sensitive	standalone	10.8886	0.054443000000000005	0.0	1.0	True	
1d	lwt+ilwt_roundtrip	db8	constant	Large / Sensitive	standalone	10.8886	0.054443000000000005	0.0	1.0	True	
1d	lwt+ilwt_roundtrip	db8	periodic	Large / Sensitive	standalone	10.8886	0.054443000000000005	0.0	1.0	True	
1d	lwt+ilwt_roundtrip	db8	antisymmetric	Large / Sensitive	standalone	10.8886	0.054443000000000005	0.0	1.0	True	
1d	lwt+ilwt_roundtrip	db8	smooth	Large / Sensitive	standalone	10.8886	0.054443000000000005	0.0	1.0	True	
1d	lwt+ilwt_roundtrip	db8	reflect	Large / Sensitive	standalone	10.8886	0.054443000000000005	0.0	1.0	True	
1d	lwt+ilwt_roundtrip	db8	antireflect	Large / Sensitive	standalone	10.8886	0.054443000000000005	0.0	1.0	True	
1d	lwt+ilwt_roundtrip	db9	symmetric	Medium	standalone	398.18	0.39818000000000003	0.0	1.0	True	
1d	lwt+ilwt_roundtrip	db9	zero	Medium	standalone	398.18	0.39818000000000003	0.0	1.0	True	
1d	lwt+ilwt_roundtrip	db9	constant	Medium	standalone	398.18	0.39818000000000003	0.0	1.0	True	
1d	lwt+ilwt_roundtrip	db9	periodic	Medium	standalone	398.18	0.39818000000000003	0.0	1.0	True	
1d	lwt+ilwt_roundtrip	db9	antisymmetric	Medium	standalone	398.18	0.39818000000000003	0.0	1.0	True	
1d	lwt+ilwt_roundtrip	db9	smooth	Medium	standalone	398.18	0.39818000000000003	0.0	1.0	True	
1d	lwt+ilwt_roundtrip	db9	reflect	Medium	standalone	398.18	0.39818000000000003	0.0	1.0	True	
1d	lwt+ilwt_roundtrip	db9	antireflect	Medium	standalone	398.18	0.39818000000000003	0.0	1.0	True	
1d	lwt+ilwt_roundtrip	dmey	symmetric	Large / Sensitive	standalone	28.028	0.14014	0.0	1.0	True	
1d	lwt+ilwt_roundtrip	dmey	zero	Large / Sensitive	standalone	28.028	0.14014	0.0	1.0	True	
1d	lwt+ilwt_roundtrip	dmey	constant	Large / Sensitive	standalone	28.028	0.14014	0.0	1.0	True	
1d	lwt+ilwt_roundtrip	dmey	periodic	Large / Sensitive	standalone	28.028	0.14014	0.0	1.0	True	
1d	lwt+ilwt_roundtrip	dmey	antisymmetric	Large / Sensitive	standalone	28.028	0.14014	0.0	1.0	True	
1d	lwt+ilwt_roundtrip	dmey	smooth	Large / Sensitive	standalone	28.028	0.14014	0.0	1.0	True	
1d	lwt+ilwt_roundtrip	dmey	reflect	Large / Sensitive	standalone	28.028	0.14014	0.0	1.0	True	
1d	lwt+ilwt_roundtrip	dmey	antireflect	Large / Sensitive	standalone	28.028	0.14014	0.0	1.0	True	
1d	lwt+ilwt_roundtrip	haar	symmetric	Compact	standalone	1.41421	0.000141421	0.0	1.0	True	
1d	lwt+ilwt_roundtrip	haar	zero	Compact	standalone	1.41421	0.000141421	0.0	1.0	True	
1d	lwt+ilwt_roundtrip	haar	constant	Compact	standalone	1.41421	0.000141421	0.0	1.0	True	
1d	lwt+ilwt_roundtrip	haar	periodic	Compact	standalone	1.41421	0.000141421	0.0	1.0	True	
1d	lwt+ilwt_roundtrip	haar	antisymmetric	Compact	standalone	1.41421	0.000141421	0.0	1.0	True	
1d	lwt+ilwt_roundtrip	haar	smooth	Compact	standalone	1.41421	0.000141421	0.0	1.0	True	
1d	lwt+ilwt_roundtrip	haar	reflect	Compact	standalone	1.41421	0.000141421	0.0	1.0	True	
1d	lwt+ilwt_roundtrip	haar	antireflect	Compact	standalone	1.41421	0.000141421	0.0	1.0	True	
1d	lwt+ilwt_roundtrip	rbio1.1	symmetric	Compact	standalone	1.41421	0.000141421	0.0	1.0	True	
1d	lwt+ilwt_roundtrip	rbio1.1	zero	Compact	standalone	1.41421	0.000141421	0.0	1.0	True	
1d	lwt+ilwt_roundtrip	rbio1.1	constant	Compact	standalone	1.41421	0.000141421	0.0	1.0	True	
1d	lwt+ilwt_roundtrip	rbio1.1	periodic	Compact	standalone	1.41421	0.000141421	0.0	1.0	True	
1d	lwt+ilwt_roundtrip	rbio1.1	antisymmetric	Compact	standalone	1.41421	0.000141421	0.0	1.0	True	
1d	lwt+ilwt_roundtrip	rbio1.1	smooth	Compact	standalone	1.41421	0.000141421	0.0	1.0	True	
1d	lwt+ilwt_roundtrip	rbio1.1	reflect	Compact	standalone	1.41421	0.000141421	0.0	1.0	True	
1d	lwt+ilwt_roundtrip	rbio1.1	antireflect	Compact	standalone	1.41421	0.000141421	0.0	1.0	True	
1d	lwt+ilwt_roundtrip	rbio1.3	symmetric	Compact	standalone	1.41421	0.000141421	0.0	1.0	True	
1d	lwt+ilwt_roundtrip	rbio1.3	zero	Compact	standalone	1.41421	0.000141421	0.0	1.0	True	
1d	lwt+ilwt_roundtrip	rbio1.3	constant	Compact	standalone	1.41421	0.000141421	0.0	1.0	True	
1d	lwt+ilwt_roundtrip	rbio1.3	periodic	Compact	standalone	1.41421	0.000141421	0.0	1.0	True	
1d	lwt+ilwt_roundtrip	rbio1.3	antisymmetric	Compact	standalone	1.41421	0.000141421	0.0	1.0	True	
1d	lwt+ilwt_roundtrip	rbio1.3	smooth	Compact	standalone	1.41421	0.000141421	0.0	1.0	True	
1d	lwt+ilwt_roundtrip	rbio1.3	reflect	Compact	standalone	1.41421	0.000141421	0.0	1.0	True	
1d	lwt+ilwt_roundtrip	rbio1.3	antireflect	Compact	standalone	1.41421	0.000141421	0.0	1.0	True	
1d	lwt+ilwt_roundtrip	rbio1.5	symmetric	Compact	standalone	1.41421	0.000141421	0.0	1.0	True	
1d	lwt+ilwt_roundtrip	rbio1.5	zero	Compact	standalone	1.41421	0.000141421	0.0	1.0	True	
1d	lwt+ilwt_roundtrip	rbio1.5	constant	Compact	standalone	1.41421	0.000141421	0.0	1.0	True	
1d	lwt+ilwt_roundtrip	rbio1.5	periodic	Compact	standalone	1.41421	0.000141421	0.0	1.0	True	
1d	lwt+ilwt_roundtrip	rbio1.5	antisymmetric	Compact	standalone	1.41421	0.000141421	0.0	1.0	True	
1d	lwt+ilwt_roundtrip	rbio1.5	smooth	Compact	standalone	1.41421	0.000141421	0.0	1.0	True	
1d	lwt+ilwt_roundtrip	rbio1.5	reflect	Compact	standalone	1.41421	0.000141421	0.0	1.0	True	
1d	lwt+ilwt_roundtrip	rbio1.5	antireflect	Compact	standalone	1.41421	0.000141421	0.0	1.0	True	
1d	lwt+ilwt_roundtrip	rbio2.2	symmetric	Compact	standalone	1.41421	0.000141421	0.0	1.0	True	
1d	lwt+ilwt_roundtrip	rbio2.2	zero	Compact	standalone	1.41421	0.000141421	0.0	1.0	True	
1d	lwt+ilwt_roundtrip	rbio2.2	constant	Compact	standalone	1.41421	0.000141421	0.0	1.0	True	
1d	lwt+ilwt_roundtrip	rbio2.2	periodic	Compact	standalone	1.41421	0.000141421	0.0	1.0	True	
1d	lwt+ilwt_roundtrip	rbio2.2	antisymmetric	Compact	standalone	1.41421	0.000141421	0.0	1.0	True	
1d	lwt+ilwt_roundtrip	rbio2.2	smooth	Compact	standalone	1.41421	0.000141421	0.0	1.0	True	
1d	lwt+ilwt_roundtrip	rbio2.2	reflect	Compact	standalone	1.41421	0.000141421	0.0	1.0	True	
1d	lwt+ilwt_roundtrip	rbio2.2	antireflect	Compact	standalone	1.41421	0.000141421	0.0	1.0	True	
1d	lwt+ilwt_roundtrip	rbio2.4	symmetric	Compact	standalone	1.41421	0.000141421	0.0	1.0	True	
1d	lwt+ilwt_roundtrip	rbio2.4	zero	Compact	standalone	1.41421	0.000141421	0.0	1.0	True	
1d	lwt+ilwt_roundtrip	rbio2.4	constant	Compact	standalone	1.41421	0.000141421	0.0	1.0	True	
1d	lwt+ilwt_roundtrip	rbio2.4	periodic	Compact	standalone	1.41421	0.000141421	0.0	1.0	True	
1d	lwt+ilwt_roundtrip	rbio2.4	antisymmetric	Compact	standalone	1.41421	0.000141421	0.0	1.0	True	
1d	lwt+ilwt_roundtrip	rbio2.4	smooth	Compact	standalone	1.41421	0.000141421	0.0	1.0	True	
1d	lwt+ilwt_roundtrip	rbio2.4	reflect	Compact	standalone	1.41421	0.000141421	0.0	1.0	True	
1d	lwt+ilwt_roundtrip	rbio2.4	antireflect	Compact	standalone	1.41421	0.000141421	0.0	1.0	True	
1d	lwt+ilwt_roundtrip	rbio2.6	symmetric	Large / Sensitive	standalone	1.41421	0.00707105	0.0	1.0	True	
1d	lwt+ilwt_roundtrip	rbio2.6	zero	Large / Sensitive	standalone	1.41421	0.00707105	0.0	1.0	True	
1d	lwt+ilwt_roundtrip	rbio2.6	constant	Large / Sensitive	standalone	1.41421	0.00707105	0.0	1.0	True	
1d	lwt+ilwt_roundtrip	rbio2.6	periodic	Large / Sensitive	standalone	1.41421	0.00707105	0.0	1.0	True	
1d	lwt+ilwt_roundtrip	rbio2.6	antisymmetric	Large / Sensitive	standalone	1.41421	0.00707105	0.0	1.0	True	
1d	lwt+ilwt_roundtrip	rbio2.6	smooth	Large / Sensitive	standalone	1.41421	0.00707105	0.0	1.0	True	
1d	lwt+ilwt_roundtrip	rbio2.6	reflect	Large / Sensitive	standalone	1.41421	0.00707105	0.0	1.0	True	
1d	lwt+ilwt_roundtrip	rbio2.6	antireflect	Large / Sensitive	standalone	1.41421	0.00707105	0.0	1.0	True	
1d	lwt+ilwt_roundtrip	rbio2.8	symmetric	Large / Sensitive	standalone	1.41421	0.00707105	0.0	1.0	True	
1d	lwt+ilwt_roundtrip	rbio2.8	zero	Large / Sensitive	standalone	1.41421	0.00707105	0.0	1.0	True	
1d	lwt+ilwt_roundtrip	rbio2.8	constant	Large / Sensitive	standalone	1.41421	0.00707105	0.0	1.0	True	
1d	lwt+ilwt_roundtrip	rbio2.8	periodic	Large / Sensitive	standalone	1.41421	0.00707105	0.0	1.0	True	
1d	lwt+ilwt_roundtrip	rbio2.8	antisymmetric	Large / Sensitive	standalone	1.41421	0.00707105	0.0	1.0	True	
1d	lwt+ilwt_roundtrip	rbio2.8	smooth	Large / Sensitive	standalone	1.41421	0.00707105	0.0	1.0	True	
1d	lwt+ilwt_roundtrip	rbio2.8	reflect	Large / Sensitive	standalone	1.41421	0.00707105	0.0	1.0	True	
1d	lwt+ilwt_roundtrip	rbio2.8	antireflect	Large / Sensitive	standalone	1.41421	0.00707105	0.0	1.0	True	
1d	lwt+ilwt_roundtrip	rbio3.1	symmetric	Compact	standalone	2.12132	0.000212132	0.0	1.0	True	
1d	lwt+ilwt_roundtrip	rbio3.1	zero	Compact	standalone	2.12132	0.000212132	0.0	1.0	True	
1d	lwt+ilwt_roundtrip	rbio3.1	constant	Compact	standalone	2.12132	0.000212132	0.0	1.0	True	
1d	lwt+ilwt_roundtrip	rbio3.1	periodic	Compact	standalone	2.12132	0.000212132	0.0	1.0	True	
1d	lwt+ilwt_roundtrip	rbio3.1	antisymmetric	Compact	standalone	2.12132	0.000212132	0.0	1.0	True	
1d	lwt+ilwt_roundtrip	rbio3.1	smooth	Compact	standalone	2.12132	0.000212132	0.0	1.0	True	
1d	lwt+ilwt_roundtrip	rbio3.1	reflect	Compact	standalone	2.12132	0.000212132	0.0	1.0	True	
1d	lwt+ilwt_roundtrip	rbio3.1	antireflect	Compact	standalone	2.12132	0.000212132	0.0	1.0	True	
1d	lwt+ilwt_roundtrip	rbio3.3	symmetric	Compact	standalone	2.12132	0.000212132	0.0	1.0	True	
1d	lwt+ilwt_roundtrip	rbio3.3	zero	Compact	standalone	2.12132	0.000212132	0.0	1.0	True	
1d	lwt+ilwt_roundtrip	rbio3.3	constant	Compact	standalone	2.12132	0.000212132	0.0	1.0	True	
1d	lwt+ilwt_roundtrip	rbio3.3	periodic	Compact	standalone	2.12132	0.000212132	0.0	1.0	True	
1d	lwt+ilwt_roundtrip	rbio3.3	antisymmetric	Compact	standalone	2.12132	0.000212132	0.0	1.0	True	
1d	lwt+ilwt_roundtrip	rbio3.3	smooth	Compact	standalone	2.12132	0.000212132	0.0	1.0	True	
1d	lwt+ilwt_roundtrip	rbio3.3	reflect	Compact	standalone	2.12132	0.000212132	0.0	1.0	True	
1d	lwt+ilwt_roundtrip	rbio3.3	antireflect	Compact	standalone	2.12132	0.000212132	0.0	1.0	True	
1d	lwt+ilwt_roundtrip	rbio3.5	symmetric	Compact	standalone	2.12132	0.000212132	0.0	1.0	True	
1d	lwt+ilwt_roundtrip	rbio3.5	zero	Compact	standalone	2.12132	0.000212132	0.0	1.0	True	
1d	lwt+ilwt_roundtrip	rbio3.5	constant	Compact	standalone	2.12132	0.000212132	0.0	1.0	True	
1d	lwt+ilwt_roundtrip	rbio3.5	periodic	Compact	standalone	2.12132	0.000212132	0.0	1.0	True	
1d	lwt+ilwt_roundtrip	rbio3.5	antisymmetric	Compact	standalone	2.12132	0.000212132	0.0	1.0	True	
1d	lwt+ilwt_roundtrip	rbio3.5	smooth	Compact	standalone	2.12132	0.000212132	0.0	1.0	True	
1d	lwt+ilwt_roundtrip	rbio3.5	reflect	Compact	standalone	2.12132	0.000212132	0.0	1.0	True	
1d	lwt+ilwt_roundtrip	rbio3.5	antireflect	Compact	standalone	2.12132	0.000212132	0.0	1.0	True	
1d	lwt+ilwt_roundtrip	rbio3.7	symmetric	Large / Sensitive	standalone	2.12132	0.010606599999999999	0.0	1.0	True	
1d	lwt+ilwt_roundtrip	rbio3.7	zero	Large / Sensitive	standalone	2.12132	0.010606599999999999	0.0	1.0	True	
1d	lwt+ilwt_roundtrip	rbio3.7	constant	Large / Sensitive	standalone	2.12132	0.010606599999999999	0.0	1.0	True	
1d	lwt+ilwt_roundtrip	rbio3.7	periodic	Large / Sensitive	standalone	2.12132	0.010606599999999999	0.0	1.0	True	
1d	lwt+ilwt_roundtrip	rbio3.7	antisymmetric	Large / Sensitive	standalone	2.12132	0.010606599999999999	0.0	1.0	True	
1d	lwt+ilwt_roundtrip	rbio3.7	smooth	Large / Sensitive	standalone	2.12132	0.010606599999999999	0.0	1.0	True	
1d	lwt+ilwt_roundtrip	rbio3.7	reflect	Large / Sensitive	standalone	2.12132	0.010606599999999999	0.0	1.0	True	
1d	lwt+ilwt_roundtrip	rbio3.7	antireflect	Large / Sensitive	standalone	2.12132	0.010606599999999999	0.0	1.0	True	
1d	lwt+ilwt_roundtrip	rbio3.9	symmetric	Large / Sensitive	standalone	2.12132	0.010606599999999999	0.0	1.0	True	
1d	lwt+ilwt_roundtrip	rbio3.9	zero	Large / Sensitive	standalone	2.12132	0.010606599999999999	0.0	1.0	True	
1d	lwt+ilwt_roundtrip	rbio3.9	constant	Large / Sensitive	standalone	2.12132	0.010606599999999999	0.0	1.0	True	
1d	lwt+ilwt_roundtrip	rbio3.9	periodic	Large / Sensitive	standalone	2.12132	0.010606599999999999	0.0	1.0	True	
1d	lwt+ilwt_roundtrip	rbio3.9	antisymmetric	Large / Sensitive	standalone	2.12132	0.010606599999999999	0.0	1.0	True	
1d	lwt+ilwt_roundtrip	rbio3.9	smooth	Large / Sensitive	standalone	2.12132	0.010606599999999999	0.0	1.0	True	
1d	lwt+ilwt_roundtrip	rbio3.9	reflect	Large / Sensitive	standalone	2.12132	0.010606599999999999	0.0	1.0	True	
1d	lwt+ilwt_roundtrip	rbio3.9	antireflect	Large / Sensitive	standalone	2.12132	0.010606599999999999	0.0	1.0	True	
1d	lwt+ilwt_roundtrip	rbio4.4	symmetric	Compact	standalone	1.58613	0.00015861300000000002	0.0	1.0	True	
1d	lwt+ilwt_roundtrip	rbio4.4	zero	Compact	standalone	1.58613	0.00015861300000000002	0.0	1.0	True	
1d	lwt+ilwt_roundtrip	rbio4.4	constant	Compact	standalone	1.58613	0.00015861300000000002	0.0	1.0	True	
1d	lwt+ilwt_roundtrip	rbio4.4	periodic	Compact	standalone	1.58613	0.00015861300000000002	0.0	1.0	True	
1d	lwt+ilwt_roundtrip	rbio4.4	antisymmetric	Compact	standalone	1.58613	0.00015861300000000002	0.0	1.0	True	
1d	lwt+ilwt_roundtrip	rbio4.4	smooth	Compact	standalone	1.58613	0.00015861300000000002	0.0	1.0	True	
1d	lwt+ilwt_roundtrip	rbio4.4	reflect	Compact	standalone	1.58613	0.00015861300000000002	0.0	1.0	True	
1d	lwt+ilwt_roundtrip	rbio4.4	antireflect	Compact	standalone	1.58613	0.00015861300000000002	0.0	1.0	True	
1d	lwt+ilwt_roundtrip	rbio5.5	symmetric	Compact	standalone	5.58579	0.000558579	0.0	1.0	True	
1d	lwt+ilwt_roundtrip	rbio5.5	zero	Compact	standalone	5.58579	0.000558579	0.0	1.0	True	
1d	lwt+ilwt_roundtrip	rbio5.5	constant	Compact	standalone	5.58579	0.000558579	0.0	1.0	True	
1d	lwt+ilwt_roundtrip	rbio5.5	periodic	Compact	standalone	5.58579	0.000558579	0.0	1.0	True	
1d	lwt+ilwt_roundtrip	rbio5.5	antisymmetric	Compact	standalone	5.58579	0.000558579	0.0	1.0	True	
1d	lwt+ilwt_roundtrip	rbio5.5	smooth	Compact	standalone	5.58579	0.000558579	0.0	1.0	True	
1d	lwt+ilwt_roundtrip	rbio5.5	reflect	Compact	standalone	5.58579	0.000558579	0.0	1.0	True	
1d	lwt+ilwt_roundtrip	rbio5.5	antireflect	Compact	standalone	5.58579	0.000558579	0.0	1.0	True	
1d	lwt+ilwt_roundtrip	rbio6.8	symmetric	Large / Sensitive	standalone	1.15131	0.00575655	0.0	1.0	True	
1d	lwt+ilwt_roundtrip	rbio6.8	zero	Large / Sensitive	standalone	1.15131	0.00575655	0.0	1.0	True	
1d	lwt+ilwt_roundtrip	rbio6.8	constant	Large / Sensitive	standalone	1.15131	0.00575655	0.0	1.0	True	
1d	lwt+ilwt_roundtrip	rbio6.8	periodic	Large / Sensitive	standalone	1.15131	0.00575655	0.0	1.0	True	
1d	lwt+ilwt_roundtrip	rbio6.8	antisymmetric	Large / Sensitive	standalone	1.15131	0.00575655	0.0	1.0	True	
1d	lwt+ilwt_roundtrip	rbio6.8	smooth	Large / Sensitive	standalone	1.15131	0.00575655	0.0	1.0	True	
1d	lwt+ilwt_roundtrip	rbio6.8	reflect	Large / Sensitive	standalone	1.15131	0.00575655	0.0	1.0	True	
1d	lwt+ilwt_roundtrip	rbio6.8	antireflect	Large / Sensitive	standalone	1.15131	0.00575655	0.0	1.0	True	
1d	lwt+ilwt_roundtrip	sym10	symmetric	Medium	standalone	26.3969	0.0263969	0.0	1.0	True	
1d	lwt+ilwt_roundtrip	sym10	zero	Medium	standalone	26.3969	0.0263969	0.0	1.0	True	
1d	lwt+ilwt_roundtrip	sym10	constant	Medium	standalone	26.3969	0.0263969	0.0	1.0	True	
1d	lwt+ilwt_roundtrip	sym10	periodic	Medium	standalone	26.3969	0.0263969	0.0	1.0	True	
1d	lwt+ilwt_roundtrip	sym10	antisymmetric	Medium	standalone	26.3969	0.0263969	0.0	1.0	True	
1d	lwt+ilwt_roundtrip	sym10	smooth	Medium	standalone	26.3969	0.0263969	0.0	1.0	True	
1d	lwt+ilwt_roundtrip	sym10	reflect	Medium	standalone	26.3969	0.0263969	0.0	1.0	True	
1d	lwt+ilwt_roundtrip	sym10	antireflect	Medium	standalone	26.3969	0.0263969	0.0	1.0	True	
1d	lwt+ilwt_roundtrip	sym11	symmetric	Medium	standalone	94.636	0.094636	0.0	1.0	True	
1d	lwt+ilwt_roundtrip	sym11	zero	Medium	standalone	94.636	0.094636	0.0	1.0	True	
1d	lwt+ilwt_roundtrip	sym11	constant	Medium	standalone	94.636	0.094636	0.0	1.0	True	
1d	lwt+ilwt_roundtrip	sym11	periodic	Medium	standalone	94.636	0.094636	0.0	1.0	True	
1d	lwt+ilwt_roundtrip	sym11	antisymmetric	Medium	standalone	94.636	0.094636	0.0	1.0	True	
1d	lwt+ilwt_roundtrip	sym11	smooth	Medium	standalone	94.636	0.094636	0.0	1.0	True	
1d	lwt+ilwt_roundtrip	sym11	reflect	Medium	standalone	94.636	0.094636	0.0	1.0	True	
1d	lwt+ilwt_roundtrip	sym11	antireflect	Medium	standalone	94.636	0.094636	0.0	1.0	True	
1d	lwt+ilwt_roundtrip	sym12	symmetric	Medium	standalone	32.8267	0.0328267	0.0	1.0	True	
1d	lwt+ilwt_roundtrip	sym12	zero	Medium	standalone	32.8267	0.0328267	0.0	1.0	True	
1d	lwt+ilwt_roundtrip	sym12	constant	Medium	standalone	32.8267	0.0328267	0.0	1.0	True	
1d	lwt+ilwt_roundtrip	sym12	periodic	Medium	standalone	32.8267	0.0328267	0.0	1.0	True	
1d	lwt+ilwt_roundtrip	sym12	antisymmetric	Medium	standalone	32.8267	0.0328267	0.0	1.0	True	
1d	lwt+ilwt_roundtrip	sym12	smooth	Medium	standalone	32.8267	0.0328267	0.0	1.0	True	
1d	lwt+ilwt_roundtrip	sym12	reflect	Medium	standalone	32.8267	0.0328267	0.0	1.0	True	
1d	lwt+ilwt_roundtrip	sym12	antireflect	Medium	standalone	32.8267	0.0328267	0.0	1.0	True	
1d	lwt+ilwt_roundtrip	sym13	symmetric	Large / Sensitive	standalone	4896790.0	24483.95	0.0	1.0	True	
1d	lwt+ilwt_roundtrip	sym13	zero	Large / Sensitive	standalone	4896790.0	24483.95	0.0	1.0	True	
1d	lwt+ilwt_roundtrip	sym13	constant	Large / Sensitive	standalone	4896790.0	24483.95	0.0	1.0	True	
1d	lwt+ilwt_roundtrip	sym13	periodic	Large / Sensitive	standalone	4896790.0	24483.95	0.0	1.0	True	
1d	lwt+ilwt_roundtrip	sym13	antisymmetric	Large / Sensitive	standalone	4896790.0	24483.95	0.0	1.0	True	
1d	lwt+ilwt_roundtrip	sym13	smooth	Large / Sensitive	standalone	4896790.0	24483.95	0.0	1.0	True	
1d	lwt+ilwt_roundtrip	sym13	reflect	Large / Sensitive	standalone	4896790.0	24483.95	0.0	1.0	True	
1d	lwt+ilwt_roundtrip	sym13	antireflect	Large / Sensitive	standalone	4896790.0	24483.95	0.0	1.0	True	
1d	lwt+ilwt_roundtrip	sym14	symmetric	Large / Sensitive	standalone	2592.45	12.96225	0.0	1.0	True	
1d	lwt+ilwt_roundtrip	sym14	zero	Large / Sensitive	standalone	2592.45	12.96225	0.0	1.0	True	
1d	lwt+ilwt_roundtrip	sym14	constant	Large / Sensitive	standalone	2592.45	12.96225	0.0	1.0	True	
1d	lwt+ilwt_roundtrip	sym14	periodic	Large / Sensitive	standalone	2592.45	12.96225	0.0	1.0	True	
1d	lwt+ilwt_roundtrip	sym14	antisymmetric	Large / Sensitive	standalone	2592.45	12.96225	0.0	1.0	True	
1d	lwt+ilwt_roundtrip	sym14	smooth	Large / Sensitive	standalone	2592.45	12.96225	0.0	1.0	True	
1d	lwt+ilwt_roundtrip	sym14	reflect	Large / Sensitive	standalone	2592.45	12.96225	0.0	1.0	True	
1d	lwt+ilwt_roundtrip	sym14	antireflect	Large / Sensitive	standalone	2592.45	12.96225	0.0	1.0	True	
1d	lwt+ilwt_roundtrip	sym15	symmetric	Large / Sensitive	standalone	68.4772	0.34238599999999997	0.0	1.0	True	
1d	lwt+ilwt_roundtrip	sym15	zero	Large / Sensitive	standalone	68.4772	0.34238599999999997	0.0	1.0	True	
1d	lwt+ilwt_roundtrip	sym15	constant	Large / Sensitive	standalone	68.4772	0.34238599999999997	0.0	1.0	True	
1d	lwt+ilwt_roundtrip	sym15	periodic	Large / Sensitive	standalone	68.4772	0.34238599999999997	0.0	1.0	True	
1d	lwt+ilwt_roundtrip	sym15	antisymmetric	Large / Sensitive	standalone	68.4772	0.34238599999999997	0.0	1.0	True	
1d	lwt+ilwt_roundtrip	sym15	smooth	Large / Sensitive	standalone	68.4772	0.34238599999999997	0.0	1.0	True	
1d	lwt+ilwt_roundtrip	sym15	reflect	Large / Sensitive	standalone	68.4772	0.34238599999999997	0.0	1.0	True	
1d	lwt+ilwt_roundtrip	sym15	antireflect	Large / Sensitive	standalone	68.4772	0.34238599999999997	0.0	1.0	True	
1d	lwt+ilwt_roundtrip	sym16	symmetric	Large / Sensitive	standalone	19.8683	0.09934150000000001	0.0	1.0	True	
1d	lwt+ilwt_roundtrip	sym16	zero	Large / Sensitive	standalone	19.8683	0.09934150000000001	0.0	1.0	True	
1d	lwt+ilwt_roundtrip	sym16	constant	Large / Sensitive	standalone	19.8683	0.09934150000000001	0.0	1.0	True	
1d	lwt+ilwt_roundtrip	sym16	periodic	Large / Sensitive	standalone	19.8683	0.09934150000000001	0.0	1.0	True	
1d	lwt+ilwt_roundtrip	sym16	antisymmetric	Large / Sensitive	standalone	19.8683	0.09934150000000001	0.0	1.0	True	
1d	lwt+ilwt_roundtrip	sym16	smooth	Large / Sensitive	standalone	19.8683	0.09934150000000001	0.0	1.0	True	
1d	lwt+ilwt_roundtrip	sym16	reflect	Large / Sensitive	standalone	19.8683	0.09934150000000001	0.0	1.0	True	
1d	lwt+ilwt_roundtrip	sym16	antireflect	Large / Sensitive	standalone	19.8683	0.09934150000000001	0.0	1.0	True	
1d	lwt+ilwt_roundtrip	sym17	symmetric	Large / Sensitive	standalone	1070.37	5.35185	0.0	1.0	True	
1d	lwt+ilwt_roundtrip	sym17	zero	Large / Sensitive	standalone	1070.37	5.35185	0.0	1.0	True	
1d	lwt+ilwt_roundtrip	sym17	constant	Large / Sensitive	standalone	1070.37	5.35185	0.0	1.0	True	
1d	lwt+ilwt_roundtrip	sym17	periodic	Large / Sensitive	standalone	1070.37	5.35185	0.0	1.0	True	
1d	lwt+ilwt_roundtrip	sym17	antisymmetric	Large / Sensitive	standalone	1070.37	5.35185	0.0	1.0	True	
1d	lwt+ilwt_roundtrip	sym17	smooth	Large / Sensitive	standalone	1070.37	5.35185	0.0	1.0	True	
1d	lwt+ilwt_roundtrip	sym17	reflect	Large / Sensitive	standalone	1070.37	5.35185	0.0	1.0	True	
1d	lwt+ilwt_roundtrip	sym17	antireflect	Large / Sensitive	standalone	1070.37	5.35185	0.0	1.0	True	
1d	lwt+ilwt_roundtrip	sym18	symmetric	Large / Sensitive	standalone	28.6658	0.143329	0.0	1.0	True	
1d	lwt+ilwt_roundtrip	sym18	zero	Large / Sensitive	standalone	28.6658	0.143329	0.0	1.0	True	
1d	lwt+ilwt_roundtrip	sym18	constant	Large / Sensitive	standalone	28.6658	0.143329	0.0	1.0	True	
1d	lwt+ilwt_roundtrip	sym18	periodic	Large / Sensitive	standalone	28.6658	0.143329	0.0	1.0	True	
1d	lwt+ilwt_roundtrip	sym18	antisymmetric	Large / Sensitive	standalone	28.6658	0.143329	0.0	1.0	True	
1d	lwt+ilwt_roundtrip	sym18	smooth	Large / Sensitive	standalone	28.6658	0.143329	0.0	1.0	True	
1d	lwt+ilwt_roundtrip	sym18	reflect	Large / Sensitive	standalone	28.6658	0.143329	0.0	1.0	True	
1d	lwt+ilwt_roundtrip	sym18	antireflect	Large / Sensitive	standalone	28.6658	0.143329	0.0	1.0	True	
1d	lwt+ilwt_roundtrip	sym19	symmetric	Large / Sensitive	standalone	1849.14	9.245700000000001	0.0	1.0	True	
1d	lwt+ilwt_roundtrip	sym19	zero	Large / Sensitive	standalone	1849.14	9.245700000000001	0.0	1.0	True	
1d	lwt+ilwt_roundtrip	sym19	constant	Large / Sensitive	standalone	1849.14	9.245700000000001	0.0	1.0	True	
1d	lwt+ilwt_roundtrip	sym19	periodic	Large / Sensitive	standalone	1849.14	9.245700000000001	0.0	1.0	True	
1d	lwt+ilwt_roundtrip	sym19	antisymmetric	Large / Sensitive	standalone	1849.14	9.245700000000001	0.0	1.0	True	
1d	lwt+ilwt_roundtrip	sym19	smooth	Large / Sensitive	standalone	1849.14	9.245700000000001	0.0	1.0	True	
1d	lwt+ilwt_roundtrip	sym19	reflect	Large / Sensitive	standalone	1849.14	9.245700000000001	0.0	1.0	True	
1d	lwt+ilwt_roundtrip	sym19	antireflect	Large / Sensitive	standalone	1849.14	9.245700000000001	0.0	1.0	True	
1d	lwt+ilwt_roundtrip	sym2	symmetric	Compact	standalone	1.11536	0.000111536	0.0	1.0	True	
1d	lwt+ilwt_roundtrip	sym2	zero	Compact	standalone	1.11536	0.000111536	0.0	1.0	True	
1d	lwt+ilwt_roundtrip	sym2	constant	Compact	standalone	1.11536	0.000111536	0.0	1.0	True	
1d	lwt+ilwt_roundtrip	sym2	periodic	Compact	standalone	1.11536	0.000111536	0.0	1.0	True	
1d	lwt+ilwt_roundtrip	sym2	antisymmetric	Compact	standalone	1.11536	0.000111536	0.0	1.0	True	
1d	lwt+ilwt_roundtrip	sym2	smooth	Compact	standalone	1.11536	0.000111536	0.0	1.0	True	
1d	lwt+ilwt_roundtrip	sym2	reflect	Compact	standalone	1.11536	0.000111536	0.0	1.0	True	
1d	lwt+ilwt_roundtrip	sym2	antireflect	Compact	standalone	1.11536	0.000111536	0.0	1.0	True	
1d	lwt+ilwt_roundtrip	sym20	symmetric	Large / Sensitive	standalone	16728.7	83.6435	0.0	1.0	True	
1d	lwt+ilwt_roundtrip	sym20	zero	Large / Sensitive	standalone	16728.7	83.6435	0.0	1.0	True	
1d	lwt+ilwt_roundtrip	sym20	constant	Large / Sensitive	standalone	16728.7	83.6435	0.0	1.0	True	
1d	lwt+ilwt_roundtrip	sym20	periodic	Large / Sensitive	standalone	16728.7	83.6435	0.0	1.0	True	
1d	lwt+ilwt_roundtrip	sym20	antisymmetric	Large / Sensitive	standalone	16728.7	83.6435	0.0	1.0	True	
1d	lwt+ilwt_roundtrip	sym20	smooth	Large / Sensitive	standalone	16728.7	83.6435	0.0	1.0	True	
1d	lwt+ilwt_roundtrip	sym20	reflect	Large / Sensitive	standalone	16728.7	83.6435	0.0	1.0	True	
1d	lwt+ilwt_roundtrip	sym20	antireflect	Large / Sensitive	standalone	16728.7	83.6435	0.0	1.0	True	
1d	lwt+ilwt_roundtrip	sym3	symmetric	Compact	standalone	14.932	0.0014932	0.0	1.0	True	
1d	lwt+ilwt_roundtrip	sym3	zero	Compact	standalone	14.932	0.0014932	0.0	1.0	True	
1d	lwt+ilwt_roundtrip	sym3	constant	Compact	standalone	14.932	0.0014932	0.0	1.0	True	
1d	lwt+ilwt_roundtrip	sym3	periodic	Compact	standalone	14.932	0.0014932	0.0	1.0	True	
1d	lwt+ilwt_roundtrip	sym3	antisymmetric	Compact	standalone	14.932	0.0014932	0.0	1.0	True	
1d	lwt+ilwt_roundtrip	sym3	smooth	Compact	standalone	14.932	0.0014932	0.0	1.0	True	
1d	lwt+ilwt_roundtrip	sym3	reflect	Compact	standalone	14.932	0.0014932	0.0	1.0	True	
1d	lwt+ilwt_roundtrip	sym3	antireflect	Compact	standalone	14.932	0.0014932	0.0	1.0	True	
1d	lwt+ilwt_roundtrip	sym4	symmetric	Compact	standalone	5.87693	0.000587693	0.0	1.0	True	
1d	lwt+ilwt_roundtrip	sym4	zero	Compact	standalone	5.87693	0.000587693	0.0	1.0	True	
1d	lwt+ilwt_roundtrip	sym4	constant	Compact	standalone	5.87693	0.000587693	0.0	1.0	True	
1d	lwt+ilwt_roundtrip	sym4	periodic	Compact	standalone	5.87693	0.000587693	0.0	1.0	True	
1d	lwt+ilwt_roundtrip	sym4	antisymmetric	Compact	standalone	5.87693	0.000587693	0.0	1.0	True	
1d	lwt+ilwt_roundtrip	sym4	smooth	Compact	standalone	5.87693	0.000587693	0.0	1.0	True	
1d	lwt+ilwt_roundtrip	sym4	reflect	Compact	standalone	5.87693	0.000587693	0.0	1.0	True	
1d	lwt+ilwt_roundtrip	sym4	antireflect	Compact	standalone	5.87693	0.000587693	0.0	1.0	True	
1d	lwt+ilwt_roundtrip	sym5	symmetric	Compact	standalone	3.32658	0.000332658	0.0	1.0	True	
1d	lwt+ilwt_roundtrip	sym5	zero	Compact	standalone	3.32658	0.000332658	0.0	1.0	True	
1d	lwt+ilwt_roundtrip	sym5	constant	Compact	standalone	3.32658	0.000332658	0.0	1.0	True	
1d	lwt+ilwt_roundtrip	sym5	periodic	Compact	standalone	3.32658	0.000332658	0.0	1.0	True	
1d	lwt+ilwt_roundtrip	sym5	antisymmetric	Compact	standalone	3.32658	0.000332658	0.0	1.0	True	
1d	lwt+ilwt_roundtrip	sym5	smooth	Compact	standalone	3.32658	0.000332658	0.0	1.0	True	
1d	lwt+ilwt_roundtrip	sym5	reflect	Compact	standalone	3.32658	0.000332658	0.0	1.0	True	
1d	lwt+ilwt_roundtrip	sym5	antireflect	Compact	standalone	3.32658	0.000332658	0.0	1.0	True	
1d	lwt+ilwt_roundtrip	sym6	symmetric	Compact	standalone	13.9887	0.00139887	0.0	1.0	True	
1d	lwt+ilwt_roundtrip	sym6	zero	Compact	standalone	13.9887	0.00139887	0.0	1.0	True	
1d	lwt+ilwt_roundtrip	sym6	constant	Compact	standalone	13.9887	0.00139887	0.0	1.0	True	
1d	lwt+ilwt_roundtrip	sym6	periodic	Compact	standalone	13.9887	0.00139887	0.0	1.0	True	
1d	lwt+ilwt_roundtrip	sym6	antisymmetric	Compact	standalone	13.9887	0.00139887	0.0	1.0	True	
1d	lwt+ilwt_roundtrip	sym6	smooth	Compact	standalone	13.9887	0.00139887	0.0	1.0	True	
1d	lwt+ilwt_roundtrip	sym6	reflect	Compact	standalone	13.9887	0.00139887	0.0	1.0	True	
1d	lwt+ilwt_roundtrip	sym6	antireflect	Compact	standalone	13.9887	0.00139887	0.0	1.0	True	
1d	lwt+ilwt_roundtrip	sym7	symmetric	Large / Sensitive	standalone	17127.2	85.63600000000001	0.0	1.0	True	
1d	lwt+ilwt_roundtrip	sym7	zero	Large / Sensitive	standalone	17127.2	85.63600000000001	0.0	1.0	True	
1d	lwt+ilwt_roundtrip	sym7	constant	Large / Sensitive	standalone	17127.2	85.63600000000001	0.0	1.0	True	
1d	lwt+ilwt_roundtrip	sym7	periodic	Large / Sensitive	standalone	17127.2	85.63600000000001	0.0	1.0	True	
1d	lwt+ilwt_roundtrip	sym7	antisymmetric	Large / Sensitive	standalone	17127.2	85.63600000000001	0.0	1.0	True	
1d	lwt+ilwt_roundtrip	sym7	smooth	Large / Sensitive	standalone	17127.2	85.63600000000001	0.0	1.0	True	
1d	lwt+ilwt_roundtrip	sym7	reflect	Large / Sensitive	standalone	17127.2	85.63600000000001	0.0	1.0	True	
1d	lwt+ilwt_roundtrip	sym7	antireflect	Large / Sensitive	standalone	17127.2	85.63600000000001	0.0	1.0	True	
1d	lwt+ilwt_roundtrip	sym8	symmetric	Large / Sensitive	standalone	19.0019	0.0950095	0.0	1.0	True	
1d	lwt+ilwt_roundtrip	sym8	zero	Large / Sensitive	standalone	19.0019	0.0950095	0.0	1.0	True	
1d	lwt+ilwt_roundtrip	sym8	constant	Large / Sensitive	standalone	19.0019	0.0950095	0.0	1.0	True	
1d	lwt+ilwt_roundtrip	sym8	periodic	Large / Sensitive	standalone	19.0019	0.0950095	0.0	1.0	True	
1d	lwt+ilwt_roundtrip	sym8	antisymmetric	Large / Sensitive	standalone	19.0019	0.0950095	0.0	1.0	True	
1d	lwt+ilwt_roundtrip	sym8	smooth	Large / Sensitive	standalone	19.0019	0.0950095	0.0	1.0	True	
1d	lwt+ilwt_roundtrip	sym8	reflect	Large / Sensitive	standalone	19.0019	0.0950095	0.0	1.0	True	
1d	lwt+ilwt_roundtrip	sym8	antireflect	Large / Sensitive	standalone	19.0019	0.0950095	0.0	1.0	True	
1d	lwt+ilwt_roundtrip	sym9	symmetric	Medium	standalone	309.77	0.30977	0.0	1.0	True	
1d	lwt+ilwt_roundtrip	sym9	zero	Medium	standalone	309.77	0.30977	0.0	1.0	True	
1d	lwt+ilwt_roundtrip	sym9	constant	Medium	standalone	309.77	0.30977	0.0	1.0	True	
1d	lwt+ilwt_roundtrip	sym9	periodic	Medium	standalone	309.77	0.30977	0.0	1.0	True	
1d	lwt+ilwt_roundtrip	sym9	antisymmetric	Medium	standalone	309.77	0.30977	0.0	1.0	True	
1d	lwt+ilwt_roundtrip	sym9	smooth	Medium	standalone	309.77	0.30977	0.0	1.0	True	
1d	lwt+ilwt_roundtrip	sym9	reflect	Medium	standalone	309.77	0.30977	0.0	1.0	True	
1d	lwt+ilwt_roundtrip	sym9	antireflect	Medium	standalone	309.77	0.30977	0.0	1.0	True	
2d	lwt2d+ilwt2d_roundtrip	bior1.1	symmetric	Compact	standalone	1.41421	0.000141421	0	0.0	False	build/lwt_2d exit code 1: Unknown option: --height; build/ilwt_2d exit code 1: Unknown option: --benchmark
2d	lwt2d+ilwt2d_roundtrip	bior1.1	zero	Compact	standalone	1.41421	0.000141421	0	0.0	False	build/lwt_2d exit code 1: Unknown option: --height; build/ilwt_2d exit code 1: Unknown option: --benchmark
2d	lwt2d+ilwt2d_roundtrip	bior1.1	constant	Compact	standalone	1.41421	0.000141421	0	0.0	False	build/lwt_2d exit code 1: Unknown option: --height; build/ilwt_2d exit code 1: Unknown option: --benchmark
2d	lwt2d+ilwt2d_roundtrip	bior1.1	periodic	Compact	standalone	1.41421	0.000141421	0	0.0	False	build/lwt_2d exit code 1: Unknown option: --height; build/ilwt_2d exit code 1: Unknown option: --benchmark
2d	lwt2d+ilwt2d_roundtrip	bior1.1	antisymmetric	Compact	standalone	1.41421	0.000141421	0	0.0	False	build/lwt_2d exit code 1: Unknown option: --height; build/ilwt_2d exit code 1: Unknown option: --benchmark
2d	lwt2d+ilwt2d_roundtrip	bior1.1	smooth	Compact	standalone	1.41421	0.000141421	0	0.0	False	build/lwt_2d exit code 1: Unknown option: --height; build/ilwt_2d exit code 1: Unknown option: --benchmark
2d	lwt2d+ilwt2d_roundtrip	bior1.1	reflect	Compact	standalone	1.41421	0.000141421	0	0.0	False	build/lwt_2d exit code 1: Unknown option: --height; build/ilwt_2d exit code 1: Unknown option: --benchmark
2d	lwt2d+ilwt2d_roundtrip	bior1.1	antireflect	Compact	standalone	1.41421	0.000141421	0	0.0	False	build/lwt_2d exit code 1: Unknown option: --height; build/ilwt_2d exit code 1: Unknown option: --benchmark
2d	lwt2d+ilwt2d_roundtrip	bior1.3	symmetric	Compact	standalone	1.41421	0.000141421	0	0.0	False	build/lwt_2d exit code 1: Unknown option: --height; build/ilwt_2d exit code 1: Unknown option: --benchmark
2d	lwt2d+ilwt2d_roundtrip	bior1.3	zero	Compact	standalone	1.41421	0.000141421	0	0.0	False	build/lwt_2d exit code 1: Unknown option: --height; build/ilwt_2d exit code 1: Unknown option: --benchmark
2d	lwt2d+ilwt2d_roundtrip	bior1.3	constant	Compact	standalone	1.41421	0.000141421	0	0.0	False	build/lwt_2d exit code 1: Unknown option: --height; build/ilwt_2d exit code 1: Unknown option: --benchmark
2d	lwt2d+ilwt2d_roundtrip	bior1.3	periodic	Compact	standalone	1.41421	0.000141421	0	0.0	False	build/lwt_2d exit code 1: Unknown option: --height; build/ilwt_2d exit code 1: Unknown option: --benchmark
2d	lwt2d+ilwt2d_roundtrip	bior1.3	antisymmetric	Compact	standalone	1.41421	0.000141421	0	0.0	False	build/lwt_2d exit code 1: Unknown option: --height; build/ilwt_2d exit code 1: Unknown option: --benchmark
2d	lwt2d+ilwt2d_roundtrip	bior1.3	smooth	Compact	standalone	1.41421	0.000141421	0	0.0	False	build/lwt_2d exit code 1: Unknown option: --height; build/ilwt_2d exit code 1: Unknown option: --benchmark
2d	lwt2d+ilwt2d_roundtrip	bior1.3	reflect	Compact	standalone	1.41421	0.000141421	0	0.0	False	build/lwt_2d exit code 1: Unknown option: --height; build/ilwt_2d exit code 1: Unknown option: --benchmark
2d	lwt2d+ilwt2d_roundtrip	bior1.3	antireflect	Compact	standalone	1.41421	0.000141421	0	0.0	False	build/lwt_2d exit code 1: Unknown option: --height; build/ilwt_2d exit code 1: Unknown option: --benchmark
2d	lwt2d+ilwt2d_roundtrip	bior1.5	symmetric	Compact	standalone	1.41421	0.000141421	0	0.0	False	build/lwt_2d exit code 1: Unknown option: --height; build/ilwt_2d exit code 1: Unknown option: --benchmark
2d	lwt2d+ilwt2d_roundtrip	bior1.5	zero	Compact	standalone	1.41421	0.000141421	0	0.0	False	build/lwt_2d exit code 1: Unknown option: --height; build/ilwt_2d exit code 1: Unknown option: --benchmark
2d	lwt2d+ilwt2d_roundtrip	bior1.5	constant	Compact	standalone	1.41421	0.000141421	0	0.0	False	build/lwt_2d exit code 1: Unknown option: --height; build/ilwt_2d exit code 1: Unknown option: --benchmark
2d	lwt2d+ilwt2d_roundtrip	bior1.5	periodic	Compact	standalone	1.41421	0.000141421	0	0.0	False	build/lwt_2d exit code 1: Unknown option: --height; build/ilwt_2d exit code 1: Unknown option: --benchmark
2d	lwt2d+ilwt2d_roundtrip	bior1.5	antisymmetric	Compact	standalone	1.41421	0.000141421	0	0.0	False	build/lwt_2d exit code 1: Unknown option: --height; build/ilwt_2d exit code 1: Unknown option: --benchmark
2d	lwt2d+ilwt2d_roundtrip	bior1.5	smooth	Compact	standalone	1.41421	0.000141421	0	0.0	False	build/lwt_2d exit code 1: Unknown option: --height; build/ilwt_2d exit code 1: Unknown option: --benchmark
2d	lwt2d+ilwt2d_roundtrip	bior1.5	reflect	Compact	standalone	1.41421	0.000141421	0	0.0	False	build/lwt_2d exit code 1: Unknown option: --height; build/ilwt_2d exit code 1: Unknown option: --benchmark
2d	lwt2d+ilwt2d_roundtrip	bior1.5	antireflect	Compact	standalone	1.41421	0.000141421	0	0.0	False	build/lwt_2d exit code 1: Unknown option: --height; build/ilwt_2d exit code 1: Unknown option: --benchmark
2d	lwt2d+ilwt2d_roundtrip	bior2.2	symmetric	Compact	standalone	1.41421	0.000141421	0	0.0	False	build/lwt_2d exit code 1: Unknown option: --height; build/ilwt_2d exit code 1: Unknown option: --benchmark
2d	lwt2d+ilwt2d_roundtrip	bior2.2	zero	Compact	standalone	1.41421	0.000141421	0	0.0	False	build/lwt_2d exit code 1: Unknown option: --height; build/ilwt_2d exit code 1: Unknown option: --benchmark
2d	lwt2d+ilwt2d_roundtrip	bior2.2	constant	Compact	standalone	1.41421	0.000141421	0	0.0	False	build/lwt_2d exit code 1: Unknown option: --height; build/ilwt_2d exit code 1: Unknown option: --benchmark
2d	lwt2d+ilwt2d_roundtrip	bior2.2	periodic	Compact	standalone	1.41421	0.000141421	0	0.0	False	build/lwt_2d exit code 1: Unknown option: --height; build/ilwt_2d exit code 1: Unknown option: --benchmark
2d	lwt2d+ilwt2d_roundtrip	bior2.2	antisymmetric	Compact	standalone	1.41421	0.000141421	0	0.0	False	build/lwt_2d exit code 1: Unknown option: --height; build/ilwt_2d exit code 1: Unknown option: --benchmark
2d	lwt2d+ilwt2d_roundtrip	bior2.2	smooth	Compact	standalone	1.41421	0.000141421	0	0.0	False	build/lwt_2d exit code 1: Unknown option: --height; build/ilwt_2d exit code 1: Unknown option: --benchmark
2d	lwt2d+ilwt2d_roundtrip	bior2.2	reflect	Compact	standalone	1.41421	0.000141421	0	0.0	False	build/lwt_2d exit code 1: Unknown option: --height; build/ilwt_2d exit code 1: Unknown option: --benchmark
2d	lwt2d+ilwt2d_roundtrip	bior2.2	antireflect	Compact	standalone	1.41421	0.000141421	0	0.0	False	build/lwt_2d exit code 1: Unknown option: --height; build/ilwt_2d exit code 1: Unknown option: --benchmark
2d	lwt2d+ilwt2d_roundtrip	bior2.4	symmetric	Compact	standalone	1.41421	0.000141421	0	0.0	False	build/lwt_2d exit code 1: Unknown option: --height; build/ilwt_2d exit code 1: Unknown option: --benchmark
2d	lwt2d+ilwt2d_roundtrip	bior2.4	zero	Compact	standalone	1.41421	0.000141421	0	0.0	False	build/lwt_2d exit code 1: Unknown option: --height; build/ilwt_2d exit code 1: Unknown option: --benchmark
2d	lwt2d+ilwt2d_roundtrip	bior2.4	constant	Compact	standalone	1.41421	0.000141421	0	0.0	False	build/lwt_2d exit code 1: Unknown option: --height; build/ilwt_2d exit code 1: Unknown option: --benchmark
2d	lwt2d+ilwt2d_roundtrip	bior2.4	periodic	Compact	standalone	1.41421	0.000141421	0	0.0	False	build/lwt_2d exit code 1: Unknown option: --height; build/ilwt_2d exit code 1: Unknown option: --benchmark
2d	lwt2d+ilwt2d_roundtrip	bior2.4	antisymmetric	Compact	standalone	1.41421	0.000141421	0	0.0	False	build/lwt_2d exit code 1: Unknown option: --height; build/ilwt_2d exit code 1: Unknown option: --benchmark
2d	lwt2d+ilwt2d_roundtrip	bior2.4	smooth	Compact	standalone	1.41421	0.000141421	0	0.0	False	build/lwt_2d exit code 1: Unknown option: --height; build/ilwt_2d exit code 1: Unknown option: --benchmark
2d	lwt2d+ilwt2d_roundtrip	bior2.4	reflect	Compact	standalone	1.41421	0.000141421	0	0.0	False	build/lwt_2d exit code 1: Unknown option: --height; build/ilwt_2d exit code 1: Unknown option: --benchmark
2d	lwt2d+ilwt2d_roundtrip	bior2.4	antireflect	Compact	standalone	1.41421	0.000141421	0	0.0	False	build/lwt_2d exit code 1: Unknown option: --height; build/ilwt_2d exit code 1: Unknown option: --benchmark
2d	lwt2d+ilwt2d_roundtrip	bior2.6	symmetric	Large / Sensitive	standalone	1.41421	0.00707105	0	0.0	False	build/lwt_2d exit code 1: Unknown option: --height; build/ilwt_2d exit code 1: Unknown option: --benchmark
2d	lwt2d+ilwt2d_roundtrip	bior2.6	zero	Large / Sensitive	standalone	1.41421	0.00707105	0	0.0	False	build/lwt_2d exit code 1: Unknown option: --height; build/ilwt_2d exit code 1: Unknown option: --benchmark
2d	lwt2d+ilwt2d_roundtrip	bior2.6	constant	Large / Sensitive	standalone	1.41421	0.00707105	0	0.0	False	build/lwt_2d exit code 1: Unknown option: --height; build/ilwt_2d exit code 1: Unknown option: --benchmark
2d	lwt2d+ilwt2d_roundtrip	bior2.6	periodic	Large / Sensitive	standalone	1.41421	0.00707105	0	0.0	False	build/lwt_2d exit code 1: Unknown option: --height; build/ilwt_2d exit code 1: Unknown option: --benchmark
2d	lwt2d+ilwt2d_roundtrip	bior2.6	antisymmetric	Large / Sensitive	standalone	1.41421	0.00707105	0	0.0	False	build/lwt_2d exit code 1: Unknown option: --height; build/ilwt_2d exit code 1: Unknown option: --benchmark
2d	lwt2d+ilwt2d_roundtrip	bior2.6	smooth	Large / Sensitive	standalone	1.41421	0.00707105	0	0.0	False	build/lwt_2d exit code 1: Unknown option: --height; build/ilwt_2d exit code 1: Unknown option: --benchmark
2d	lwt2d+ilwt2d_roundtrip	bior2.6	reflect	Large / Sensitive	standalone	1.41421	0.00707105	0	0.0	False	build/lwt_2d exit code 1: Unknown option: --height; build/ilwt_2d exit code 1: Unknown option: --benchmark
2d	lwt2d+ilwt2d_roundtrip	bior2.6	antireflect	Large / Sensitive	standalone	1.41421	0.00707105	0	0.0	False	build/lwt_2d exit code 1: Unknown option: --height; build/ilwt_2d exit code 1: Unknown option: --benchmark
2d	lwt2d+ilwt2d_roundtrip	bior2.8	symmetric	Large / Sensitive	standalone	1.41421	0.00707105	0	0.0	False	build/lwt_2d exit code 1: Unknown option: --height; build/ilwt_2d exit code 1: Unknown option: --benchmark
2d	lwt2d+ilwt2d_roundtrip	bior2.8	zero	Large / Sensitive	standalone	1.41421	0.00707105	0	0.0	False	build/lwt_2d exit code 1: Unknown option: --height; build/ilwt_2d exit code 1: Unknown option: --benchmark
2d	lwt2d+ilwt2d_roundtrip	bior2.8	constant	Large / Sensitive	standalone	1.41421	0.00707105	0	0.0	False	build/lwt_2d exit code 1: Unknown option: --height; build/ilwt_2d exit code 1: Unknown option: --benchmark
2d	lwt2d+ilwt2d_roundtrip	bior2.8	periodic	Large / Sensitive	standalone	1.41421	0.00707105	0	0.0	False	build/lwt_2d exit code 1: Unknown option: --height; build/ilwt_2d exit code 1: Unknown option: --benchmark
2d	lwt2d+ilwt2d_roundtrip	bior2.8	antisymmetric	Large / Sensitive	standalone	1.41421	0.00707105	0	0.0	False	build/lwt_2d exit code 1: Unknown option: --height; build/ilwt_2d exit code 1: Unknown option: --benchmark
2d	lwt2d+ilwt2d_roundtrip	bior2.8	smooth	Large / Sensitive	standalone	1.41421	0.00707105	0	0.0	False	build/lwt_2d exit code 1: Unknown option: --height; build/ilwt_2d exit code 1: Unknown option: --benchmark
2d	lwt2d+ilwt2d_roundtrip	bior2.8	reflect	Large / Sensitive	standalone	1.41421	0.00707105	0	0.0	False	build/lwt_2d exit code 1: Unknown option: --height; build/ilwt_2d exit code 1: Unknown option: --benchmark
2d	lwt2d+ilwt2d_roundtrip	bior2.8	antireflect	Large / Sensitive	standalone	1.41421	0.00707105	0	0.0	False	build/lwt_2d exit code 1: Unknown option: --height; build/ilwt_2d exit code 1: Unknown option: --benchmark
2d	lwt2d+ilwt2d_roundtrip	bior3.1	symmetric	Compact	standalone	1.125	0.00011250000000000001	0	0.0	False	build/lwt_2d exit code 1: Unknown option: --height; build/ilwt_2d exit code 1: Unknown option: --benchmark
2d	lwt2d+ilwt2d_roundtrip	bior3.1	zero	Compact	standalone	1.125	0.00011250000000000001	0	0.0	False	build/lwt_2d exit code 1: Unknown option: --height; build/ilwt_2d exit code 1: Unknown option: --benchmark
2d	lwt2d+ilwt2d_roundtrip	bior3.1	constant	Compact	standalone	1.125	0.00011250000000000001	0	0.0	False	build/lwt_2d exit code 1: Unknown option: --height; build/ilwt_2d exit code 1: Unknown option: --benchmark
2d	lwt2d+ilwt2d_roundtrip	bior3.1	periodic	Compact	standalone	1.125	0.00011250000000000001	0	0.0	False	build/lwt_2d exit code 1: Unknown option: --height; build/ilwt_2d exit code 1: Unknown option: --benchmark
2d	lwt2d+ilwt2d_roundtrip	bior3.1	antisymmetric	Compact	standalone	1.125	0.00011250000000000001	0	0.0	False	build/lwt_2d exit code 1: Unknown option: --height; build/ilwt_2d exit code 1: Unknown option: --benchmark
2d	lwt2d+ilwt2d_roundtrip	bior3.1	smooth	Compact	standalone	1.125	0.00011250000000000001	0	0.0	False	build/lwt_2d exit code 1: Unknown option: --height; build/ilwt_2d exit code 1: Unknown option: --benchmark
2d	lwt2d+ilwt2d_roundtrip	bior3.1	reflect	Compact	standalone	1.125	0.00011250000000000001	0	0.0	False	build/lwt_2d exit code 1: Unknown option: --height; build/ilwt_2d exit code 1: Unknown option: --benchmark
2d	lwt2d+ilwt2d_roundtrip	bior3.1	antireflect	Compact	standalone	1.125	0.00011250000000000001	0	0.0	False	build/lwt_2d exit code 1: Unknown option: --height; build/ilwt_2d exit code 1: Unknown option: --benchmark
2d	lwt2d+ilwt2d_roundtrip	bior3.3	symmetric	Compact	standalone	2.12132	0.000212132	0	0.0	False	build/lwt_2d exit code 1: Unknown option: --height; build/ilwt_2d exit code 1: Unknown option: --benchmark
2d	lwt2d+ilwt2d_roundtrip	bior3.3	zero	Compact	standalone	2.12132	0.000212132	0	0.0	False	build/lwt_2d exit code 1: Unknown option: --height; build/ilwt_2d exit code 1: Unknown option: --benchmark
2d	lwt2d+ilwt2d_roundtrip	bior3.3	constant	Compact	standalone	2.12132	0.000212132	0	0.0	False	build/lwt_2d exit code 1: Unknown option: --height; build/ilwt_2d exit code 1: Unknown option: --benchmark
2d	lwt2d+ilwt2d_roundtrip	bior3.3	periodic	Compact	standalone	2.12132	0.000212132	0	0.0	False	build/lwt_2d exit code 1: Unknown option: --height; build/ilwt_2d exit code 1: Unknown option: --benchmark
2d	lwt2d+ilwt2d_roundtrip	bior3.3	antisymmetric	Compact	standalone	2.12132	0.000212132	0	0.0	False	build/lwt_2d exit code 1: Unknown option: --height; build/ilwt_2d exit code 1: Unknown option: --benchmark
2d	lwt2d+ilwt2d_roundtrip	bior3.3	smooth	Compact	standalone	2.12132	0.000212132	0	0.0	False	build/lwt_2d exit code 1: Unknown option: --height; build/ilwt_2d exit code 1: Unknown option: --benchmark
2d	lwt2d+ilwt2d_roundtrip	bior3.3	reflect	Compact	standalone	2.12132	0.000212132	0	0.0	False	build/lwt_2d exit code 1: Unknown option: --height; build/ilwt_2d exit code 1: Unknown option: --benchmark
2d	lwt2d+ilwt2d_roundtrip	bior3.3	antireflect	Compact	standalone	2.12132	0.000212132	0	0.0	False	build/lwt_2d exit code 1: Unknown option: --height; build/ilwt_2d exit code 1: Unknown option: --benchmark
2d	lwt2d+ilwt2d_roundtrip	bior3.5	symmetric	Compact	standalone	2.12132	0.000212132	0	0.0	False	build/lwt_2d exit code 1: Unknown option: --height; build/ilwt_2d exit code 1: Unknown option: --benchmark
2d	lwt2d+ilwt2d_roundtrip	bior3.5	zero	Compact	standalone	2.12132	0.000212132	0	0.0	False	build/lwt_2d exit code 1: Unknown option: --height; build/ilwt_2d exit code 1: Unknown option: --benchmark
2d	lwt2d+ilwt2d_roundtrip	bior3.5	constant	Compact	standalone	2.12132	0.000212132	0	0.0	False	build/lwt_2d exit code 1: Unknown option: --height; build/ilwt_2d exit code 1: Unknown option: --benchmark
2d	lwt2d+ilwt2d_roundtrip	bior3.5	periodic	Compact	standalone	2.12132	0.000212132	0	0.0	False	build/lwt_2d exit code 1: Unknown option: --height; build/ilwt_2d exit code 1: Unknown option: --benchmark
2d	lwt2d+ilwt2d_roundtrip	bior3.5	antisymmetric	Compact	standalone	2.12132	0.000212132	0	0.0	False	build/lwt_2d exit code 1: Unknown option: --height; build/ilwt_2d exit code 1: Unknown option: --benchmark
2d	lwt2d+ilwt2d_roundtrip	bior3.5	smooth	Compact	standalone	2.12132	0.000212132	0	0.0	False	build/lwt_2d exit code 1: Unknown option: --height; build/ilwt_2d exit code 1: Unknown option: --benchmark
2d	lwt2d+ilwt2d_roundtrip	bior3.5	reflect	Compact	standalone	2.12132	0.000212132	0	0.0	False	build/lwt_2d exit code 1: Unknown option: --height; build/ilwt_2d exit code 1: Unknown option: --benchmark
2d	lwt2d+ilwt2d_roundtrip	bior3.5	antireflect	Compact	standalone	2.12132	0.000212132	0	0.0	False	build/lwt_2d exit code 1: Unknown option: --height; build/ilwt_2d exit code 1: Unknown option: --benchmark
2d	lwt2d+ilwt2d_roundtrip	bior3.7	symmetric	Large / Sensitive	standalone	2.12132	0.010606599999999999	0	0.0	False	build/lwt_2d exit code 1: Unknown option: --height; build/ilwt_2d exit code 1: Unknown option: --benchmark
2d	lwt2d+ilwt2d_roundtrip	bior3.7	zero	Large / Sensitive	standalone	2.12132	0.010606599999999999	0	0.0	False	build/lwt_2d exit code 1: Unknown option: --height; build/ilwt_2d exit code 1: Unknown option: --benchmark
2d	lwt2d+ilwt2d_roundtrip	bior3.7	constant	Large / Sensitive	standalone	2.12132	0.010606599999999999	0	0.0	False	build/lwt_2d exit code 1: Unknown option: --height; build/ilwt_2d exit code 1: Unknown option: --benchmark
2d	lwt2d+ilwt2d_roundtrip	bior3.7	periodic	Large / Sensitive	standalone	2.12132	0.010606599999999999	0	0.0	False	build/lwt_2d exit code 1: Unknown option: --height; build/ilwt_2d exit code 1: Unknown option: --benchmark
2d	lwt2d+ilwt2d_roundtrip	bior3.7	antisymmetric	Large / Sensitive	standalone	2.12132	0.010606599999999999	0	0.0	False	build/lwt_2d exit code 1: Unknown option: --height; build/ilwt_2d exit code 1: Unknown option: --benchmark
2d	lwt2d+ilwt2d_roundtrip	bior3.7	smooth	Large / Sensitive	standalone	2.12132	0.010606599999999999	0	0.0	False	build/lwt_2d exit code 1: Unknown option: --height; build/ilwt_2d exit code 1: Unknown option: --benchmark
2d	lwt2d+ilwt2d_roundtrip	bior3.7	reflect	Large / Sensitive	standalone	2.12132	0.010606599999999999	0	0.0	False	build/lwt_2d exit code 1: Unknown option: --height; build/ilwt_2d exit code 1: Unknown option: --benchmark
2d	lwt2d+ilwt2d_roundtrip	bior3.7	antireflect	Large / Sensitive	standalone	2.12132	0.010606599999999999	0	0.0	False	build/lwt_2d exit code 1: Unknown option: --height; build/ilwt_2d exit code 1: Unknown option: --benchmark
2d	lwt2d+ilwt2d_roundtrip	bior3.9	symmetric	Large / Sensitive	standalone	2.12132	0.010606599999999999	0	0.0	False	build/lwt_2d exit code 1: Unknown option: --height; build/ilwt_2d exit code 1: Unknown option: --benchmark
2d	lwt2d+ilwt2d_roundtrip	bior3.9	zero	Large / Sensitive	standalone	2.12132	0.010606599999999999	0	0.0	False	build/lwt_2d exit code 1: Unknown option: --height; build/ilwt_2d exit code 1: Unknown option: --benchmark
2d	lwt2d+ilwt2d_roundtrip	bior3.9	constant	Large / Sensitive	standalone	2.12132	0.010606599999999999	0	0.0	False	build/lwt_2d exit code 1: Unknown option: --height; build/ilwt_2d exit code 1: Unknown option: --benchmark
2d	lwt2d+ilwt2d_roundtrip	bior3.9	periodic	Large / Sensitive	standalone	2.12132	0.010606599999999999	0	0.0	False	build/lwt_2d exit code 1: Unknown option: --height; build/ilwt_2d exit code 1: Unknown option: --benchmark
2d	lwt2d+ilwt2d_roundtrip	bior3.9	antisymmetric	Large / Sensitive	standalone	2.12132	0.010606599999999999	0	0.0	False	build/lwt_2d exit code 1: Unknown option: --height; build/ilwt_2d exit code 1: Unknown option: --benchmark
2d	lwt2d+ilwt2d_roundtrip	bior3.9	smooth	Large / Sensitive	standalone	2.12132	0.010606599999999999	0	0.0	False	build/lwt_2d exit code 1: Unknown option: --height; build/ilwt_2d exit code 1: Unknown option: --benchmark
2d	lwt2d+ilwt2d_roundtrip	bior3.9	reflect	Large / Sensitive	standalone	2.12132	0.010606599999999999	0	0.0	False	build/lwt_2d exit code 1: Unknown option: --height; build/ilwt_2d exit code 1: Unknown option: --benchmark
2d	lwt2d+ilwt2d_roundtrip	bior3.9	antireflect	Large / Sensitive	standalone	2.12132	0.010606599999999999	0	0.0	False	build/lwt_2d exit code 1: Unknown option: --height; build/ilwt_2d exit code 1: Unknown option: --benchmark
2d	lwt2d+ilwt2d_roundtrip	bior4.4	symmetric	Compact	standalone	1.58613	0.00015861300000000002	0	0.0	False	build/lwt_2d exit code 1: Unknown option: --height; build/ilwt_2d exit code 1: Unknown option: --benchmark
2d	lwt2d+ilwt2d_roundtrip	bior4.4	zero	Compact	standalone	1.58613	0.00015861300000000002	0	0.0	False	build/lwt_2d exit code 1: Unknown option: --height; build/ilwt_2d exit code 1: Unknown option: --benchmark
2d	lwt2d+ilwt2d_roundtrip	bior4.4	constant	Compact	standalone	1.58613	0.00015861300000000002	0	0.0	False	build/lwt_2d exit code 1: Unknown option: --height; build/ilwt_2d exit code 1: Unknown option: --benchmark
2d	lwt2d+ilwt2d_roundtrip	bior4.4	periodic	Compact	standalone	1.58613	0.00015861300000000002	0	0.0	False	build/lwt_2d exit code 1: Unknown option: --height; build/ilwt_2d exit code 1: Unknown option: --benchmark
2d	lwt2d+ilwt2d_roundtrip	bior4.4	antisymmetric	Compact	standalone	1.58613	0.00015861300000000002	0	0.0	False	build/lwt_2d exit code 1: Unknown option: --height; build/ilwt_2d exit code 1: Unknown option: --benchmark
2d	lwt2d+ilwt2d_roundtrip	bior4.4	smooth	Compact	standalone	1.58613	0.00015861300000000002	0	0.0	False	build/lwt_2d exit code 1: Unknown option: --height; build/ilwt_2d exit code 1: Unknown option: --benchmark
2d	lwt2d+ilwt2d_roundtrip	bior4.4	reflect	Compact	standalone	1.58613	0.00015861300000000002	0	0.0	False	build/lwt_2d exit code 1: Unknown option: --height; build/ilwt_2d exit code 1: Unknown option: --benchmark
2d	lwt2d+ilwt2d_roundtrip	bior4.4	antireflect	Compact	standalone	1.58613	0.00015861300000000002	0	0.0	False	build/lwt_2d exit code 1: Unknown option: --height; build/ilwt_2d exit code 1: Unknown option: --benchmark
2d	lwt2d+ilwt2d_roundtrip	bior5.5	symmetric	Compact	standalone	5.58579	0.000558579	0	0.0	False	build/lwt_2d exit code 1: Unknown option: --height; build/ilwt_2d exit code 1: Unknown option: --benchmark
2d	lwt2d+ilwt2d_roundtrip	bior5.5	zero	Compact	standalone	5.58579	0.000558579	0	0.0	False	build/lwt_2d exit code 1: Unknown option: --height; build/ilwt_2d exit code 1: Unknown option: --benchmark
2d	lwt2d+ilwt2d_roundtrip	bior5.5	constant	Compact	standalone	5.58579	0.000558579	0	0.0	False	build/lwt_2d exit code 1: Unknown option: --height; build/ilwt_2d exit code 1: Unknown option: --benchmark
2d	lwt2d+ilwt2d_roundtrip	bior5.5	periodic	Compact	standalone	5.58579	0.000558579	0	0.0	False	build/lwt_2d exit code 1: Unknown option: --height; build/ilwt_2d exit code 1: Unknown option: --benchmark
2d	lwt2d+ilwt2d_roundtrip	bior5.5	antisymmetric	Compact	standalone	5.58579	0.000558579	0	0.0	False	build/lwt_2d exit code 1: Unknown option: --height; build/ilwt_2d exit code 1: Unknown option: --benchmark
2d	lwt2d+ilwt2d_roundtrip	bior5.5	smooth	Compact	standalone	5.58579	0.000558579	0	0.0	False	build/lwt_2d exit code 1: Unknown option: --height; build/ilwt_2d exit code 1: Unknown option: --benchmark
2d	lwt2d+ilwt2d_roundtrip	bior5.5	reflect	Compact	standalone	5.58579	0.000558579	0	0.0	False	build/lwt_2d exit code 1: Unknown option: --height; build/ilwt_2d exit code 1: Unknown option: --benchmark
2d	lwt2d+ilwt2d_roundtrip	bior5.5	antireflect	Compact	standalone	5.58579	0.000558579	0	0.0	False	build/lwt_2d exit code 1: Unknown option: --height; build/ilwt_2d exit code 1: Unknown option: --benchmark
2d	lwt2d+ilwt2d_roundtrip	bior6.8	symmetric	Large / Sensitive	standalone	1.15131	0.00575655	0	0.0	False	build/lwt_2d exit code 1: Unknown option: --height; build/ilwt_2d exit code 1: Unknown option: --benchmark
2d	lwt2d+ilwt2d_roundtrip	bior6.8	zero	Large / Sensitive	standalone	1.15131	0.00575655	0	0.0	False	build/lwt_2d exit code 1: Unknown option: --height; build/ilwt_2d exit code 1: Unknown option: --benchmark
2d	lwt2d+ilwt2d_roundtrip	bior6.8	constant	Large / Sensitive	standalone	1.15131	0.00575655	0	0.0	False	build/lwt_2d exit code 1: Unknown option: --height; build/ilwt_2d exit code 1: Unknown option: --benchmark
2d	lwt2d+ilwt2d_roundtrip	bior6.8	periodic	Large / Sensitive	standalone	1.15131	0.00575655	0	0.0	False	build/lwt_2d exit code 1: Unknown option: --height; build/ilwt_2d exit code 1: Unknown option: --benchmark
2d	lwt2d+ilwt2d_roundtrip	bior6.8	antisymmetric	Large / Sensitive	standalone	1.15131	0.00575655	0	0.0	False	build/lwt_2d exit code 1: Unknown option: --height; build/ilwt_2d exit code 1: Unknown option: --benchmark
2d	lwt2d+ilwt2d_roundtrip	bior6.8	smooth	Large / Sensitive	standalone	1.15131	0.00575655	0	0.0	False	build/lwt_2d exit code 1: Unknown option: --height; build/ilwt_2d exit code 1: Unknown option: --benchmark
2d	lwt2d+ilwt2d_roundtrip	bior6.8	reflect	Large / Sensitive	standalone	1.15131	0.00575655	0	0.0	False	build/lwt_2d exit code 1: Unknown option: --height; build/ilwt_2d exit code 1: Unknown option: --benchmark
2d	lwt2d+ilwt2d_roundtrip	bior6.8	antireflect	Large / Sensitive	standalone	1.15131	0.00575655	0	0.0	False	build/lwt_2d exit code 1: Unknown option: --height; build/ilwt_2d exit code 1: Unknown option: --benchmark
2d	lwt2d+ilwt2d_roundtrip	coif1	symmetric	Compact	standalone	91.8006	0.00918006	0	0.0	False	build/lwt_2d exit code 1: Unknown option: --height; build/ilwt_2d exit code 1: Unknown option: --benchmark
2d	lwt2d+ilwt2d_roundtrip	coif1	zero	Compact	standalone	91.8006	0.00918006	0	0.0	False	build/lwt_2d exit code 1: Unknown option: --height; build/ilwt_2d exit code 1: Unknown option: --benchmark
2d	lwt2d+ilwt2d_roundtrip	coif1	constant	Compact	standalone	91.8006	0.00918006	0	0.0	False	build/lwt_2d exit code 1: Unknown option: --height; build/ilwt_2d exit code 1: Unknown option: --benchmark
2d	lwt2d+ilwt2d_roundtrip	coif1	periodic	Compact	standalone	91.8006	0.00918006	0	0.0	False	build/lwt_2d exit code 1: Unknown option: --height; build/ilwt_2d exit code 1: Unknown option: --benchmark
2d	lwt2d+ilwt2d_roundtrip	coif1	antisymmetric	Compact	standalone	91.8006	0.00918006	0	0.0	False	build/lwt_2d exit code 1: Unknown option: --height; build/ilwt_2d exit code 1: Unknown option: --benchmark
2d	lwt2d+ilwt2d_roundtrip	coif1	smooth	Compact	standalone	91.8006	0.00918006	0	0.0	False	build/lwt_2d exit code 1: Unknown option: --height; build/ilwt_2d exit code 1: Unknown option: --benchmark
2d	lwt2d+ilwt2d_roundtrip	coif1	reflect	Compact	standalone	91.8006	0.00918006	0	0.0	False	build/lwt_2d exit code 1: Unknown option: --height; build/ilwt_2d exit code 1: Unknown option: --benchmark
2d	lwt2d+ilwt2d_roundtrip	coif1	antireflect	Compact	standalone	91.8006	0.00918006	0	0.0	False	build/lwt_2d exit code 1: Unknown option: --height; build/ilwt_2d exit code 1: Unknown option: --benchmark
2d	lwt2d+ilwt2d_roundtrip	coif10	symmetric	Large / Sensitive	standalone	2437.12	12.185599999999999	0	0.0	False	build/lwt_2d exit code 1: Unknown option: --height; build/ilwt_2d exit code 1: Unknown option: --benchmark
2d	lwt2d+ilwt2d_roundtrip	coif10	zero	Large / Sensitive	standalone	2437.12	12.185599999999999	0	0.0	False	build/lwt_2d exit code 1: Unknown option: --height; build/ilwt_2d exit code 1: Unknown option: --benchmark
2d	lwt2d+ilwt2d_roundtrip	coif10	constant	Large / Sensitive	standalone	2437.12	12.185599999999999	0	0.0	False	build/lwt_2d exit code 1: Unknown option: --height; build/ilwt_2d exit code 1: Unknown option: --benchmark
2d	lwt2d+ilwt2d_roundtrip	coif10	periodic	Large / Sensitive	standalone	2437.12	12.185599999999999	0	0.0	False	build/lwt_2d exit code 1: Unknown option: --height; build/ilwt_2d exit code 1: Unknown option: --benchmark
2d	lwt2d+ilwt2d_roundtrip	coif10	antisymmetric	Large / Sensitive	standalone	2437.12	12.185599999999999	0	0.0	False	build/lwt_2d exit code 1: Unknown option: --height; build/ilwt_2d exit code 1: Unknown option: --benchmark
2d	lwt2d+ilwt2d_roundtrip	coif10	smooth	Large / Sensitive	standalone	2437.12	12.185599999999999	0	0.0	False	build/lwt_2d exit code 1: Unknown option: --height; build/ilwt_2d exit code 1: Unknown option: --benchmark
2d	lwt2d+ilwt2d_roundtrip	coif10	reflect	Large / Sensitive	standalone	2437.12	12.185599999999999	0	0.0	False	build/lwt_2d exit code 1: Unknown option: --height; build/ilwt_2d exit code 1: Unknown option: --benchmark
2d	lwt2d+ilwt2d_roundtrip	coif10	antireflect	Large / Sensitive	standalone	2437.12	12.185599999999999	0	0.0	False	build/lwt_2d exit code 1: Unknown option: --height; build/ilwt_2d exit code 1: Unknown option: --benchmark
2d	lwt2d+ilwt2d_roundtrip	coif11	symmetric	Large / Sensitive	standalone	16170.8	80.854	0	0.0	False	build/lwt_2d exit code 1: Unknown option: --height; build/ilwt_2d exit code 1: Unknown option: --benchmark
2d	lwt2d+ilwt2d_roundtrip	coif11	zero	Large / Sensitive	standalone	16170.8	80.854	0	0.0	False	build/lwt_2d exit code 1: Unknown option: --height; build/ilwt_2d exit code 1: Unknown option: --benchmark
2d	lwt2d+ilwt2d_roundtrip	coif11	constant	Large / Sensitive	standalone	16170.8	80.854	0	0.0	False	build/lwt_2d exit code 1: Unknown option: --height; build/ilwt_2d exit code 1: Unknown option: --benchmark
2d	lwt2d+ilwt2d_roundtrip	coif11	periodic	Large / Sensitive	standalone	16170.8	80.854	0	0.0	False	build/lwt_2d exit code 1: Unknown option: --height; build/ilwt_2d exit code 1: Unknown option: --benchmark
2d	lwt2d+ilwt2d_roundtrip	coif11	antisymmetric	Large / Sensitive	standalone	16170.8	80.854	0	0.0	False	build/lwt_2d exit code 1: Unknown option: --height; build/ilwt_2d exit code 1: Unknown option: --benchmark
2d	lwt2d+ilwt2d_roundtrip	coif11	smooth	Large / Sensitive	standalone	16170.8	80.854	0	0.0	False	build/lwt_2d exit code 1: Unknown option: --height; build/ilwt_2d exit code 1: Unknown option: --benchmark
2d	lwt2d+ilwt2d_roundtrip	coif11	reflect	Large / Sensitive	standalone	16170.8	80.854	0	0.0	False	build/lwt_2d exit code 1: Unknown option: --height; build/ilwt_2d exit code 1: Unknown option: --benchmark
2d	lwt2d+ilwt2d_roundtrip	coif11	antireflect	Large / Sensitive	standalone	16170.8	80.854	0	0.0	False	build/lwt_2d exit code 1: Unknown option: --height; build/ilwt_2d exit code 1: Unknown option: --benchmark
2d	lwt2d+ilwt2d_roundtrip	coif12	symmetric	Large / Sensitive	standalone	2116.57	10.58285	0	0.0	False	build/lwt_2d exit code 1: Unknown option: --height; build/ilwt_2d exit code 1: Unknown option: --benchmark
2d	lwt2d+ilwt2d_roundtrip	coif12	zero	Large / Sensitive	standalone	2116.57	10.58285	0	0.0	False	build/lwt_2d exit code 1: Unknown option: --height; build/ilwt_2d exit code 1: Unknown option: --benchmark
2d	lwt2d+ilwt2d_roundtrip	coif12	constant	Large / Sensitive	standalone	2116.57	10.58285	0	0.0	False	build/lwt_2d exit code 1: Unknown option: --height; build/ilwt_2d exit code 1: Unknown option: --benchmark
2d	lwt2d+ilwt2d_roundtrip	coif12	periodic	Large / Sensitive	standalone	2116.57	10.58285	0	0.0	False	build/lwt_2d exit code 1: Unknown option: --height; build/ilwt_2d exit code 1: Unknown option: --benchmark
2d	lwt2d+ilwt2d_roundtrip	coif12	antisymmetric	Large / Sensitive	standalone	2116.57	10.58285	0	0.0	False	build/lwt_2d exit code 1: Unknown option: --height; build/ilwt_2d exit code 1: Unknown option: --benchmark
2d	lwt2d+ilwt2d_roundtrip	coif12	smooth	Large / Sensitive	standalone	2116.57	10.58285	0	0.0	False	build/lwt_2d exit code 1: Unknown option: --height; build/ilwt_2d exit code 1: Unknown option: --benchmark
2d	lwt2d+ilwt2d_roundtrip	coif12	reflect	Large / Sensitive	standalone	2116.57	10.58285	0	0.0	False	build/lwt_2d exit code 1: Unknown option: --height; build/ilwt_2d exit code 1: Unknown option: --benchmark
2d	lwt2d+ilwt2d_roundtrip	coif12	antireflect	Large / Sensitive	standalone	2116.57	10.58285	0	0.0	False	build/lwt_2d exit code 1: Unknown option: --height; build/ilwt_2d exit code 1: Unknown option: --benchmark
2d	lwt2d+ilwt2d_roundtrip	coif13	symmetric	Large / Sensitive	standalone	23489.6	117.448	0	0.0	False	build/lwt_2d exit code 1: Unknown option: --height; build/ilwt_2d exit code 1: Unknown option: --benchmark
2d	lwt2d+ilwt2d_roundtrip	coif13	zero	Large / Sensitive	standalone	23489.6	117.448	0	0.0	False	build/lwt_2d exit code 1: Unknown option: --height; build/ilwt_2d exit code 1: Unknown option: --benchmark
2d	lwt2d+ilwt2d_roundtrip	coif13	constant	Large / Sensitive	standalone	23489.6	117.448	0	0.0	False	build/lwt_2d exit code 1: Unknown option: --height; build/ilwt_2d exit code 1: Unknown option: --benchmark
2d	lwt2d+ilwt2d_roundtrip	coif13	periodic	Large / Sensitive	standalone	23489.6	117.448	0	0.0	False	build/lwt_2d exit code 1: Unknown option: --height; build/ilwt_2d exit code 1: Unknown option: --benchmark
2d	lwt2d+ilwt2d_roundtrip	coif13	antisymmetric	Large / Sensitive	standalone	23489.6	117.448	0	0.0	False	build/lwt_2d exit code 1: Unknown option: --height; build/ilwt_2d exit code 1: Unknown option: --benchmark
2d	lwt2d+ilwt2d_roundtrip	coif13	smooth	Large / Sensitive	standalone	23489.6	117.448	0	0.0	False	build/lwt_2d exit code 1: Unknown option: --height; build/ilwt_2d exit code 1: Unknown option: --benchmark
2d	lwt2d+ilwt2d_roundtrip	coif13	reflect	Large / Sensitive	standalone	23489.6	117.448	0	0.0	False	build/lwt_2d exit code 1: Unknown option: --height; build/ilwt_2d exit code 1: Unknown option: --benchmark
2d	lwt2d+ilwt2d_roundtrip	coif13	antireflect	Large / Sensitive	standalone	23489.6	117.448	0	0.0	False	build/lwt_2d exit code 1: Unknown option: --height; build/ilwt_2d exit code 1: Unknown option: --benchmark
2d	lwt2d+ilwt2d_roundtrip	coif14	symmetric	Large / Sensitive	standalone	3417.27	17.08635	0	0.0	False	build/lwt_2d exit code 1: Unknown option: --height; build/ilwt_2d exit code 1: Unknown option: --benchmark
2d	lwt2d+ilwt2d_roundtrip	coif14	zero	Large / Sensitive	standalone	3417.27	17.08635	0	0.0	False	build/lwt_2d exit code 1: Unknown option: --height; build/ilwt_2d exit code 1: Unknown option: --benchmark
2d	lwt2d+ilwt2d_roundtrip	coif14	constant	Large / Sensitive	standalone	3417.27	17.08635	0	0.0	False	build/lwt_2d exit code 1: Unknown option: --height; build/ilwt_2d exit code 1: Unknown option: --benchmark
2d	lwt2d+ilwt2d_roundtrip	coif14	periodic	Large / Sensitive	standalone	3417.27	17.08635	0	0.0	False	build/lwt_2d exit code 1: Unknown option: --height; build/ilwt_2d exit code 1: Unknown option: --benchmark
2d	lwt2d+ilwt2d_roundtrip	coif14	antisymmetric	Large / Sensitive	standalone	3417.27	17.08635	0	0.0	False	build/lwt_2d exit code 1: Unknown option: --height; build/ilwt_2d exit code 1: Unknown option: --benchmark
2d	lwt2d+ilwt2d_roundtrip	coif14	smooth	Large / Sensitive	standalone	3417.27	17.08635	0	0.0	False	build/lwt_2d exit code 1: Unknown option: --height; build/ilwt_2d exit code 1: Unknown option: --benchmark
2d	lwt2d+ilwt2d_roundtrip	coif14	reflect	Large / Sensitive	standalone	3417.27	17.08635	0	0.0	False	build/lwt_2d exit code 1: Unknown option: --height; build/ilwt_2d exit code 1: Unknown option: --benchmark
2d	lwt2d+ilwt2d_roundtrip	coif14	antireflect	Large / Sensitive	standalone	3417.27	17.08635	0	0.0	False	build/lwt_2d exit code 1: Unknown option: --height; build/ilwt_2d exit code 1: Unknown option: --benchmark
2d	lwt2d+ilwt2d_roundtrip	coif15	symmetric	Large / Sensitive	standalone	36169.8	180.84900000000002	0	0.0	False	build/lwt_2d exit code 1: Unknown option: --height; build/ilwt_2d exit code 1: Unknown option: --benchmark
2d	lwt2d+ilwt2d_roundtrip	coif15	zero	Large / Sensitive	standalone	36169.8	180.84900000000002	0	0.0	False	build/lwt_2d exit code 1: Unknown option: --height; build/ilwt_2d exit code 1: Unknown option: --benchmark
2d	lwt2d+ilwt2d_roundtrip	coif15	constant	Large / Sensitive	standalone	36169.8	180.84900000000002	0	0.0	False	build/lwt_2d exit code 1: Unknown option: --height; build/ilwt_2d exit code 1: Unknown option: --benchmark
2d	lwt2d+ilwt2d_roundtrip	coif15	periodic	Large / Sensitive	standalone	36169.8	180.84900000000002	0	0.0	False	build/lwt_2d exit code 1: Unknown option: --height; build/ilwt_2d exit code 1: Unknown option: --benchmark
2d	lwt2d+ilwt2d_roundtrip	coif15	antisymmetric	Large / Sensitive	standalone	36169.8	180.84900000000002	0	0.0	False	build/lwt_2d exit code 1: Unknown option: --height; build/ilwt_2d exit code 1: Unknown option: --benchmark
2d	lwt2d+ilwt2d_roundtrip	coif15	smooth	Large / Sensitive	standalone	36169.8	180.84900000000002	0	0.0	False	build/lwt_2d exit code 1: Unknown option: --height; build/ilwt_2d exit code 1: Unknown option: --benchmark
2d	lwt2d+ilwt2d_roundtrip	coif15	reflect	Large / Sensitive	standalone	36169.8	180.84900000000002	0	0.0	False	build/lwt_2d exit code 1: Unknown option: --height; build/ilwt_2d exit code 1: Unknown option: --benchmark
2d	lwt2d+ilwt2d_roundtrip	coif15	antireflect	Large / Sensitive	standalone	36169.8	180.84900000000002	0	0.0	False	build/lwt_2d exit code 1: Unknown option: --height; build/ilwt_2d exit code 1: Unknown option: --benchmark
2d	lwt2d+ilwt2d_roundtrip	coif16	symmetric	Large / Sensitive	standalone	4375.36	21.8768	0	0.0	False	build/lwt_2d exit code 1: Unknown option: --height; build/ilwt_2d exit code 1: Unknown option: --benchmark
2d	lwt2d+ilwt2d_roundtrip	coif16	zero	Large / Sensitive	standalone	4375.36	21.8768	0	0.0	False	build/lwt_2d exit code 1: Unknown option: --height; build/ilwt_2d exit code 1: Unknown option: --benchmark
2d	lwt2d+ilwt2d_roundtrip	coif16	constant	Large / Sensitive	standalone	4375.36	21.8768	0	0.0	False	build/lwt_2d exit code 1: Unknown option: --height; build/ilwt_2d exit code 1: Unknown option: --benchmark
2d	lwt2d+ilwt2d_roundtrip	coif16	periodic	Large / Sensitive	standalone	4375.36	21.8768	0	0.0	False	build/lwt_2d exit code 1: Unknown option: --height; build/ilwt_2d exit code 1: Unknown option: --benchmark
2d	lwt2d+ilwt2d_roundtrip	coif16	antisymmetric	Large / Sensitive	standalone	4375.36	21.8768	0	0.0	False	build/lwt_2d exit code 1: Unknown option: --height; build/ilwt_2d exit code 1: Unknown option: --benchmark
2d	lwt2d+ilwt2d_roundtrip	coif16	smooth	Large / Sensitive	standalone	4375.36	21.8768	0	0.0	False	build/lwt_2d exit code 1: Unknown option: --height; build/ilwt_2d exit code 1: Unknown option: --benchmark
2d	lwt2d+ilwt2d_roundtrip	coif16	reflect	Large / Sensitive	standalone	4375.36	21.8768	0	0.0	False	build/lwt_2d exit code 1: Unknown option: --height; build/ilwt_2d exit code 1: Unknown option: --benchmark
2d	lwt2d+ilwt2d_roundtrip	coif16	antireflect	Large / Sensitive	standalone	4375.36	21.8768	0	0.0	False	build/lwt_2d exit code 1: Unknown option: --height; build/ilwt_2d exit code 1: Unknown option: --benchmark
2d	lwt2d+ilwt2d_roundtrip	coif17	symmetric	Large / Sensitive	standalone	34912.6	174.563	0	0.0	False	build/lwt_2d exit code 1: Unknown option: --height; build/ilwt_2d exit code 1: Unknown option: --benchmark
2d	lwt2d+ilwt2d_roundtrip	coif17	zero	Large / Sensitive	standalone	34912.6	174.563	0	0.0	False	build/lwt_2d exit code 1: Unknown option: --height; build/ilwt_2d exit code 1: Unknown option: --benchmark
2d	lwt2d+ilwt2d_roundtrip	coif17	constant	Large / Sensitive	standalone	34912.6	174.563	0	0.0	False	build/lwt_2d exit code 1: Unknown option: --height; build/ilwt_2d exit code 1: Unknown option: --benchmark
2d	lwt2d+ilwt2d_roundtrip	coif17	periodic	Large / Sensitive	standalone	34912.6	174.563	0	0.0	False	build/lwt_2d exit code 1: Unknown option: --height; build/ilwt_2d exit code 1: Unknown option: --benchmark
2d	lwt2d+ilwt2d_roundtrip	coif17	antisymmetric	Large / Sensitive	standalone	34912.6	174.563	0	0.0	False	build/lwt_2d exit code 1: Unknown option: --height; build/ilwt_2d exit code 1: Unknown option: --benchmark
2d	lwt2d+ilwt2d_roundtrip	coif17	smooth	Large / Sensitive	standalone	34912.6	174.563	0	0.0	False	build/lwt_2d exit code 1: Unknown option: --height; build/ilwt_2d exit code 1: Unknown option: --benchmark
2d	lwt2d+ilwt2d_roundtrip	coif17	reflect	Large / Sensitive	standalone	34912.6	174.563	0	0.0	False	build/lwt_2d exit code 1: Unknown option: --height; build/ilwt_2d exit code 1: Unknown option: --benchmark
2d	lwt2d+ilwt2d_roundtrip	coif17	antireflect	Large / Sensitive	standalone	34912.6	174.563	0	0.0	False	build/lwt_2d exit code 1: Unknown option: --height; build/ilwt_2d exit code 1: Unknown option: --benchmark
2d	lwt2d+ilwt2d_roundtrip	coif2	symmetric	Compact	standalone	3.57823	0.000357823	0	0.0	False	build/lwt_2d exit code 1: Unknown option: --height; build/ilwt_2d exit code 1: Unknown option: --benchmark
2d	lwt2d+ilwt2d_roundtrip	coif2	zero	Compact	standalone	3.57823	0.000357823	0	0.0	False	build/lwt_2d exit code 1: Unknown option: --height; build/ilwt_2d exit code 1: Unknown option: --benchmark
2d	lwt2d+ilwt2d_roundtrip	coif2	constant	Compact	standalone	3.57823	0.000357823	0	0.0	False	build/lwt_2d exit code 1: Unknown option: --height; build/ilwt_2d exit code 1: Unknown option: --benchmark
2d	lwt2d+ilwt2d_roundtrip	coif2	periodic	Compact	standalone	3.57823	0.000357823	0	0.0	False	build/lwt_2d exit code 1: Unknown option: --height; build/ilwt_2d exit code 1: Unknown option: --benchmark
2d	lwt2d+ilwt2d_roundtrip	coif2	antisymmetric	Compact	standalone	3.57823	0.000357823	0	0.0	False	build/lwt_2d exit code 1: Unknown option: --height; build/ilwt_2d exit code 1: Unknown option: --benchmark
2d	lwt2d+ilwt2d_roundtrip	coif2	smooth	Compact	standalone	3.57823	0.000357823	0	0.0	False	build/lwt_2d exit code 1: Unknown option: --height; build/ilwt_2d exit code 1: Unknown option: --benchmark
2d	lwt2d+ilwt2d_roundtrip	coif2	reflect	Compact	standalone	3.57823	0.000357823	0	0.0	False	build/lwt_2d exit code 1: Unknown option: --height; build/ilwt_2d exit code 1: Unknown option: --benchmark
2d	lwt2d+ilwt2d_roundtrip	coif2	antireflect	Compact	standalone	3.57823	0.000357823	0	0.0	False	build/lwt_2d exit code 1: Unknown option: --height; build/ilwt_2d exit code 1: Unknown option: --benchmark
2d	lwt2d+ilwt2d_roundtrip	coif3	symmetric	Medium	standalone	42.7863	0.0427863	0	0.0	False	build/lwt_2d exit code 1: Unknown option: --height; build/ilwt_2d exit code 1: Unknown option: --benchmark
2d	lwt2d+ilwt2d_roundtrip	coif3	zero	Medium	standalone	42.7863	0.0427863	0	0.0	False	build/lwt_2d exit code 1: Unknown option: --height; build/ilwt_2d exit code 1: Unknown option: --benchmark
2d	lwt2d+ilwt2d_roundtrip	coif3	constant	Medium	standalone	42.7863	0.0427863	0	0.0	False	build/lwt_2d exit code 1: Unknown option: --height; build/ilwt_2d exit code 1: Unknown option: --benchmark
2d	lwt2d+ilwt2d_roundtrip	coif3	periodic	Medium	standalone	42.7863	0.0427863	0	0.0	False	build/lwt_2d exit code 1: Unknown option: --height; build/ilwt_2d exit code 1: Unknown option: --benchmark
2d	lwt2d+ilwt2d_roundtrip	coif3	antisymmetric	Medium	standalone	42.7863	0.0427863	0	0.0	False	build/lwt_2d exit code 1: Unknown option: --height; build/ilwt_2d exit code 1: Unknown option: --benchmark
2d	lwt2d+ilwt2d_roundtrip	coif3	smooth	Medium	standalone	42.7863	0.0427863	0	0.0	False	build/lwt_2d exit code 1: Unknown option: --height; build/ilwt_2d exit code 1: Unknown option: --benchmark
2d	lwt2d+ilwt2d_roundtrip	coif3	reflect	Medium	standalone	42.7863	0.0427863	0	0.0	False	build/lwt_2d exit code 1: Unknown option: --height; build/ilwt_2d exit code 1: Unknown option: --benchmark
2d	lwt2d+ilwt2d_roundtrip	coif3	antireflect	Medium	standalone	42.7863	0.0427863	0	0.0	False	build/lwt_2d exit code 1: Unknown option: --height; build/ilwt_2d exit code 1: Unknown option: --benchmark
2d	lwt2d+ilwt2d_roundtrip	coif4	symmetric	Medium	standalone	14.799	0.014799	0	0.0	False	build/lwt_2d exit code 1: Unknown option: --height; build/ilwt_2d exit code 1: Unknown option: --benchmark
2d	lwt2d+ilwt2d_roundtrip	coif4	zero	Medium	standalone	14.799	0.014799	0	0.0	False	build/lwt_2d exit code 1: Unknown option: --height; build/ilwt_2d exit code 1: Unknown option: --benchmark
2d	lwt2d+ilwt2d_roundtrip	coif4	constant	Medium	standalone	14.799	0.014799	0	0.0	False	build/lwt_2d exit code 1: Unknown option: --height; build/ilwt_2d exit code 1: Unknown option: --benchmark
2d	lwt2d+ilwt2d_roundtrip	coif4	periodic	Medium	standalone	14.799	0.014799	0	0.0	False	build/lwt_2d exit code 1: Unknown option: --height; build/ilwt_2d exit code 1: Unknown option: --benchmark
2d	lwt2d+ilwt2d_roundtrip	coif4	antisymmetric	Medium	standalone	14.799	0.014799	0	0.0	False	build/lwt_2d exit code 1: Unknown option: --height; build/ilwt_2d exit code 1: Unknown option: --benchmark
2d	lwt2d+ilwt2d_roundtrip	coif4	smooth	Medium	standalone	14.799	0.014799	0	0.0	False	build/lwt_2d exit code 1: Unknown option: --height; build/ilwt_2d exit code 1: Unknown option: --benchmark
2d	lwt2d+ilwt2d_roundtrip	coif4	reflect	Medium	standalone	14.799	0.014799	0	0.0	False	build/lwt_2d exit code 1: Unknown option: --height; build/ilwt_2d exit code 1: Unknown option: --benchmark
2d	lwt2d+ilwt2d_roundtrip	coif4	antireflect	Medium	standalone	14.799	0.014799	0	0.0	False	build/lwt_2d exit code 1: Unknown option: --height; build/ilwt_2d exit code 1: Unknown option: --benchmark
2d	lwt2d+ilwt2d_roundtrip	coif5	symmetric	Large / Sensitive	standalone	283.731	1.418655	0	0.0	False	build/lwt_2d exit code 1: Unknown option: --height; build/ilwt_2d exit code 1: Unknown option: --benchmark
2d	lwt2d+ilwt2d_roundtrip	coif5	zero	Large / Sensitive	standalone	283.731	1.418655	0	0.0	False	build/lwt_2d exit code 1: Unknown option: --height; build/ilwt_2d exit code 1: Unknown option: --benchmark
2d	lwt2d+ilwt2d_roundtrip	coif5	constant	Large / Sensitive	standalone	283.731	1.418655	0	0.0	False	build/lwt_2d exit code 1: Unknown option: --height; build/ilwt_2d exit code 1: Unknown option: --benchmark
2d	lwt2d+ilwt2d_roundtrip	coif5	periodic	Large / Sensitive	standalone	283.731	1.418655	0	0.0	False	build/lwt_2d exit code 1: Unknown option: --height; build/ilwt_2d exit code 1: Unknown option: --benchmark
2d	lwt2d+ilwt2d_roundtrip	coif5	antisymmetric	Large / Sensitive	standalone	283.731	1.418655	0	0.0	False	build/lwt_2d exit code 1: Unknown option: --height; build/ilwt_2d exit code 1: Unknown option: --benchmark
2d	lwt2d+ilwt2d_roundtrip	coif5	smooth	Large / Sensitive	standalone	283.731	1.418655	0	0.0	False	build/lwt_2d exit code 1: Unknown option: --height; build/ilwt_2d exit code 1: Unknown option: --benchmark
2d	lwt2d+ilwt2d_roundtrip	coif5	reflect	Large / Sensitive	standalone	283.731	1.418655	0	0.0	False	build/lwt_2d exit code 1: Unknown option: --height; build/ilwt_2d exit code 1: Unknown option: --benchmark
2d	lwt2d+ilwt2d_roundtrip	coif5	antireflect	Large / Sensitive	standalone	283.731	1.418655	0	0.0	False	build/lwt_2d exit code 1: Unknown option: --height; build/ilwt_2d exit code 1: Unknown option: --benchmark
2d	lwt2d+ilwt2d_roundtrip	coif6	symmetric	Large / Sensitive	standalone	93.4704	0.467352	0	0.0	False	build/lwt_2d exit code 1: Unknown option: --height; build/ilwt_2d exit code 1: Unknown option: --benchmark
2d	lwt2d+ilwt2d_roundtrip	coif6	zero	Large / Sensitive	standalone	93.4704	0.467352	0	0.0	False	build/lwt_2d exit code 1: Unknown option: --height; build/ilwt_2d exit code 1: Unknown option: --benchmark
2d	lwt2d+ilwt2d_roundtrip	coif6	constant	Large / Sensitive	standalone	93.4704	0.467352	0	0.0	False	build/lwt_2d exit code 1: Unknown option: --height; build/ilwt_2d exit code 1: Unknown option: --benchmark
2d	lwt2d+ilwt2d_roundtrip	coif6	periodic	Large / Sensitive	standalone	93.4704	0.467352	0	0.0	False	build/lwt_2d exit code 1: Unknown option: --height; build/ilwt_2d exit code 1: Unknown option: --benchmark
2d	lwt2d+ilwt2d_roundtrip	coif6	antisymmetric	Large / Sensitive	standalone	93.4704	0.467352	0	0.0	False	build/lwt_2d exit code 1: Unknown option: --height; build/ilwt_2d exit code 1: Unknown option: --benchmark
2d	lwt2d+ilwt2d_roundtrip	coif6	smooth	Large / Sensitive	standalone	93.4704	0.467352	0	0.0	False	build/lwt_2d exit code 1: Unknown option: --height; build/ilwt_2d exit code 1: Unknown option: --benchmark
2d	lwt2d+ilwt2d_roundtrip	coif6	reflect	Large / Sensitive	standalone	93.4704	0.467352	0	0.0	False	build/lwt_2d exit code 1: Unknown option: --height; build/ilwt_2d exit code 1: Unknown option: --benchmark
2d	lwt2d+ilwt2d_roundtrip	coif6	antireflect	Large / Sensitive	standalone	93.4704	0.467352	0	0.0	False	build/lwt_2d exit code 1: Unknown option: --height; build/ilwt_2d exit code 1: Unknown option: --benchmark
2d	lwt2d+ilwt2d_roundtrip	coif7	symmetric	Large / Sensitive	standalone	1724.88	8.624400000000001	0	0.0	False	build/lwt_2d exit code 1: Unknown option: --height; build/ilwt_2d exit code 1: Unknown option: --benchmark
2d	lwt2d+ilwt2d_roundtrip	coif7	zero	Large / Sensitive	standalone	1724.88	8.624400000000001	0	0.0	False	build/lwt_2d exit code 1: Unknown option: --height; build/ilwt_2d exit code 1: Unknown option: --benchmark
2d	lwt2d+ilwt2d_roundtrip	coif7	constant	Large / Sensitive	standalone	1724.88	8.624400000000001	0	0.0	False	build/lwt_2d exit code 1: Unknown option: --height; build/ilwt_2d exit code 1: Unknown option: --benchmark
2d	lwt2d+ilwt2d_roundtrip	coif7	periodic	Large / Sensitive	standalone	1724.88	8.624400000000001	0	0.0	False	build/lwt_2d exit code 1: Unknown option: --height; build/ilwt_2d exit code 1: Unknown option: --benchmark
2d	lwt2d+ilwt2d_roundtrip	coif7	antisymmetric	Large / Sensitive	standalone	1724.88	8.624400000000001	0	0.0	False	build/lwt_2d exit code 1: Unknown option: --height; build/ilwt_2d exit code 1: Unknown option: --benchmark
2d	lwt2d+ilwt2d_roundtrip	coif7	smooth	Large / Sensitive	standalone	1724.88	8.624400000000001	0	0.0	False	build/lwt_2d exit code 1: Unknown option: --height; build/ilwt_2d exit code 1: Unknown option: --benchmark
2d	lwt2d+ilwt2d_roundtrip	coif7	reflect	Large / Sensitive	standalone	1724.88	8.624400000000001	0	0.0	False	build/lwt_2d exit code 1: Unknown option: --height; build/ilwt_2d exit code 1: Unknown option: --benchmark
2d	lwt2d+ilwt2d_roundtrip	coif7	antireflect	Large / Sensitive	standalone	1724.88	8.624400000000001	0	0.0	False	build/lwt_2d exit code 1: Unknown option: --height; build/ilwt_2d exit code 1: Unknown option: --benchmark
2d	lwt2d+ilwt2d_roundtrip	coif8	symmetric	Large / Sensitive	standalone	828.314	4.14157	0	0.0	False	build/lwt_2d exit code 1: Unknown option: --height; build/ilwt_2d exit code 1: Unknown option: --benchmark
2d	lwt2d+ilwt2d_roundtrip	coif8	zero	Large / Sensitive	standalone	828.314	4.14157	0	0.0	False	build/lwt_2d exit code 1: Unknown option: --height; build/ilwt_2d exit code 1: Unknown option: --benchmark
2d	lwt2d+ilwt2d_roundtrip	coif8	constant	Large / Sensitive	standalone	828.314	4.14157	0	0.0	False	build/lwt_2d exit code 1: Unknown option: --height; build/ilwt_2d exit code 1: Unknown option: --benchmark
2d	lwt2d+ilwt2d_roundtrip	coif8	periodic	Large / Sensitive	standalone	828.314	4.14157	0	0.0	False	build/lwt_2d exit code 1: Unknown option: --height; build/ilwt_2d exit code 1: Unknown option: --benchmark
2d	lwt2d+ilwt2d_roundtrip	coif8	antisymmetric	Large / Sensitive	standalone	828.314	4.14157	0	0.0	False	build/lwt_2d exit code 1: Unknown option: --height; build/ilwt_2d exit code 1: Unknown option: --benchmark
2d	lwt2d+ilwt2d_roundtrip	coif8	smooth	Large / Sensitive	standalone	828.314	4.14157	0	0.0	False	build/lwt_2d exit code 1: Unknown option: --height; build/ilwt_2d exit code 1: Unknown option: --benchmark
2d	lwt2d+ilwt2d_roundtrip	coif8	reflect	Large / Sensitive	standalone	828.314	4.14157	0	0.0	False	build/lwt_2d exit code 1: Unknown option: --height; build/ilwt_2d exit code 1: Unknown option: --benchmark
2d	lwt2d+ilwt2d_roundtrip	coif8	antireflect	Large / Sensitive	standalone	828.314	4.14157	0	0.0	False	build/lwt_2d exit code 1: Unknown option: --height; build/ilwt_2d exit code 1: Unknown option: --benchmark
2d	lwt2d+ilwt2d_roundtrip	coif9	symmetric	Large / Sensitive	standalone	306199	1530.9950000000001	0	0.0	False	build/lwt_2d exit code 1: Unknown option: --height; build/ilwt_2d exit code 1: Unknown option: --benchmark
2d	lwt2d+ilwt2d_roundtrip	coif9	zero	Large / Sensitive	standalone	306199	1530.9950000000001	0	0.0	False	build/lwt_2d exit code 1: Unknown option: --height; build/ilwt_2d exit code 1: Unknown option: --benchmark
2d	lwt2d+ilwt2d_roundtrip	coif9	constant	Large / Sensitive	standalone	306199	1530.9950000000001	0	0.0	False	build/lwt_2d exit code 1: Unknown option: --height; build/ilwt_2d exit code 1: Unknown option: --benchmark
2d	lwt2d+ilwt2d_roundtrip	coif9	periodic	Large / Sensitive	standalone	306199	1530.9950000000001	0	0.0	False	build/lwt_2d exit code 1: Unknown option: --height; build/ilwt_2d exit code 1: Unknown option: --benchmark
2d	lwt2d+ilwt2d_roundtrip	coif9	antisymmetric	Large / Sensitive	standalone	306199	1530.9950000000001	0	0.0	False	build/lwt_2d exit code 1: Unknown option: --height; build/ilwt_2d exit code 1: Unknown option: --benchmark
2d	lwt2d+ilwt2d_roundtrip	coif9	smooth	Large / Sensitive	standalone	306199	1530.9950000000001	0	0.0	False	build/lwt_2d exit code 1: Unknown option: --height; build/ilwt_2d exit code 1: Unknown option: --benchmark
2d	lwt2d+ilwt2d_roundtrip	coif9	reflect	Large / Sensitive	standalone	306199	1530.9950000000001	0	0.0	False	build/lwt_2d exit code 1: Unknown option: --height; build/ilwt_2d exit code 1: Unknown option: --benchmark
2d	lwt2d+ilwt2d_roundtrip	coif9	antireflect	Large / Sensitive	standalone	306199	1530.9950000000001	0	0.0	False	build/lwt_2d exit code 1: Unknown option: --height; build/ilwt_2d exit code 1: Unknown option: --benchmark
2d	lwt2d+ilwt2d_roundtrip	db1	symmetric	Compact	standalone	1.41421	0.000141421	0	0.0	False	build/lwt_2d exit code 1: Unknown option: --height; build/ilwt_2d exit code 1: Unknown option: --benchmark
2d	lwt2d+ilwt2d_roundtrip	db1	zero	Compact	standalone	1.41421	0.000141421	0	0.0	False	build/lwt_2d exit code 1: Unknown option: --height; build/ilwt_2d exit code 1: Unknown option: --benchmark
2d	lwt2d+ilwt2d_roundtrip	db1	constant	Compact	standalone	1.41421	0.000141421	0	0.0	False	build/lwt_2d exit code 1: Unknown option: --height; build/ilwt_2d exit code 1: Unknown option: --benchmark
2d	lwt2d+ilwt2d_roundtrip	db1	periodic	Compact	standalone	1.41421	0.000141421	0	0.0	False	build/lwt_2d exit code 1: Unknown option: --height; build/ilwt_2d exit code 1: Unknown option: --benchmark
2d	lwt2d+ilwt2d_roundtrip	db1	antisymmetric	Compact	standalone	1.41421	0.000141421	0	0.0	False	build/lwt_2d exit code 1: Unknown option: --height; build/ilwt_2d exit code 1: Unknown option: --benchmark
2d	lwt2d+ilwt2d_roundtrip	db1	smooth	Compact	standalone	1.41421	0.000141421	0	0.0	False	build/lwt_2d exit code 1: Unknown option: --height; build/ilwt_2d exit code 1: Unknown option: --benchmark
2d	lwt2d+ilwt2d_roundtrip	db1	reflect	Compact	standalone	1.41421	0.000141421	0	0.0	False	build/lwt_2d exit code 1: Unknown option: --height; build/ilwt_2d exit code 1: Unknown option: --benchmark
2d	lwt2d+ilwt2d_roundtrip	db1	antireflect	Compact	standalone	1.41421	0.000141421	0	0.0	False	build/lwt_2d exit code 1: Unknown option: --height; build/ilwt_2d exit code 1: Unknown option: --benchmark
2d	lwt2d+ilwt2d_roundtrip	db10	symmetric	Medium	standalone	21.6996	0.0216996	0	0.0	False	build/lwt_2d exit code 1: Unknown option: --height; build/ilwt_2d exit code 1: Unknown option: --benchmark
2d	lwt2d+ilwt2d_roundtrip	db10	zero	Medium	standalone	21.6996	0.0216996	0	0.0	False	build/lwt_2d exit code 1: Unknown option: --height; build/ilwt_2d exit code 1: Unknown option: --benchmark
2d	lwt2d+ilwt2d_roundtrip	db10	constant	Medium	standalone	21.6996	0.0216996	0	0.0	False	build/lwt_2d exit code 1: Unknown option: --height; build/ilwt_2d exit code 1: Unknown option: --benchmark
2d	lwt2d+ilwt2d_roundtrip	db10	periodic	Medium	standalone	21.6996	0.0216996	0	0.0	False	build/lwt_2d exit code 1: Unknown option: --height; build/ilwt_2d exit code 1: Unknown option: --benchmark
2d	lwt2d+ilwt2d_roundtrip	db10	antisymmetric	Medium	standalone	21.6996	0.0216996	0	0.0	False	build/lwt_2d exit code 1: Unknown option: --height; build/ilwt_2d exit code 1: Unknown option: --benchmark
2d	lwt2d+ilwt2d_roundtrip	db10	smooth	Medium	standalone	21.6996	0.0216996	0	0.0	False	build/lwt_2d exit code 1: Unknown option: --height; build/ilwt_2d exit code 1: Unknown option: --benchmark
2d	lwt2d+ilwt2d_roundtrip	db10	reflect	Medium	standalone	21.6996	0.0216996	0	0.0	False	build/lwt_2d exit code 1: Unknown option: --height; build/ilwt_2d exit code 1: Unknown option: --benchmark
2d	lwt2d+ilwt2d_roundtrip	db10	antireflect	Medium	standalone	21.6996	0.0216996	0	0.0	False	build/lwt_2d exit code 1: Unknown option: --height; build/ilwt_2d exit code 1: Unknown option: --benchmark
2d	lwt2d+ilwt2d_roundtrip	db11	symmetric	Medium	standalone	1039.05	1.03905	0	0.0	False	build/lwt_2d exit code 1: Unknown option: --height; build/ilwt_2d exit code 1: Unknown option: --benchmark
2d	lwt2d+ilwt2d_roundtrip	db11	zero	Medium	standalone	1039.05	1.03905	0	0.0	False	build/lwt_2d exit code 1: Unknown option: --height; build/ilwt_2d exit code 1: Unknown option: --benchmark
2d	lwt2d+ilwt2d_roundtrip	db11	constant	Medium	standalone	1039.05	1.03905	0	0.0	False	build/lwt_2d exit code 1: Unknown option: --height; build/ilwt_2d exit code 1: Unknown option: --benchmark
2d	lwt2d+ilwt2d_roundtrip	db11	periodic	Medium	standalone	1039.05	1.03905	0	0.0	False	build/lwt_2d exit code 1: Unknown option: --height; build/ilwt_2d exit code 1: Unknown option: --benchmark
2d	lwt2d+ilwt2d_roundtrip	db11	antisymmetric	Medium	standalone	1039.05	1.03905	0	0.0	False	build/lwt_2d exit code 1: Unknown option: --height; build/ilwt_2d exit code 1: Unknown option: --benchmark
2d	lwt2d+ilwt2d_roundtrip	db11	smooth	Medium	standalone	1039.05	1.03905	0	0.0	False	build/lwt_2d exit code 1: Unknown option: --height; build/ilwt_2d exit code 1: Unknown option: --benchmark
2d	lwt2d+ilwt2d_roundtrip	db11	reflect	Medium	standalone	1039.05	1.03905	0	0.0	False	build/lwt_2d exit code 1: Unknown option: --height; build/ilwt_2d exit code 1: Unknown option: --benchmark
2d	lwt2d+ilwt2d_roundtrip	db11	antireflect	Medium	standalone	1039.05	1.03905	0	0.0	False	build/lwt_2d exit code 1: Unknown option: --height; build/ilwt_2d exit code 1: Unknown option: --benchmark
2d	lwt2d+ilwt2d_roundtrip	db12	symmetric	Medium	standalone	43.1261	0.0431261	0	0.0	False	build/lwt_2d exit code 1: Unknown option: --height; build/ilwt_2d exit code 1: Unknown option: --benchmark
2d	lwt2d+ilwt2d_roundtrip	db12	zero	Medium	standalone	43.1261	0.0431261	0	0.0	False	build/lwt_2d exit code 1: Unknown option: --height; build/ilwt_2d exit code 1: Unknown option: --benchmark
2d	lwt2d+ilwt2d_roundtrip	db12	constant	Medium	standalone	43.1261	0.0431261	0	0.0	False	build/lwt_2d exit code 1: Unknown option: --height; build/ilwt_2d exit code 1: Unknown option: --benchmark
2d	lwt2d+ilwt2d_roundtrip	db12	periodic	Medium	standalone	43.1261	0.0431261	0	0.0	False	build/lwt_2d exit code 1: Unknown option: --height; build/ilwt_2d exit code 1: Unknown option: --benchmark
2d	lwt2d+ilwt2d_roundtrip	db12	antisymmetric	Medium	standalone	43.1261	0.0431261	0	0.0	False	build/lwt_2d exit code 1: Unknown option: --height; build/ilwt_2d exit code 1: Unknown option: --benchmark
2d	lwt2d+ilwt2d_roundtrip	db12	smooth	Medium	standalone	43.1261	0.0431261	0	0.0	False	build/lwt_2d exit code 1: Unknown option: --height; build/ilwt_2d exit code 1: Unknown option: --benchmark
2d	lwt2d+ilwt2d_roundtrip	db12	reflect	Medium	standalone	43.1261	0.0431261	0	0.0	False	build/lwt_2d exit code 1: Unknown option: --height; build/ilwt_2d exit code 1: Unknown option: --benchmark
2d	lwt2d+ilwt2d_roundtrip	db12	antireflect	Medium	standalone	43.1261	0.0431261	0	0.0	False	build/lwt_2d exit code 1: Unknown option: --height; build/ilwt_2d exit code 1: Unknown option: --benchmark
2d	lwt2d+ilwt2d_roundtrip	db13	symmetric	Large / Sensitive	standalone	2596.18	12.9809	0	0.0	False	build/lwt_2d exit code 1: Unknown option: --height; build/ilwt_2d exit code 1: Unknown option: --benchmark
2d	lwt2d+ilwt2d_roundtrip	db13	zero	Large / Sensitive	standalone	2596.18	12.9809	0	0.0	False	build/lwt_2d exit code 1: Unknown option: --height; build/ilwt_2d exit code 1: Unknown option: --benchmark
2d	lwt2d+ilwt2d_roundtrip	db13	constant	Large / Sensitive	standalone	2596.18	12.9809	0	0.0	False	build/lwt_2d exit code 1: Unknown option: --height; build/ilwt_2d exit code 1: Unknown option: --benchmark
2d	lwt2d+ilwt2d_roundtrip	db13	periodic	Large / Sensitive	standalone	2596.18	12.9809	0	0.0	False	build/lwt_2d exit code 1: Unknown option: --height; build/ilwt_2d exit code 1: Unknown option: --benchmark
2d	lwt2d+ilwt2d_roundtrip	db13	antisymmetric	Large / Sensitive	standalone	2596.18	12.9809	0	0.0	False	build/lwt_2d exit code 1: Unknown option: --height; build/ilwt_2d exit code 1: Unknown option: --benchmark
2d	lwt2d+ilwt2d_roundtrip	db13	smooth	Large / Sensitive	standalone	2596.18	12.9809	0	0.0	False	build/lwt_2d exit code 1: Unknown option: --height; build/ilwt_2d exit code 1: Unknown option: --benchmark
2d	lwt2d+ilwt2d_roundtrip	db13	reflect	Large / Sensitive	standalone	2596.18	12.9809	0	0.0	False	build/lwt_2d exit code 1: Unknown option: --height; build/ilwt_2d exit code 1: Unknown option: --benchmark
2d	lwt2d+ilwt2d_roundtrip	db13	antireflect	Large / Sensitive	standalone	2596.18	12.9809	0	0.0	False	build/lwt_2d exit code 1: Unknown option: --height; build/ilwt_2d exit code 1: Unknown option: --benchmark
2d	lwt2d+ilwt2d_roundtrip	db14	symmetric	Large / Sensitive	standalone	85.6274	0.428137	0	0.0	False	build/lwt_2d exit code 1: Unknown option: --height; build/ilwt_2d exit code 1: Unknown option: --benchmark
2d	lwt2d+ilwt2d_roundtrip	db14	zero	Large / Sensitive	standalone	85.6274	0.428137	0	0.0	False	build/lwt_2d exit code 1: Unknown option: --height; build/ilwt_2d exit code 1: Unknown option: --benchmark
2d	lwt2d+ilwt2d_roundtrip	db14	constant	Large / Sensitive	standalone	85.6274	0.428137	0	0.0	False	build/lwt_2d exit code 1: Unknown option: --height; build/ilwt_2d exit code 1: Unknown option: --benchmark
2d	lwt2d+ilwt2d_roundtrip	db14	periodic	Large / Sensitive	standalone	85.6274	0.428137	0	0.0	False	build/lwt_2d exit code 1: Unknown option: --height; build/ilwt_2d exit code 1: Unknown option: --benchmark
2d	lwt2d+ilwt2d_roundtrip	db14	antisymmetric	Large / Sensitive	standalone	85.6274	0.428137	0	0.0	False	build/lwt_2d exit code 1: Unknown option: --height; build/ilwt_2d exit code 1: Unknown option: --benchmark
2d	lwt2d+ilwt2d_roundtrip	db14	smooth	Large / Sensitive	standalone	85.6274	0.428137	0	0.0	False	build/lwt_2d exit code 1: Unknown option: --height; build/ilwt_2d exit code 1: Unknown option: --benchmark
2d	lwt2d+ilwt2d_roundtrip	db14	reflect	Large / Sensitive	standalone	85.6274	0.428137	0	0.0	False	build/lwt_2d exit code 1: Unknown option: --height; build/ilwt_2d exit code 1: Unknown option: --benchmark
2d	lwt2d+ilwt2d_roundtrip	db14	antireflect	Large / Sensitive	standalone	85.6274	0.428137	0	0.0	False	build/lwt_2d exit code 1: Unknown option: --height; build/ilwt_2d exit code 1: Unknown option: --benchmark
2d	lwt2d+ilwt2d_roundtrip	db15	symmetric	Large / Sensitive	standalone	6283.63	31.41815	0	0.0	False	build/lwt_2d exit code 1: Unknown option: --height; build/ilwt_2d exit code 1: Unknown option: --benchmark
2d	lwt2d+ilwt2d_roundtrip	db15	zero	Large / Sensitive	standalone	6283.63	31.41815	0	0.0	False	build/lwt_2d exit code 1: Unknown option: --height; build/ilwt_2d exit code 1: Unknown option: --benchmark
2d	lwt2d+ilwt2d_roundtrip	db15	constant	Large / Sensitive	standalone	6283.63	31.41815	0	0.0	False	build/lwt_2d exit code 1: Unknown option: --height; build/ilwt_2d exit code 1: Unknown option: --benchmark
2d	lwt2d+ilwt2d_roundtrip	db15	periodic	Large / Sensitive	standalone	6283.63	31.41815	0	0.0	False	build/lwt_2d exit code 1: Unknown option: --height; build/ilwt_2d exit code 1: Unknown option: --benchmark
2d	lwt2d+ilwt2d_roundtrip	db15	antisymmetric	Large / Sensitive	standalone	6283.63	31.41815	0	0.0	False	build/lwt_2d exit code 1: Unknown option: --height; build/ilwt_2d exit code 1: Unknown option: --benchmark
2d	lwt2d+ilwt2d_roundtrip	db15	smooth	Large / Sensitive	standalone	6283.63	31.41815	0	0.0	False	build/lwt_2d exit code 1: Unknown option: --height; build/ilwt_2d exit code 1: Unknown option: --benchmark
2d	lwt2d+ilwt2d_roundtrip	db15	reflect	Large / Sensitive	standalone	6283.63	31.41815	0	0.0	False	build/lwt_2d exit code 1: Unknown option: --height; build/ilwt_2d exit code 1: Unknown option: --benchmark
2d	lwt2d+ilwt2d_roundtrip	db15	antireflect	Large / Sensitive	standalone	6283.63	31.41815	0	0.0	False	build/lwt_2d exit code 1: Unknown option: --height; build/ilwt_2d exit code 1: Unknown option: --benchmark
2d	lwt2d+ilwt2d_roundtrip	db16	symmetric	Large / Sensitive	standalone	170.158	0.8507899999999999	0	0.0	False	build/lwt_2d exit code 1: Unknown option: --height; build/ilwt_2d exit code 1: Unknown option: --benchmark
2d	lwt2d+ilwt2d_roundtrip	db16	zero	Large / Sensitive	standalone	170.158	0.8507899999999999	0	0.0	False	build/lwt_2d exit code 1: Unknown option: --height; build/ilwt_2d exit code 1: Unknown option: --benchmark
2d	lwt2d+ilwt2d_roundtrip	db16	constant	Large / Sensitive	standalone	170.158	0.8507899999999999	0	0.0	False	build/lwt_2d exit code 1: Unknown option: --height; build/ilwt_2d exit code 1: Unknown option: --benchmark
2d	lwt2d+ilwt2d_roundtrip	db16	periodic	Large / Sensitive	standalone	170.158	0.8507899999999999	0	0.0	False	build/lwt_2d exit code 1: Unknown option: --height; build/ilwt_2d exit code 1: Unknown option: --benchmark
2d	lwt2d+ilwt2d_roundtrip	db16	antisymmetric	Large / Sensitive	standalone	170.158	0.8507899999999999	0	0.0	False	build/lwt_2d exit code 1: Unknown option: --height; build/ilwt_2d exit code 1: Unknown option: --benchmark
2d	lwt2d+ilwt2d_roundtrip	db16	smooth	Large / Sensitive	standalone	170.158	0.8507899999999999	0	0.0	False	build/lwt_2d exit code 1: Unknown option: --height; build/ilwt_2d exit code 1: Unknown option: --benchmark
2d	lwt2d+ilwt2d_roundtrip	db16	reflect	Large / Sensitive	standalone	170.158	0.8507899999999999	0	0.0	False	build/lwt_2d exit code 1: Unknown option: --height; build/ilwt_2d exit code 1: Unknown option: --benchmark
2d	lwt2d+ilwt2d_roundtrip	db16	antireflect	Large / Sensitive	standalone	170.158	0.8507899999999999	0	0.0	False	build/lwt_2d exit code 1: Unknown option: --height; build/ilwt_2d exit code 1: Unknown option: --benchmark
2d	lwt2d+ilwt2d_roundtrip	db17	symmetric	Large / Sensitive	standalone	15893.3	79.4665	0	0.0	False	build/lwt_2d exit code 1: Unknown option: --height; build/ilwt_2d exit code 1: Unknown option: --benchmark
2d	lwt2d+ilwt2d_roundtrip	db17	zero	Large / Sensitive	standalone	15893.3	79.4665	0	0.0	False	build/lwt_2d exit code 1: Unknown option: --height; build/ilwt_2d exit code 1: Unknown option: --benchmark
2d	lwt2d+ilwt2d_roundtrip	db17	constant	Large / Sensitive	standalone	15893.3	79.4665	0	0.0	False	build/lwt_2d exit code 1: Unknown option: --height; build/ilwt_2d exit code 1: Unknown option: --benchmark
2d	lwt2d+ilwt2d_roundtrip	db17	periodic	Large / Sensitive	standalone	15893.3	79.4665	0	0.0	False	build/lwt_2d exit code 1: Unknown option: --height; build/ilwt_2d exit code 1: Unknown option: --benchmark
2d	lwt2d+ilwt2d_roundtrip	db17	antisymmetric	Large / Sensitive	standalone	15893.3	79.4665	0	0.0	False	build/lwt_2d exit code 1: Unknown option: --height; build/ilwt_2d exit code 1: Unknown option: --benchmark
2d	lwt2d+ilwt2d_roundtrip	db17	smooth	Large / Sensitive	standalone	15893.3	79.4665	0	0.0	False	build/lwt_2d exit code 1: Unknown option: --height; build/ilwt_2d exit code 1: Unknown option: --benchmark
2d	lwt2d+ilwt2d_roundtrip	db17	reflect	Large / Sensitive	standalone	15893.3	79.4665	0	0.0	False	build/lwt_2d exit code 1: Unknown option: --height; build/ilwt_2d exit code 1: Unknown option: --benchmark
2d	lwt2d+ilwt2d_roundtrip	db17	antireflect	Large / Sensitive	standalone	15893.3	79.4665	0	0.0	False	build/lwt_2d exit code 1: Unknown option: --height; build/ilwt_2d exit code 1: Unknown option: --benchmark
2d	lwt2d+ilwt2d_roundtrip	db18	symmetric	Large / Sensitive	standalone	487.219	2.436095	0	0.0	False	build/lwt_2d exit code 1: Unknown option: --height; build/ilwt_2d exit code 1: Unknown option: --benchmark
2d	lwt2d+ilwt2d_roundtrip	db18	zero	Large / Sensitive	standalone	487.219	2.436095	0	0.0	False	build/lwt_2d exit code 1: Unknown option: --height; build/ilwt_2d exit code 1: Unknown option: --benchmark
2d	lwt2d+ilwt2d_roundtrip	db18	constant	Large / Sensitive	standalone	487.219	2.436095	0	0.0	False	build/lwt_2d exit code 1: Unknown option: --height; build/ilwt_2d exit code 1: Unknown option: --benchmark
2d	lwt2d+ilwt2d_roundtrip	db18	periodic	Large / Sensitive	standalone	487.219	2.436095	0	0.0	False	build/lwt_2d exit code 1: Unknown option: --height; build/ilwt_2d exit code 1: Unknown option: --benchmark
2d	lwt2d+ilwt2d_roundtrip	db18	antisymmetric	Large / Sensitive	standalone	487.219	2.436095	0	0.0	False	build/lwt_2d exit code 1: Unknown option: --height; build/ilwt_2d exit code 1: Unknown option: --benchmark
2d	lwt2d+ilwt2d_roundtrip	db18	smooth	Large / Sensitive	standalone	487.219	2.436095	0	0.0	False	build/lwt_2d exit code 1: Unknown option: --height; build/ilwt_2d exit code 1: Unknown option: --benchmark
2d	lwt2d+ilwt2d_roundtrip	db18	reflect	Large / Sensitive	standalone	487.219	2.436095	0	0.0	False	build/lwt_2d exit code 1: Unknown option: --height; build/ilwt_2d exit code 1: Unknown option: --benchmark
2d	lwt2d+ilwt2d_roundtrip	db18	antireflect	Large / Sensitive	standalone	487.219	2.436095	0	0.0	False	build/lwt_2d exit code 1: Unknown option: --height; build/ilwt_2d exit code 1: Unknown option: --benchmark
2d	lwt2d+ilwt2d_roundtrip	db19	symmetric	Large / Sensitive	standalone	105101	525.505	0	0.0	False	build/lwt_2d exit code 1: Unknown option: --height; build/ilwt_2d exit code 1: Unknown option: --benchmark
2d	lwt2d+ilwt2d_roundtrip	db19	zero	Large / Sensitive	standalone	105101	525.505	0	0.0	False	build/lwt_2d exit code 1: Unknown option: --height; build/ilwt_2d exit code 1: Unknown option: --benchmark
2d	lwt2d+ilwt2d_roundtrip	db19	constant	Large / Sensitive	standalone	105101	525.505	0	0.0	False	build/lwt_2d exit code 1: Unknown option: --height; build/ilwt_2d exit code 1: Unknown option: --benchmark
2d	lwt2d+ilwt2d_roundtrip	db19	periodic	Large / Sensitive	standalone	105101	525.505	0	0.0	False	build/lwt_2d exit code 1: Unknown option: --height; build/ilwt_2d exit code 1: Unknown option: --benchmark
2d	lwt2d+ilwt2d_roundtrip	db19	antisymmetric	Large / Sensitive	standalone	105101	525.505	0	0.0	False	build/lwt_2d exit code 1: Unknown option: --height; build/ilwt_2d exit code 1: Unknown option: --benchmark
2d	lwt2d+ilwt2d_roundtrip	db19	smooth	Large / Sensitive	standalone	105101	525.505	0	0.0	False	build/lwt_2d exit code 1: Unknown option: --height; build/ilwt_2d exit code 1: Unknown option: --benchmark
2d	lwt2d+ilwt2d_roundtrip	db19	reflect	Large / Sensitive	standalone	105101	525.505	0	0.0	False	build/lwt_2d exit code 1: Unknown option: --height; build/ilwt_2d exit code 1: Unknown option: --benchmark
2d	lwt2d+ilwt2d_roundtrip	db19	antireflect	Large / Sensitive	standalone	105101	525.505	0	0.0	False	build/lwt_2d exit code 1: Unknown option: --height; build/ilwt_2d exit code 1: Unknown option: --benchmark
2d	lwt2d+ilwt2d_roundtrip	db2	symmetric	Compact	standalone	1.11536	0.000111536	0	0.0	False	build/lwt_2d exit code 1: Unknown option: --height; build/ilwt_2d exit code 1: Unknown option: --benchmark
2d	lwt2d+ilwt2d_roundtrip	db2	zero	Compact	standalone	1.11536	0.000111536	0	0.0	False	build/lwt_2d exit code 1: Unknown option: --height; build/ilwt_2d exit code 1: Unknown option: --benchmark
2d	lwt2d+ilwt2d_roundtrip	db2	constant	Compact	standalone	1.11536	0.000111536	0	0.0	False	build/lwt_2d exit code 1: Unknown option: --height; build/ilwt_2d exit code 1: Unknown option: --benchmark
2d	lwt2d+ilwt2d_roundtrip	db2	periodic	Compact	standalone	1.11536	0.000111536	0	0.0	False	build/lwt_2d exit code 1: Unknown option: --height; build/ilwt_2d exit code 1: Unknown option: --benchmark
2d	lwt2d+ilwt2d_roundtrip	db2	antisymmetric	Compact	standalone	1.11536	0.000111536	0	0.0	False	build/lwt_2d exit code 1: Unknown option: --height; build/ilwt_2d exit code 1: Unknown option: --benchmark
2d	lwt2d+ilwt2d_roundtrip	db2	smooth	Compact	standalone	1.11536	0.000111536	0	0.0	False	build/lwt_2d exit code 1: Unknown option: --height; build/ilwt_2d exit code 1: Unknown option: --benchmark
2d	lwt2d+ilwt2d_roundtrip	db2	reflect	Compact	standalone	1.11536	0.000111536	0	0.0	False	build/lwt_2d exit code 1: Unknown option: --height; build/ilwt_2d exit code 1: Unknown option: --benchmark
2d	lwt2d+ilwt2d_roundtrip	db2	antireflect	Compact	standalone	1.11536	0.000111536	0	0.0	False	build/lwt_2d exit code 1: Unknown option: --height; build/ilwt_2d exit code 1: Unknown option: --benchmark
2d	lwt2d+ilwt2d_roundtrip	db20	symmetric	Large / Sensitive	standalone	609.252	3.0462599999999997	0	0.0	False	build/lwt_2d exit code 1: Unknown option: --height; build/ilwt_2d exit code 1: Unknown option: --benchmark
2d	lwt2d+ilwt2d_roundtrip	db20	zero	Large / Sensitive	standalone	609.252	3.0462599999999997	0	0.0	False	build/lwt_2d exit code 1: Unknown option: --height; build/ilwt_2d exit code 1: Unknown option: --benchmark
2d	lwt2d+ilwt2d_roundtrip	db20	constant	Large / Sensitive	standalone	609.252	3.0462599999999997	0	0.0	False	build/lwt_2d exit code 1: Unknown option: --height; build/ilwt_2d exit code 1: Unknown option: --benchmark
2d	lwt2d+ilwt2d_roundtrip	db20	periodic	Large / Sensitive	standalone	609.252	3.0462599999999997	0	0.0	False	build/lwt_2d exit code 1: Unknown option: --height; build/ilwt_2d exit code 1: Unknown option: --benchmark
2d	lwt2d+ilwt2d_roundtrip	db20	antisymmetric	Large / Sensitive	standalone	609.252	3.0462599999999997	0	0.0	False	build/lwt_2d exit code 1: Unknown option: --height; build/ilwt_2d exit code 1: Unknown option: --benchmark
2d	lwt2d+ilwt2d_roundtrip	db20	smooth	Large / Sensitive	standalone	609.252	3.0462599999999997	0	0.0	False	build/lwt_2d exit code 1: Unknown option: --height; build/ilwt_2d exit code 1: Unknown option: --benchmark
2d	lwt2d+ilwt2d_roundtrip	db20	reflect	Large / Sensitive	standalone	609.252	3.0462599999999997	0	0.0	False	build/lwt_2d exit code 1: Unknown option: --height; build/ilwt_2d exit code 1: Unknown option: --benchmark
2d	lwt2d+ilwt2d_roundtrip	db20	antireflect	Large / Sensitive	standalone	609.252	3.0462599999999997	0	0.0	False	build/lwt_2d exit code 1: Unknown option: --height; build/ilwt_2d exit code 1: Unknown option: --benchmark
2d	lwt2d+ilwt2d_roundtrip	db21	symmetric	Large / Sensitive	standalone	2710.08	13.5504	0	0.0	False	build/lwt_2d exit code 1: Unknown option: --height; build/ilwt_2d exit code 1: Unknown option: --benchmark
2d	lwt2d+ilwt2d_roundtrip	db21	zero	Large / Sensitive	standalone	2710.08	13.5504	0	0.0	False	build/lwt_2d exit code 1: Unknown option: --height; build/ilwt_2d exit code 1: Unknown option: --benchmark
2d	lwt2d+ilwt2d_roundtrip	db21	constant	Large / Sensitive	standalone	2710.08	13.5504	0	0.0	False	build/lwt_2d exit code 1: Unknown option: --height; build/ilwt_2d exit code 1: Unknown option: --benchmark
2d	lwt2d+ilwt2d_roundtrip	db21	periodic	Large / Sensitive	standalone	2710.08	13.5504	0	0.0	False	build/lwt_2d exit code 1: Unknown option: --height; build/ilwt_2d exit code 1: Unknown option: --benchmark
2d	lwt2d+ilwt2d_roundtrip	db21	antisymmetric	Large / Sensitive	standalone	2710.08	13.5504	0	0.0	False	build/lwt_2d exit code 1: Unknown option: --height; build/ilwt_2d exit code 1: Unknown option: --benchmark
2d	lwt2d+ilwt2d_roundtrip	db21	smooth	Large / Sensitive	standalone	2710.08	13.5504	0	0.0	False	build/lwt_2d exit code 1: Unknown option: --height; build/ilwt_2d exit code 1: Unknown option: --benchmark
2d	lwt2d+ilwt2d_roundtrip	db21	reflect	Large / Sensitive	standalone	2710.08	13.5504	0	0.0	False	build/lwt_2d exit code 1: Unknown option: --height; build/ilwt_2d exit code 1: Unknown option: --benchmark
2d	lwt2d+ilwt2d_roundtrip	db21	antireflect	Large / Sensitive	standalone	2710.08	13.5504	0	0.0	False	build/lwt_2d exit code 1: Unknown option: --height; build/ilwt_2d exit code 1: Unknown option: --benchmark
2d	lwt2d+ilwt2d_roundtrip	db22	symmetric	Large / Sensitive	standalone	15693.6	78.468	0	0.0	False	build/lwt_2d exit code 1: Unknown option: --height; build/ilwt_2d exit code 1: Unknown option: --benchmark
2d	lwt2d+ilwt2d_roundtrip	db22	zero	Large / Sensitive	standalone	15693.6	78.468	0	0.0	False	build/lwt_2d exit code 1: Unknown option: --height; build/ilwt_2d exit code 1: Unknown option: --benchmark
2d	lwt2d+ilwt2d_roundtrip	db22	constant	Large / Sensitive	standalone	15693.6	78.468	0	0.0	False	build/lwt_2d exit code 1: Unknown option: --height; build/ilwt_2d exit code 1: Unknown option: --benchmark
2d	lwt2d+ilwt2d_roundtrip	db22	periodic	Large / Sensitive	standalone	15693.6	78.468	0	0.0	False	build/lwt_2d exit code 1: Unknown option: --height; build/ilwt_2d exit code 1: Unknown option: --benchmark
2d	lwt2d+ilwt2d_roundtrip	db22	antisymmetric	Large / Sensitive	standalone	15693.6	78.468	0	0.0	False	build/lwt_2d exit code 1: Unknown option: --height; build/ilwt_2d exit code 1: Unknown option: --benchmark
2d	lwt2d+ilwt2d_roundtrip	db22	smooth	Large / Sensitive	standalone	15693.6	78.468	0	0.0	False	build/lwt_2d exit code 1: Unknown option: --height; build/ilwt_2d exit code 1: Unknown option: --benchmark
2d	lwt2d+ilwt2d_roundtrip	db22	reflect	Large / Sensitive	standalone	15693.6	78.468	0	0.0	False	build/lwt_2d exit code 1: Unknown option: --height; build/ilwt_2d exit code 1: Unknown option: --benchmark
2d	lwt2d+ilwt2d_roundtrip	db22	antireflect	Large / Sensitive	standalone	15693.6	78.468	0	0.0	False	build/lwt_2d exit code 1: Unknown option: --height; build/ilwt_2d exit code 1: Unknown option: --benchmark
2d	lwt2d+ilwt2d_roundtrip	db23	symmetric	Large / Sensitive	standalone	1207.55	6.03775	0	0.0	False	build/lwt_2d exit code 1: Unknown option: --height; build/ilwt_2d exit code 1: Unknown option: --benchmark
2d	lwt2d+ilwt2d_roundtrip	db23	zero	Large / Sensitive	standalone	1207.55	6.03775	0	0.0	False	build/lwt_2d exit code 1: Unknown option: --height; build/ilwt_2d exit code 1: Unknown option: --benchmark
2d	lwt2d+ilwt2d_roundtrip	db23	constant	Large / Sensitive	standalone	1207.55	6.03775	0	0.0	False	build/lwt_2d exit code 1: Unknown option: --height; build/ilwt_2d exit code 1: Unknown option: --benchmark
2d	lwt2d+ilwt2d_roundtrip	db23	periodic	Large / Sensitive	standalone	1207.55	6.03775	0	0.0	False	build/lwt_2d exit code 1: Unknown option: --height; build/ilwt_2d exit code 1: Unknown option: --benchmark
2d	lwt2d+ilwt2d_roundtrip	db23	antisymmetric	Large / Sensitive	standalone	1207.55	6.03775	0	0.0	False	build/lwt_2d exit code 1: Unknown option: --height; build/ilwt_2d exit code 1: Unknown option: --benchmark
2d	lwt2d+ilwt2d_roundtrip	db23	smooth	Large / Sensitive	standalone	1207.55	6.03775	0	0.0	False	build/lwt_2d exit code 1: Unknown option: --height; build/ilwt_2d exit code 1: Unknown option: --benchmark
2d	lwt2d+ilwt2d_roundtrip	db23	reflect	Large / Sensitive	standalone	1207.55	6.03775	0	0.0	False	build/lwt_2d exit code 1: Unknown option: --height; build/ilwt_2d exit code 1: Unknown option: --benchmark
2d	lwt2d+ilwt2d_roundtrip	db23	antireflect	Large / Sensitive	standalone	1207.55	6.03775	0	0.0	False	build/lwt_2d exit code 1: Unknown option: --height; build/ilwt_2d exit code 1: Unknown option: --benchmark
2d	lwt2d+ilwt2d_roundtrip	db24	symmetric	Large / Sensitive	standalone	840.317	4.201585	0	0.0	False	build/lwt_2d exit code 1: Unknown option: --height; build/ilwt_2d exit code 1: Unknown option: --benchmark
2d	lwt2d+ilwt2d_roundtrip	db24	zero	Large / Sensitive	standalone	840.317	4.201585	0	0.0	False	build/lwt_2d exit code 1: Unknown option: --height; build/ilwt_2d exit code 1: Unknown option: --benchmark
2d	lwt2d+ilwt2d_roundtrip	db24	constant	Large / Sensitive	standalone	840.317	4.201585	0	0.0	False	build/lwt_2d exit code 1: Unknown option: --height; build/ilwt_2d exit code 1: Unknown option: --benchmark
2d	lwt2d+ilwt2d_roundtrip	db24	periodic	Large / Sensitive	standalone	840.317	4.201585	0	0.0	False	build/lwt_2d exit code 1: Unknown option: --height; build/ilwt_2d exit code 1: Unknown option: --benchmark
2d	lwt2d+ilwt2d_roundtrip	db24	antisymmetric	Large / Sensitive	standalone	840.317	4.201585	0	0.0	False	build/lwt_2d exit code 1: Unknown option: --height; build/ilwt_2d exit code 1: Unknown option: --benchmark
2d	lwt2d+ilwt2d_roundtrip	db24	smooth	Large / Sensitive	standalone	840.317	4.201585	0	0.0	False	build/lwt_2d exit code 1: Unknown option: --height; build/ilwt_2d exit code 1: Unknown option: --benchmark
2d	lwt2d+ilwt2d_roundtrip	db24	reflect	Large / Sensitive	standalone	840.317	4.201585	0	0.0	False	build/lwt_2d exit code 1: Unknown option: --height; build/ilwt_2d exit code 1: Unknown option: --benchmark
2d	lwt2d+ilwt2d_roundtrip	db24	antireflect	Large / Sensitive	standalone	840.317	4.201585	0	0.0	False	build/lwt_2d exit code 1: Unknown option: --height; build/ilwt_2d exit code 1: Unknown option: --benchmark
2d	lwt2d+ilwt2d_roundtrip	db25	symmetric	Large / Sensitive	standalone	6606.6	33.033	0	0.0	False	build/lwt_2d exit code 1: Unknown option: --height; build/ilwt_2d exit code 1: Unknown option: --benchmark
2d	lwt2d+ilwt2d_roundtrip	db25	zero	Large / Sensitive	standalone	6606.6	33.033	0	0.0	False	build/lwt_2d exit code 1: Unknown option: --height; build/ilwt_2d exit code 1: Unknown option: --benchmark
2d	lwt2d+ilwt2d_roundtrip	db25	constant	Large / Sensitive	standalone	6606.6	33.033	0	0.0	False	build/lwt_2d exit code 1: Unknown option: --height; build/ilwt_2d exit code 1: Unknown option: --benchmark
2d	lwt2d+ilwt2d_roundtrip	db25	periodic	Large / Sensitive	standalone	6606.6	33.033	0	0.0	False	build/lwt_2d exit code 1: Unknown option: --height; build/ilwt_2d exit code 1: Unknown option: --benchmark
2d	lwt2d+ilwt2d_roundtrip	db25	antisymmetric	Large / Sensitive	standalone	6606.6	33.033	0	0.0	False	build/lwt_2d exit code 1: Unknown option: --height; build/ilwt_2d exit code 1: Unknown option: --benchmark
2d	lwt2d+ilwt2d_roundtrip	db25	smooth	Large / Sensitive	standalone	6606.6	33.033	0	0.0	False	build/lwt_2d exit code 1: Unknown option: --height; build/ilwt_2d exit code 1: Unknown option: --benchmark
2d	lwt2d+ilwt2d_roundtrip	db25	reflect	Large / Sensitive	standalone	6606.6	33.033	0	0.0	False	build/lwt_2d exit code 1: Unknown option: --height; build/ilwt_2d exit code 1: Unknown option: --benchmark
2d	lwt2d+ilwt2d_roundtrip	db25	antireflect	Large / Sensitive	standalone	6606.6	33.033	0	0.0	False	build/lwt_2d exit code 1: Unknown option: --height; build/ilwt_2d exit code 1: Unknown option: --benchmark
2d	lwt2d+ilwt2d_roundtrip	db26	symmetric	Large / Sensitive	standalone	55897.7	279.4885	0	0.0	False	build/lwt_2d exit code 1: Unknown option: --height; build/ilwt_2d exit code 1: Unknown option: --benchmark
2d	lwt2d+ilwt2d_roundtrip	db26	zero	Large / Sensitive	standalone	55897.7	279.4885	0	0.0	False	build/lwt_2d exit code 1: Unknown option: --height; build/ilwt_2d exit code 1: Unknown option: --benchmark
2d	lwt2d+ilwt2d_roundtrip	db26	constant	Large / Sensitive	standalone	55897.7	279.4885	0	0.0	False	build/lwt_2d exit code 1: Unknown option: --height; build/ilwt_2d exit code 1: Unknown option: --benchmark
2d	lwt2d+ilwt2d_roundtrip	db26	periodic	Large / Sensitive	standalone	55897.7	279.4885	0	0.0	False	build/lwt_2d exit code 1: Unknown option: --height; build/ilwt_2d exit code 1: Unknown option: --benchmark
2d	lwt2d+ilwt2d_roundtrip	db26	antisymmetric	Large / Sensitive	standalone	55897.7	279.4885	0	0.0	False	build/lwt_2d exit code 1: Unknown option: --height; build/ilwt_2d exit code 1: Unknown option: --benchmark
2d	lwt2d+ilwt2d_roundtrip	db26	smooth	Large / Sensitive	standalone	55897.7	279.4885	0	0.0	False	build/lwt_2d exit code 1: Unknown option: --height; build/ilwt_2d exit code 1: Unknown option: --benchmark
2d	lwt2d+ilwt2d_roundtrip	db26	reflect	Large / Sensitive	standalone	55897.7	279.4885	0	0.0	False	build/lwt_2d exit code 1: Unknown option: --height; build/ilwt_2d exit code 1: Unknown option: --benchmark
2d	lwt2d+ilwt2d_roundtrip	db26	antireflect	Large / Sensitive	standalone	55897.7	279.4885	0	0.0	False	build/lwt_2d exit code 1: Unknown option: --height; build/ilwt_2d exit code 1: Unknown option: --benchmark
2d	lwt2d+ilwt2d_roundtrip	db27	symmetric	Large / Sensitive	standalone	285776	1428.88	0	0.0	False	build/lwt_2d exit code 1: Unknown option: --height; build/ilwt_2d exit code 1: Unknown option: --benchmark
2d	lwt2d+ilwt2d_roundtrip	db27	zero	Large / Sensitive	standalone	285776	1428.88	0	0.0	False	build/lwt_2d exit code 1: Unknown option: --height; build/ilwt_2d exit code 1: Unknown option: --benchmark
2d	lwt2d+ilwt2d_roundtrip	db27	constant	Large / Sensitive	standalone	285776	1428.88	0	0.0	False	build/lwt_2d exit code 1: Unknown option: --height; build/ilwt_2d exit code 1: Unknown option: --benchmark
2d	lwt2d+ilwt2d_roundtrip	db27	periodic	Large / Sensitive	standalone	285776	1428.88	0	0.0	False	build/lwt_2d exit code 1: Unknown option: --height; build/ilwt_2d exit code 1: Unknown option: --benchmark
2d	lwt2d+ilwt2d_roundtrip	db27	antisymmetric	Large / Sensitive	standalone	285776	1428.88	0	0.0	False	build/lwt_2d exit code 1: Unknown option: --height; build/ilwt_2d exit code 1: Unknown option: --benchmark
2d	lwt2d+ilwt2d_roundtrip	db27	smooth	Large / Sensitive	standalone	285776	1428.88	0	0.0	False	build/lwt_2d exit code 1: Unknown option: --height; build/ilwt_2d exit code 1: Unknown option: --benchmark
2d	lwt2d+ilwt2d_roundtrip	db27	reflect	Large / Sensitive	standalone	285776	1428.88	0	0.0	False	build/lwt_2d exit code 1: Unknown option: --height; build/ilwt_2d exit code 1: Unknown option: --benchmark
2d	lwt2d+ilwt2d_roundtrip	db27	antireflect	Large / Sensitive	standalone	285776	1428.88	0	0.0	False	build/lwt_2d exit code 1: Unknown option: --height; build/ilwt_2d exit code 1: Unknown option: --benchmark
2d	lwt2d+ilwt2d_roundtrip	db28	symmetric	Large / Sensitive	standalone	13871.4	69.357	0	0.0	False	build/lwt_2d exit code 1: Unknown option: --height; build/ilwt_2d exit code 1: Unknown option: --benchmark
2d	lwt2d+ilwt2d_roundtrip	db28	zero	Large / Sensitive	standalone	13871.4	69.357	0	0.0	False	build/lwt_2d exit code 1: Unknown option: --height; build/ilwt_2d exit code 1: Unknown option: --benchmark
2d	lwt2d+ilwt2d_roundtrip	db28	constant	Large / Sensitive	standalone	13871.4	69.357	0	0.0	False	build/lwt_2d exit code 1: Unknown option: --height; build/ilwt_2d exit code 1: Unknown option: --benchmark
2d	lwt2d+ilwt2d_roundtrip	db28	periodic	Large / Sensitive	standalone	13871.4	69.357	0	0.0	False	build/lwt_2d exit code 1: Unknown option: --height; build/ilwt_2d exit code 1: Unknown option: --benchmark
2d	lwt2d+ilwt2d_roundtrip	db28	antisymmetric	Large / Sensitive	standalone	13871.4	69.357	0	0.0	False	build/lwt_2d exit code 1: Unknown option: --height; build/ilwt_2d exit code 1: Unknown option: --benchmark
2d	lwt2d+ilwt2d_roundtrip	db28	smooth	Large / Sensitive	standalone	13871.4	69.357	0	0.0	False	build/lwt_2d exit code 1: Unknown option: --height; build/ilwt_2d exit code 1: Unknown option: --benchmark
2d	lwt2d+ilwt2d_roundtrip	db28	reflect	Large / Sensitive	standalone	13871.4	69.357	0	0.0	False	build/lwt_2d exit code 1: Unknown option: --height; build/ilwt_2d exit code 1: Unknown option: --benchmark
2d	lwt2d+ilwt2d_roundtrip	db28	antireflect	Large / Sensitive	standalone	13871.4	69.357	0	0.0	False	build/lwt_2d exit code 1: Unknown option: --height; build/ilwt_2d exit code 1: Unknown option: --benchmark
2d	lwt2d+ilwt2d_roundtrip	db29	symmetric	Large / Sensitive	standalone	2022890.0	10114.45	0	0.0	False	build/lwt_2d exit code 1: Unknown option: --height; build/ilwt_2d exit code 1: Unknown option: --benchmark
2d	lwt2d+ilwt2d_roundtrip	db29	zero	Large / Sensitive	standalone	2022890.0	10114.45	0	0.0	False	build/lwt_2d exit code 1: Unknown option: --height; build/ilwt_2d exit code 1: Unknown option: --benchmark
2d	lwt2d+ilwt2d_roundtrip	db29	constant	Large / Sensitive	standalone	2022890.0	10114.45	0	0.0	False	build/lwt_2d exit code 1: Unknown option: --height; build/ilwt_2d exit code 1: Unknown option: --benchmark
2d	lwt2d+ilwt2d_roundtrip	db29	periodic	Large / Sensitive	standalone	2022890.0	10114.45	0	0.0	False	build/lwt_2d exit code 1: Unknown option: --height; build/ilwt_2d exit code 1: Unknown option: --benchmark
2d	lwt2d+ilwt2d_roundtrip	db29	antisymmetric	Large / Sensitive	standalone	2022890.0	10114.45	0	0.0	False	build/lwt_2d exit code 1: Unknown option: --height; build/ilwt_2d exit code 1: Unknown option: --benchmark
2d	lwt2d+ilwt2d_roundtrip	db29	smooth	Large / Sensitive	standalone	2022890.0	10114.45	0	0.0	False	build/lwt_2d exit code 1: Unknown option: --height; build/ilwt_2d exit code 1: Unknown option: --benchmark
2d	lwt2d+ilwt2d_roundtrip	db29	reflect	Large / Sensitive	standalone	2022890.0	10114.45	0	0.0	False	build/lwt_2d exit code 1: Unknown option: --height; build/ilwt_2d exit code 1: Unknown option: --benchmark
2d	lwt2d+ilwt2d_roundtrip	db29	antireflect	Large / Sensitive	standalone	2022890.0	10114.45	0	0.0	False	build/lwt_2d exit code 1: Unknown option: --height; build/ilwt_2d exit code 1: Unknown option: --benchmark
2d	lwt2d+ilwt2d_roundtrip	db3	symmetric	Compact	standalone	14.932	0.0014932	0	0.0	False	build/lwt_2d exit code 1: Unknown option: --height; build/ilwt_2d exit code 1: Unknown option: --benchmark
2d	lwt2d+ilwt2d_roundtrip	db3	zero	Compact	standalone	14.932	0.0014932	0	0.0	False	build/lwt_2d exit code 1: Unknown option: --height; build/ilwt_2d exit code 1: Unknown option: --benchmark
2d	lwt2d+ilwt2d_roundtrip	db3	constant	Compact	standalone	14.932	0.0014932	0	0.0	False	build/lwt_2d exit code 1: Unknown option: --height; build/ilwt_2d exit code 1: Unknown option: --benchmark
2d	lwt2d+ilwt2d_roundtrip	db3	periodic	Compact	standalone	14.932	0.0014932	0	0.0	False	build/lwt_2d exit code 1: Unknown option: --height; build/ilwt_2d exit code 1: Unknown option: --benchmark
2d	lwt2d+ilwt2d_roundtrip	db3	antisymmetric	Compact	standalone	14.932	0.0014932	0	0.0	False	build/lwt_2d exit code 1: Unknown option: --height; build/ilwt_2d exit code 1: Unknown option: --benchmark
2d	lwt2d+ilwt2d_roundtrip	db3	smooth	Compact	standalone	14.932	0.0014932	0	0.0	False	build/lwt_2d exit code 1: Unknown option: --height; build/ilwt_2d exit code 1: Unknown option: --benchmark
2d	lwt2d+ilwt2d_roundtrip	db3	reflect	Compact	standalone	14.932	0.0014932	0	0.0	False	build/lwt_2d exit code 1: Unknown option: --height; build/ilwt_2d exit code 1: Unknown option: --benchmark
2d	lwt2d+ilwt2d_roundtrip	db3	antireflect	Compact	standalone	14.932	0.0014932	0	0.0	False	build/lwt_2d exit code 1: Unknown option: --height; build/ilwt_2d exit code 1: Unknown option: --benchmark
2d	lwt2d+ilwt2d_roundtrip	db30	symmetric	Large / Sensitive	standalone	132646	663.23	0	0.0	False	build/lwt_2d exit code 1: Unknown option: --height; build/ilwt_2d exit code 1: Unknown option: --benchmark
2d	lwt2d+ilwt2d_roundtrip	db30	zero	Large / Sensitive	standalone	132646	663.23	0	0.0	False	build/lwt_2d exit code 1: Unknown option: --height; build/ilwt_2d exit code 1: Unknown option: --benchmark
2d	lwt2d+ilwt2d_roundtrip	db30	constant	Large / Sensitive	standalone	132646	663.23	0	0.0	False	build/lwt_2d exit code 1: Unknown option: --height; build/ilwt_2d exit code 1: Unknown option: --benchmark
2d	lwt2d+ilwt2d_roundtrip	db30	periodic	Large / Sensitive	standalone	132646	663.23	0	0.0	False	build/lwt_2d exit code 1: Unknown option: --height; build/ilwt_2d exit code 1: Unknown option: --benchmark
2d	lwt2d+ilwt2d_roundtrip	db30	antisymmetric	Large / Sensitive	standalone	132646	663.23	0	0.0	False	build/lwt_2d exit code 1: Unknown option: --height; build/ilwt_2d exit code 1: Unknown option: --benchmark
2d	lwt2d+ilwt2d_roundtrip	db30	smooth	Large / Sensitive	standalone	132646	663.23	0	0.0	False	build/lwt_2d exit code 1: Unknown option: --height; build/ilwt_2d exit code 1: Unknown option: --benchmark
2d	lwt2d+ilwt2d_roundtrip	db30	reflect	Large / Sensitive	standalone	132646	663.23	0	0.0	False	build/lwt_2d exit code 1: Unknown option: --height; build/ilwt_2d exit code 1: Unknown option: --benchmark
2d	lwt2d+ilwt2d_roundtrip	db30	antireflect	Large / Sensitive	standalone	132646	663.23	0	0.0	False	build/lwt_2d exit code 1: Unknown option: --height; build/ilwt_2d exit code 1: Unknown option: --benchmark
2d	lwt2d+ilwt2d_roundtrip	db31	symmetric	Large / Sensitive	standalone	57852.8	289.264	0	0.0	False	build/lwt_2d exit code 1: Unknown option: --height; build/ilwt_2d exit code 1: Unknown option: --benchmark
2d	lwt2d+ilwt2d_roundtrip	db31	zero	Large / Sensitive	standalone	57852.8	289.264	0	0.0	False	build/lwt_2d exit code 1: Unknown option: --height; build/ilwt_2d exit code 1: Unknown option: --benchmark
2d	lwt2d+ilwt2d_roundtrip	db31	constant	Large / Sensitive	standalone	57852.8	289.264	0	0.0	False	build/lwt_2d exit code 1: Unknown option: --height; build/ilwt_2d exit code 1: Unknown option: --benchmark
2d	lwt2d+ilwt2d_roundtrip	db31	periodic	Large / Sensitive	standalone	57852.8	289.264	0	0.0	False	build/lwt_2d exit code 1: Unknown option: --height; build/ilwt_2d exit code 1: Unknown option: --benchmark
2d	lwt2d+ilwt2d_roundtrip	db31	antisymmetric	Large / Sensitive	standalone	57852.8	289.264	0	0.0	False	build/lwt_2d exit code 1: Unknown option: --height; build/ilwt_2d exit code 1: Unknown option: --benchmark
2d	lwt2d+ilwt2d_roundtrip	db31	smooth	Large / Sensitive	standalone	57852.8	289.264	0	0.0	False	build/lwt_2d exit code 1: Unknown option: --height; build/ilwt_2d exit code 1: Unknown option: --benchmark
2d	lwt2d+ilwt2d_roundtrip	db31	reflect	Large / Sensitive	standalone	57852.8	289.264	0	0.0	False	build/lwt_2d exit code 1: Unknown option: --height; build/ilwt_2d exit code 1: Unknown option: --benchmark
2d	lwt2d+ilwt2d_roundtrip	db31	antireflect	Large / Sensitive	standalone	57852.8	289.264	0	0.0	False	build/lwt_2d exit code 1: Unknown option: --height; build/ilwt_2d exit code 1: Unknown option: --benchmark
2d	lwt2d+ilwt2d_roundtrip	db32	symmetric	Large / Sensitive	standalone	2473.4	12.367	0	0.0	False	build/lwt_2d exit code 1: Unknown option: --height; build/ilwt_2d exit code 1: Unknown option: --benchmark
2d	lwt2d+ilwt2d_roundtrip	db32	zero	Large / Sensitive	standalone	2473.4	12.367	0	0.0	False	build/lwt_2d exit code 1: Unknown option: --height; build/ilwt_2d exit code 1: Unknown option: --benchmark
2d	lwt2d+ilwt2d_roundtrip	db32	constant	Large / Sensitive	standalone	2473.4	12.367	0	0.0	False	build/lwt_2d exit code 1: Unknown option: --height; build/ilwt_2d exit code 1: Unknown option: --benchmark
2d	lwt2d+ilwt2d_roundtrip	db32	periodic	Large / Sensitive	standalone	2473.4	12.367	0	0.0	False	build/lwt_2d exit code 1: Unknown option: --height; build/ilwt_2d exit code 1: Unknown option: --benchmark
2d	lwt2d+ilwt2d_roundtrip	db32	antisymmetric	Large / Sensitive	standalone	2473.4	12.367	0	0.0	False	build/lwt_2d exit code 1: Unknown option: --height; build/ilwt_2d exit code 1: Unknown option: --benchmark
2d	lwt2d+ilwt2d_roundtrip	db32	smooth	Large / Sensitive	standalone	2473.4	12.367	0	0.0	False	build/lwt_2d exit code 1: Unknown option: --height; build/ilwt_2d exit code 1: Unknown option: --benchmark
2d	lwt2d+ilwt2d_roundtrip	db32	reflect	Large / Sensitive	standalone	2473.4	12.367	0	0.0	False	build/lwt_2d exit code 1: Unknown option: --height; build/ilwt_2d exit code 1: Unknown option: --benchmark
2d	lwt2d+ilwt2d_roundtrip	db32	antireflect	Large / Sensitive	standalone	2473.4	12.367	0	0.0	False	build/lwt_2d exit code 1: Unknown option: --height; build/ilwt_2d exit code 1: Unknown option: --benchmark
2d	lwt2d+ilwt2d_roundtrip	db33	symmetric	Large / Sensitive	standalone	9281420.0	46407.1	0	0.0	False	build/lwt_2d exit code 1: Unknown option: --height; build/ilwt_2d exit code 1: Unknown option: --benchmark
2d	lwt2d+ilwt2d_roundtrip	db33	zero	Large / Sensitive	standalone	9281420.0	46407.1	0	0.0	False	build/lwt_2d exit code 1: Unknown option: --height; build/ilwt_2d exit code 1: Unknown option: --benchmark
2d	lwt2d+ilwt2d_roundtrip	db33	constant	Large / Sensitive	standalone	9281420.0	46407.1	0	0.0	False	build/lwt_2d exit code 1: Unknown option: --height; build/ilwt_2d exit code 1: Unknown option: --benchmark
2d	lwt2d+ilwt2d_roundtrip	db33	periodic	Large / Sensitive	standalone	9281420.0	46407.1	0	0.0	False	build/lwt_2d exit code 1: Unknown option: --height; build/ilwt_2d exit code 1: Unknown option: --benchmark
2d	lwt2d+ilwt2d_roundtrip	db33	antisymmetric	Large / Sensitive	standalone	9281420.0	46407.1	0	0.0	False	build/lwt_2d exit code 1: Unknown option: --height; build/ilwt_2d exit code 1: Unknown option: --benchmark
2d	lwt2d+ilwt2d_roundtrip	db33	smooth	Large / Sensitive	standalone	9281420.0	46407.1	0	0.0	False	build/lwt_2d exit code 1: Unknown option: --height; build/ilwt_2d exit code 1: Unknown option: --benchmark
2d	lwt2d+ilwt2d_roundtrip	db33	reflect	Large / Sensitive	standalone	9281420.0	46407.1	0	0.0	False	build/lwt_2d exit code 1: Unknown option: --height; build/ilwt_2d exit code 1: Unknown option: --benchmark
2d	lwt2d+ilwt2d_roundtrip	db33	antireflect	Large / Sensitive	standalone	9281420.0	46407.1	0	0.0	False	build/lwt_2d exit code 1: Unknown option: --height; build/ilwt_2d exit code 1: Unknown option: --benchmark
2d	lwt2d+ilwt2d_roundtrip	db34	symmetric	Large / Sensitive	standalone	2249600.0	11248.0	0	0.0	False	build/lwt_2d exit code 1: Unknown option: --height; build/ilwt_2d exit code 1: Unknown option: --benchmark
2d	lwt2d+ilwt2d_roundtrip	db34	zero	Large / Sensitive	standalone	2249600.0	11248.0	0	0.0	False	build/lwt_2d exit code 1: Unknown option: --height; build/ilwt_2d exit code 1: Unknown option: --benchmark
2d	lwt2d+ilwt2d_roundtrip	db34	constant	Large / Sensitive	standalone	2249600.0	11248.0	0	0.0	False	build/lwt_2d exit code 1: Unknown option: --height; build/ilwt_2d exit code 1: Unknown option: --benchmark
2d	lwt2d+ilwt2d_roundtrip	db34	periodic	Large / Sensitive	standalone	2249600.0	11248.0	0	0.0	False	build/lwt_2d exit code 1: Unknown option: --height; build/ilwt_2d exit code 1: Unknown option: --benchmark
2d	lwt2d+ilwt2d_roundtrip	db34	antisymmetric	Large / Sensitive	standalone	2249600.0	11248.0	0	0.0	False	build/lwt_2d exit code 1: Unknown option: --height; build/ilwt_2d exit code 1: Unknown option: --benchmark
2d	lwt2d+ilwt2d_roundtrip	db34	smooth	Large / Sensitive	standalone	2249600.0	11248.0	0	0.0	False	build/lwt_2d exit code 1: Unknown option: --height; build/ilwt_2d exit code 1: Unknown option: --benchmark
2d	lwt2d+ilwt2d_roundtrip	db34	reflect	Large / Sensitive	standalone	2249600.0	11248.0	0	0.0	False	build/lwt_2d exit code 1: Unknown option: --height; build/ilwt_2d exit code 1: Unknown option: --benchmark
2d	lwt2d+ilwt2d_roundtrip	db34	antireflect	Large / Sensitive	standalone	2249600.0	11248.0	0	0.0	False	build/lwt_2d exit code 1: Unknown option: --height; build/ilwt_2d exit code 1: Unknown option: --benchmark
2d	lwt2d+ilwt2d_roundtrip	db35	symmetric	Large / Sensitive	standalone	7971560.0	39857.8	0	0.0	False	build/lwt_2d exit code 1: Unknown option: --height; build/ilwt_2d exit code 1: Unknown option: --benchmark
2d	lwt2d+ilwt2d_roundtrip	db35	zero	Large / Sensitive	standalone	7971560.0	39857.8	0	0.0	False	build/lwt_2d exit code 1: Unknown option: --height; build/ilwt_2d exit code 1: Unknown option: --benchmark
2d	lwt2d+ilwt2d_roundtrip	db35	constant	Large / Sensitive	standalone	7971560.0	39857.8	0	0.0	False	build/lwt_2d exit code 1: Unknown option: --height; build/ilwt_2d exit code 1: Unknown option: --benchmark
2d	lwt2d+ilwt2d_roundtrip	db35	periodic	Large / Sensitive	standalone	7971560.0	39857.8	0	0.0	False	build/lwt_2d exit code 1: Unknown option: --height; build/ilwt_2d exit code 1: Unknown option: --benchmark
2d	lwt2d+ilwt2d_roundtrip	db35	antisymmetric	Large / Sensitive	standalone	7971560.0	39857.8	0	0.0	False	build/lwt_2d exit code 1: Unknown option: --height; build/ilwt_2d exit code 1: Unknown option: --benchmark
2d	lwt2d+ilwt2d_roundtrip	db35	smooth	Large / Sensitive	standalone	7971560.0	39857.8	0	0.0	False	build/lwt_2d exit code 1: Unknown option: --height; build/ilwt_2d exit code 1: Unknown option: --benchmark
2d	lwt2d+ilwt2d_roundtrip	db35	reflect	Large / Sensitive	standalone	7971560.0	39857.8	0	0.0	False	build/lwt_2d exit code 1: Unknown option: --height; build/ilwt_2d exit code 1: Unknown option: --benchmark
2d	lwt2d+ilwt2d_roundtrip	db35	antireflect	Large / Sensitive	standalone	7971560.0	39857.8	0	0.0	False	build/lwt_2d exit code 1: Unknown option: --height; build/ilwt_2d exit code 1: Unknown option: --benchmark
2d	lwt2d+ilwt2d_roundtrip	db36	symmetric	Large / Sensitive	standalone	54462.6	272.313	0	0.0	False	build/lwt_2d exit code 1: Unknown option: --height; build/ilwt_2d exit code 1: Unknown option: --benchmark
2d	lwt2d+ilwt2d_roundtrip	db36	zero	Large / Sensitive	standalone	54462.6	272.313	0	0.0	False	build/lwt_2d exit code 1: Unknown option: --height; build/ilwt_2d exit code 1: Unknown option: --benchmark
2d	lwt2d+ilwt2d_roundtrip	db36	constant	Large / Sensitive	standalone	54462.6	272.313	0	0.0	False	build/lwt_2d exit code 1: Unknown option: --height; build/ilwt_2d exit code 1: Unknown option: --benchmark
2d	lwt2d+ilwt2d_roundtrip	db36	periodic	Large / Sensitive	standalone	54462.6	272.313	0	0.0	False	build/lwt_2d exit code 1: Unknown option: --height; build/ilwt_2d exit code 1: Unknown option: --benchmark
2d	lwt2d+ilwt2d_roundtrip	db36	antisymmetric	Large / Sensitive	standalone	54462.6	272.313	0	0.0	False	build/lwt_2d exit code 1: Unknown option: --height; build/ilwt_2d exit code 1: Unknown option: --benchmark
2d	lwt2d+ilwt2d_roundtrip	db36	smooth	Large / Sensitive	standalone	54462.6	272.313	0	0.0	False	build/lwt_2d exit code 1: Unknown option: --height; build/ilwt_2d exit code 1: Unknown option: --benchmark
2d	lwt2d+ilwt2d_roundtrip	db36	reflect	Large / Sensitive	standalone	54462.6	272.313	0	0.0	False	build/lwt_2d exit code 1: Unknown option: --height; build/ilwt_2d exit code 1: Unknown option: --benchmark
2d	lwt2d+ilwt2d_roundtrip	db36	antireflect	Large / Sensitive	standalone	54462.6	272.313	0	0.0	False	build/lwt_2d exit code 1: Unknown option: --height; build/ilwt_2d exit code 1: Unknown option: --benchmark
2d	lwt2d+ilwt2d_roundtrip	db37	symmetric	Large / Sensitive	standalone	25551700.0	127758.5	0	0.0	False	build/lwt_2d exit code 1: Unknown option: --height; build/ilwt_2d exit code 1: Unknown option: --benchmark
2d	lwt2d+ilwt2d_roundtrip	db37	zero	Large / Sensitive	standalone	25551700.0	127758.5	0	0.0	False	build/lwt_2d exit code 1: Unknown option: --height; build/ilwt_2d exit code 1: Unknown option: --benchmark
2d	lwt2d+ilwt2d_roundtrip	db37	constant	Large / Sensitive	standalone	25551700.0	127758.5	0	0.0	False	build/lwt_2d exit code 1: Unknown option: --height; build/ilwt_2d exit code 1: Unknown option: --benchmark
2d	lwt2d+ilwt2d_roundtrip	db37	periodic	Large / Sensitive	standalone	25551700.0	127758.5	0	0.0	False	build/lwt_2d exit code 1: Unknown option: --height; build/ilwt_2d exit code 1: Unknown option: --benchmark
2d	lwt2d+ilwt2d_roundtrip	db37	antisymmetric	Large / Sensitive	standalone	25551700.0	127758.5	0	0.0	False	build/lwt_2d exit code 1: Unknown option: --height; build/ilwt_2d exit code 1: Unknown option: --benchmark
2d	lwt2d+ilwt2d_roundtrip	db37	smooth	Large / Sensitive	standalone	25551700.0	127758.5	0	0.0	False	build/lwt_2d exit code 1: Unknown option: --height; build/ilwt_2d exit code 1: Unknown option: --benchmark
2d	lwt2d+ilwt2d_roundtrip	db37	reflect	Large / Sensitive	standalone	25551700.0	127758.5	0	0.0	False	build/lwt_2d exit code 1: Unknown option: --height; build/ilwt_2d exit code 1: Unknown option: --benchmark
2d	lwt2d+ilwt2d_roundtrip	db37	antireflect	Large / Sensitive	standalone	25551700.0	127758.5	0	0.0	False	build/lwt_2d exit code 1: Unknown option: --height; build/ilwt_2d exit code 1: Unknown option: --benchmark
2d	lwt2d+ilwt2d_roundtrip	db38	symmetric	Large / Sensitive	standalone	170662	853.3100000000001	0	0.0	False	build/lwt_2d exit code 1: Unknown option: --height; build/ilwt_2d exit code 1: Unknown option: --benchmark
2d	lwt2d+ilwt2d_roundtrip	db38	zero	Large / Sensitive	standalone	170662	853.3100000000001	0	0.0	False	build/lwt_2d exit code 1: Unknown option: --height; build/ilwt_2d exit code 1: Unknown option: --benchmark
2d	lwt2d+ilwt2d_roundtrip	db38	constant	Large / Sensitive	standalone	170662	853.3100000000001	0	0.0	False	build/lwt_2d exit code 1: Unknown option: --height; build/ilwt_2d exit code 1: Unknown option: --benchmark
2d	lwt2d+ilwt2d_roundtrip	db38	periodic	Large / Sensitive	standalone	170662	853.3100000000001	0	0.0	False	build/lwt_2d exit code 1: Unknown option: --height; build/ilwt_2d exit code 1: Unknown option: --benchmark
2d	lwt2d+ilwt2d_roundtrip	db38	antisymmetric	Large / Sensitive	standalone	170662	853.3100000000001	0	0.0	False	build/lwt_2d exit code 1: Unknown option: --height; build/ilwt_2d exit code 1: Unknown option: --benchmark
2d	lwt2d+ilwt2d_roundtrip	db38	smooth	Large / Sensitive	standalone	170662	853.3100000000001	0	0.0	False	build/lwt_2d exit code 1: Unknown option: --height; build/ilwt_2d exit code 1: Unknown option: --benchmark
2d	lwt2d+ilwt2d_roundtrip	db38	reflect	Large / Sensitive	standalone	170662	853.3100000000001	0	0.0	False	build/lwt_2d exit code 1: Unknown option: --height; build/ilwt_2d exit code 1: Unknown option: --benchmark
2d	lwt2d+ilwt2d_roundtrip	db38	antireflect	Large / Sensitive	standalone	170662	853.3100000000001	0	0.0	False	build/lwt_2d exit code 1: Unknown option: --height; build/ilwt_2d exit code 1: Unknown option: --benchmark
2d	lwt2d+ilwt2d_roundtrip	db4	symmetric	Compact	standalone	2.63378	0.000263378	0	0.0	False	build/lwt_2d exit code 1: Unknown option: --height; build/ilwt_2d exit code 1: Unknown option: --benchmark
2d	lwt2d+ilwt2d_roundtrip	db4	zero	Compact	standalone	2.63378	0.000263378	0	0.0	False	build/lwt_2d exit code 1: Unknown option: --height; build/ilwt_2d exit code 1: Unknown option: --benchmark
2d	lwt2d+ilwt2d_roundtrip	db4	constant	Compact	standalone	2.63378	0.000263378	0	0.0	False	build/lwt_2d exit code 1: Unknown option: --height; build/ilwt_2d exit code 1: Unknown option: --benchmark
2d	lwt2d+ilwt2d_roundtrip	db4	periodic	Compact	standalone	2.63378	0.000263378	0	0.0	False	build/lwt_2d exit code 1: Unknown option: --height; build/ilwt_2d exit code 1: Unknown option: --benchmark
2d	lwt2d+ilwt2d_roundtrip	db4	antisymmetric	Compact	standalone	2.63378	0.000263378	0	0.0	False	build/lwt_2d exit code 1: Unknown option: --height; build/ilwt_2d exit code 1: Unknown option: --benchmark
2d	lwt2d+ilwt2d_roundtrip	db4	smooth	Compact	standalone	2.63378	0.000263378	0	0.0	False	build/lwt_2d exit code 1: Unknown option: --height; build/ilwt_2d exit code 1: Unknown option: --benchmark
2d	lwt2d+ilwt2d_roundtrip	db4	reflect	Compact	standalone	2.63378	0.000263378	0	0.0	False	build/lwt_2d exit code 1: Unknown option: --height; build/ilwt_2d exit code 1: Unknown option: --benchmark
2d	lwt2d+ilwt2d_roundtrip	db4	antireflect	Compact	standalone	2.63378	0.000263378	0	0.0	False	build/lwt_2d exit code 1: Unknown option: --height; build/ilwt_2d exit code 1: Unknown option: --benchmark
2d	lwt2d+ilwt2d_roundtrip	db5	symmetric	Compact	standalone	46.0839	0.00460839	0	0.0	False	build/lwt_2d exit code 1: Unknown option: --height; build/ilwt_2d exit code 1: Unknown option: --benchmark
2d	lwt2d+ilwt2d_roundtrip	db5	zero	Compact	standalone	46.0839	0.00460839	0	0.0	False	build/lwt_2d exit code 1: Unknown option: --height; build/ilwt_2d exit code 1: Unknown option: --benchmark
2d	lwt2d+ilwt2d_roundtrip	db5	constant	Compact	standalone	46.0839	0.00460839	0	0.0	False	build/lwt_2d exit code 1: Unknown option: --height; build/ilwt_2d exit code 1: Unknown option: --benchmark
2d	lwt2d+ilwt2d_roundtrip	db5	periodic	Compact	standalone	46.0839	0.00460839	0	0.0	False	build/lwt_2d exit code 1: Unknown option: --height; build/ilwt_2d exit code 1: Unknown option: --benchmark
2d	lwt2d+ilwt2d_roundtrip	db5	antisymmetric	Compact	standalone	46.0839	0.00460839	0	0.0	False	build/lwt_2d exit code 1: Unknown option: --height; build/ilwt_2d exit code 1: Unknown option: --benchmark
2d	lwt2d+ilwt2d_roundtrip	db5	smooth	Compact	standalone	46.0839	0.00460839	0	0.0	False	build/lwt_2d exit code 1: Unknown option: --height; build/ilwt_2d exit code 1: Unknown option: --benchmark
2d	lwt2d+ilwt2d_roundtrip	db5	reflect	Compact	standalone	46.0839	0.00460839	0	0.0	False	build/lwt_2d exit code 1: Unknown option: --height; build/ilwt_2d exit code 1: Unknown option: --benchmark
2d	lwt2d+ilwt2d_roundtrip	db5	antireflect	Compact	standalone	46.0839	0.00460839	0	0.0	False	build/lwt_2d exit code 1: Unknown option: --height; build/ilwt_2d exit code 1: Unknown option: --benchmark
2d	lwt2d+ilwt2d_roundtrip	db6	symmetric	Compact	standalone	5.42251	0.000542251	0	0.0	False	build/lwt_2d exit code 1: Unknown option: --height; build/ilwt_2d exit code 1: Unknown option: --benchmark
2d	lwt2d+ilwt2d_roundtrip	db6	zero	Compact	standalone	5.42251	0.000542251	0	0.0	False	build/lwt_2d exit code 1: Unknown option: --height; build/ilwt_2d exit code 1: Unknown option: --benchmark
2d	lwt2d+ilwt2d_roundtrip	db6	constant	Compact	standalone	5.42251	0.000542251	0	0.0	False	build/lwt_2d exit code 1: Unknown option: --height; build/ilwt_2d exit code 1: Unknown option: --benchmark
2d	lwt2d+ilwt2d_roundtrip	db6	periodic	Compact	standalone	5.42251	0.000542251	0	0.0	False	build/lwt_2d exit code 1: Unknown option: --height; build/ilwt_2d exit code 1: Unknown option: --benchmark
2d	lwt2d+ilwt2d_roundtrip	db6	antisymmetric	Compact	standalone	5.42251	0.000542251	0	0.0	False	build/lwt_2d exit code 1: Unknown option: --height; build/ilwt_2d exit code 1: Unknown option: --benchmark
2d	lwt2d+ilwt2d_roundtrip	db6	smooth	Compact	standalone	5.42251	0.000542251	0	0.0	False	build/lwt_2d exit code 1: Unknown option: --height; build/ilwt_2d exit code 1: Unknown option: --benchmark
2d	lwt2d+ilwt2d_roundtrip	db6	reflect	Compact	standalone	5.42251	0.000542251	0	0.0	False	build/lwt_2d exit code 1: Unknown option: --height; build/ilwt_2d exit code 1: Unknown option: --benchmark
2d	lwt2d+ilwt2d_roundtrip	db6	antireflect	Compact	standalone	5.42251	0.000542251	0	0.0	False	build/lwt_2d exit code 1: Unknown option: --height; build/ilwt_2d exit code 1: Unknown option: --benchmark
2d	lwt2d+ilwt2d_roundtrip	db7	symmetric	Large / Sensitive	standalone	143.003	0.715015	0	0.0	False	build/lwt_2d exit code 1: Unknown option: --height; build/ilwt_2d exit code 1: Unknown option: --benchmark
2d	lwt2d+ilwt2d_roundtrip	db7	zero	Large / Sensitive	standalone	143.003	0.715015	0	0.0	False	build/lwt_2d exit code 1: Unknown option: --height; build/ilwt_2d exit code 1: Unknown option: --benchmark
2d	lwt2d+ilwt2d_roundtrip	db7	constant	Large / Sensitive	standalone	143.003	0.715015	0	0.0	False	build/lwt_2d exit code 1: Unknown option: --height; build/ilwt_2d exit code 1: Unknown option: --benchmark
2d	lwt2d+ilwt2d_roundtrip	db7	periodic	Large / Sensitive	standalone	143.003	0.715015	0	0.0	False	build/lwt_2d exit code 1: Unknown option: --height; build/ilwt_2d exit code 1: Unknown option: --benchmark
2d	lwt2d+ilwt2d_roundtrip	db7	antisymmetric	Large / Sensitive	standalone	143.003	0.715015	0	0.0	False	build/lwt_2d exit code 1: Unknown option: --height; build/ilwt_2d exit code 1: Unknown option: --benchmark
2d	lwt2d+ilwt2d_roundtrip	db7	smooth	Large / Sensitive	standalone	143.003	0.715015	0	0.0	False	build/lwt_2d exit code 1: Unknown option: --height; build/ilwt_2d exit code 1: Unknown option: --benchmark
2d	lwt2d+ilwt2d_roundtrip	db7	reflect	Large / Sensitive	standalone	143.003	0.715015	0	0.0	False	build/lwt_2d exit code 1: Unknown option: --height; build/ilwt_2d exit code 1: Unknown option: --benchmark
2d	lwt2d+ilwt2d_roundtrip	db7	antireflect	Large / Sensitive	standalone	143.003	0.715015	0	0.0	False	build/lwt_2d exit code 1: Unknown option: --height; build/ilwt_2d exit code 1: Unknown option: --benchmark
2d	lwt2d+ilwt2d_roundtrip	db8	symmetric	Large / Sensitive	standalone	10.8886	0.054443000000000005	0	0.0	False	build/lwt_2d exit code 1: Unknown option: --height; build/ilwt_2d exit code 1: Unknown option: --benchmark
2d	lwt2d+ilwt2d_roundtrip	db8	zero	Large / Sensitive	standalone	10.8886	0.054443000000000005	0	0.0	False	build/lwt_2d exit code 1: Unknown option: --height; build/ilwt_2d exit code 1: Unknown option: --benchmark
2d	lwt2d+ilwt2d_roundtrip	db8	constant	Large / Sensitive	standalone	10.8886	0.054443000000000005	0	0.0	False	build/lwt_2d exit code 1: Unknown option: --height; build/ilwt_2d exit code 1: Unknown option: --benchmark
2d	lwt2d+ilwt2d_roundtrip	db8	periodic	Large / Sensitive	standalone	10.8886	0.054443000000000005	0	0.0	False	build/lwt_2d exit code 1: Unknown option: --height; build/ilwt_2d exit code 1: Unknown option: --benchmark
2d	lwt2d+ilwt2d_roundtrip	db8	antisymmetric	Large / Sensitive	standalone	10.8886	0.054443000000000005	0	0.0	False	build/lwt_2d exit code 1: Unknown option: --height; build/ilwt_2d exit code 1: Unknown option: --benchmark
2d	lwt2d+ilwt2d_roundtrip	db8	smooth	Large / Sensitive	standalone	10.8886	0.054443000000000005	0	0.0	False	build/lwt_2d exit code 1: Unknown option: --height; build/ilwt_2d exit code 1: Unknown option: --benchmark
2d	lwt2d+ilwt2d_roundtrip	db8	reflect	Large / Sensitive	standalone	10.8886	0.054443000000000005	0	0.0	False	build/lwt_2d exit code 1: Unknown option: --height; build/ilwt_2d exit code 1: Unknown option: --benchmark
2d	lwt2d+ilwt2d_roundtrip	db8	antireflect	Large / Sensitive	standalone	10.8886	0.054443000000000005	0	0.0	False	build/lwt_2d exit code 1: Unknown option: --height; build/ilwt_2d exit code 1: Unknown option: --benchmark
2d	lwt2d+ilwt2d_roundtrip	db9	symmetric	Medium	standalone	398.18	0.39818000000000003	0	0.0	False	build/lwt_2d exit code 1: Unknown option: --height; build/ilwt_2d exit code 1: Unknown option: --benchmark
2d	lwt2d+ilwt2d_roundtrip	db9	zero	Medium	standalone	398.18	0.39818000000000003	0	0.0	False	build/lwt_2d exit code 1: Unknown option: --height; build/ilwt_2d exit code 1: Unknown option: --benchmark
2d	lwt2d+ilwt2d_roundtrip	db9	constant	Medium	standalone	398.18	0.39818000000000003	0	0.0	False	build/lwt_2d exit code 1: Unknown option: --height; build/ilwt_2d exit code 1: Unknown option: --benchmark
2d	lwt2d+ilwt2d_roundtrip	db9	periodic	Medium	standalone	398.18	0.39818000000000003	0	0.0	False	build/lwt_2d exit code 1: Unknown option: --height; build/ilwt_2d exit code 1: Unknown option: --benchmark
2d	lwt2d+ilwt2d_roundtrip	db9	antisymmetric	Medium	standalone	398.18	0.39818000000000003	0	0.0	False	build/lwt_2d exit code 1: Unknown option: --height; build/ilwt_2d exit code 1: Unknown option: --benchmark
2d	lwt2d+ilwt2d_roundtrip	db9	smooth	Medium	standalone	398.18	0.39818000000000003	0	0.0	False	build/lwt_2d exit code 1: Unknown option: --height; build/ilwt_2d exit code 1: Unknown option: --benchmark
2d	lwt2d+ilwt2d_roundtrip	db9	reflect	Medium	standalone	398.18	0.39818000000000003	0	0.0	False	build/lwt_2d exit code 1: Unknown option: --height; build/ilwt_2d exit code 1: Unknown option: --benchmark
2d	lwt2d+ilwt2d_roundtrip	db9	antireflect	Medium	standalone	398.18	0.39818000000000003	0	0.0	False	build/lwt_2d exit code 1: Unknown option: --height; build/ilwt_2d exit code 1: Unknown option: --benchmark
2d	lwt2d+ilwt2d_roundtrip	dmey	symmetric	Large / Sensitive	standalone	28.028	0.14014	0	0.0	False	build/lwt_2d exit code 1: Unknown option: --height; build/ilwt_2d exit code 1: Unknown option: --benchmark
2d	lwt2d+ilwt2d_roundtrip	dmey	zero	Large / Sensitive	standalone	28.028	0.14014	0	0.0	False	build/lwt_2d exit code 1: Unknown option: --height; build/ilwt_2d exit code 1: Unknown option: --benchmark
2d	lwt2d+ilwt2d_roundtrip	dmey	constant	Large / Sensitive	standalone	28.028	0.14014	0	0.0	False	build/lwt_2d exit code 1: Unknown option: --height; build/ilwt_2d exit code 1: Unknown option: --benchmark
2d	lwt2d+ilwt2d_roundtrip	dmey	periodic	Large / Sensitive	standalone	28.028	0.14014	0	0.0	False	build/lwt_2d exit code 1: Unknown option: --height; build/ilwt_2d exit code 1: Unknown option: --benchmark
2d	lwt2d+ilwt2d_roundtrip	dmey	antisymmetric	Large / Sensitive	standalone	28.028	0.14014	0	0.0	False	build/lwt_2d exit code 1: Unknown option: --height; build/ilwt_2d exit code 1: Unknown option: --benchmark
2d	lwt2d+ilwt2d_roundtrip	dmey	smooth	Large / Sensitive	standalone	28.028	0.14014	0	0.0	False	build/lwt_2d exit code 1: Unknown option: --height; build/ilwt_2d exit code 1: Unknown option: --benchmark
2d	lwt2d+ilwt2d_roundtrip	dmey	reflect	Large / Sensitive	standalone	28.028	0.14014	0	0.0	False	build/lwt_2d exit code 1: Unknown option: --height; build/ilwt_2d exit code 1: Unknown option: --benchmark
2d	lwt2d+ilwt2d_roundtrip	dmey	antireflect	Large / Sensitive	standalone	28.028	0.14014	0	0.0	False	build/lwt_2d exit code 1: Unknown option: --height; build/ilwt_2d exit code 1: Unknown option: --benchmark
2d	lwt2d+ilwt2d_roundtrip	haar	symmetric	Compact	standalone	1.41421	0.000141421	0	0.0	False	build/lwt_2d exit code 1: Unknown option: --height; build/ilwt_2d exit code 1: Unknown option: --benchmark
2d	lwt2d+ilwt2d_roundtrip	haar	zero	Compact	standalone	1.41421	0.000141421	0	0.0	False	build/lwt_2d exit code 1: Unknown option: --height; build/ilwt_2d exit code 1: Unknown option: --benchmark
2d	lwt2d+ilwt2d_roundtrip	haar	constant	Compact	standalone	1.41421	0.000141421	0	0.0	False	build/lwt_2d exit code 1: Unknown option: --height; build/ilwt_2d exit code 1: Unknown option: --benchmark
2d	lwt2d+ilwt2d_roundtrip	haar	periodic	Compact	standalone	1.41421	0.000141421	0	0.0	False	build/lwt_2d exit code 1: Unknown option: --height; build/ilwt_2d exit code 1: Unknown option: --benchmark
2d	lwt2d+ilwt2d_roundtrip	haar	antisymmetric	Compact	standalone	1.41421	0.000141421	0	0.0	False	build/lwt_2d exit code 1: Unknown option: --height; build/ilwt_2d exit code 1: Unknown option: --benchmark
2d	lwt2d+ilwt2d_roundtrip	haar	smooth	Compact	standalone	1.41421	0.000141421	0	0.0	False	build/lwt_2d exit code 1: Unknown option: --height; build/ilwt_2d exit code 1: Unknown option: --benchmark
2d	lwt2d+ilwt2d_roundtrip	haar	reflect	Compact	standalone	1.41421	0.000141421	0	0.0	False	build/lwt_2d exit code 1: Unknown option: --height; build/ilwt_2d exit code 1: Unknown option: --benchmark
2d	lwt2d+ilwt2d_roundtrip	haar	antireflect	Compact	standalone	1.41421	0.000141421	0	0.0	False	build/lwt_2d exit code 1: Unknown option: --height; build/ilwt_2d exit code 1: Unknown option: --benchmark
2d	lwt2d+ilwt2d_roundtrip	rbio1.1	symmetric	Compact	standalone	1.41421	0.000141421	0	0.0	False	build/lwt_2d exit code 1: Unknown option: --height; build/ilwt_2d exit code 1: Unknown option: --benchmark
2d	lwt2d+ilwt2d_roundtrip	rbio1.1	zero	Compact	standalone	1.41421	0.000141421	0	0.0	False	build/lwt_2d exit code 1: Unknown option: --height; build/ilwt_2d exit code 1: Unknown option: --benchmark
2d	lwt2d+ilwt2d_roundtrip	rbio1.1	constant	Compact	standalone	1.41421	0.000141421	0	0.0	False	build/lwt_2d exit code 1: Unknown option: --height; build/ilwt_2d exit code 1: Unknown option: --benchmark
2d	lwt2d+ilwt2d_roundtrip	rbio1.1	periodic	Compact	standalone	1.41421	0.000141421	0	0.0	False	build/lwt_2d exit code 1: Unknown option: --height; build/ilwt_2d exit code 1: Unknown option: --benchmark
2d	lwt2d+ilwt2d_roundtrip	rbio1.1	antisymmetric	Compact	standalone	1.41421	0.000141421	0	0.0	False	build/lwt_2d exit code 1: Unknown option: --height; build/ilwt_2d exit code 1: Unknown option: --benchmark
2d	lwt2d+ilwt2d_roundtrip	rbio1.1	smooth	Compact	standalone	1.41421	0.000141421	0	0.0	False	build/lwt_2d exit code 1: Unknown option: --height; build/ilwt_2d exit code 1: Unknown option: --benchmark
2d	lwt2d+ilwt2d_roundtrip	rbio1.1	reflect	Compact	standalone	1.41421	0.000141421	0	0.0	False	build/lwt_2d exit code 1: Unknown option: --height; build/ilwt_2d exit code 1: Unknown option: --benchmark
2d	lwt2d+ilwt2d_roundtrip	rbio1.1	antireflect	Compact	standalone	1.41421	0.000141421	0	0.0	False	build/lwt_2d exit code 1: Unknown option: --height; build/ilwt_2d exit code 1: Unknown option: --benchmark
2d	lwt2d+ilwt2d_roundtrip	rbio1.3	symmetric	Compact	standalone	1.41421	0.000141421	0	0.0	False	build/lwt_2d exit code 1: Unknown option: --height; build/ilwt_2d exit code 1: Unknown option: --benchmark
2d	lwt2d+ilwt2d_roundtrip	rbio1.3	zero	Compact	standalone	1.41421	0.000141421	0	0.0	False	build/lwt_2d exit code 1: Unknown option: --height; build/ilwt_2d exit code 1: Unknown option: --benchmark
2d	lwt2d+ilwt2d_roundtrip	rbio1.3	constant	Compact	standalone	1.41421	0.000141421	0	0.0	False	build/lwt_2d exit code 1: Unknown option: --height; build/ilwt_2d exit code 1: Unknown option: --benchmark
2d	lwt2d+ilwt2d_roundtrip	rbio1.3	periodic	Compact	standalone	1.41421	0.000141421	0	0.0	False	build/lwt_2d exit code 1: Unknown option: --height; build/ilwt_2d exit code 1: Unknown option: --benchmark
2d	lwt2d+ilwt2d_roundtrip	rbio1.3	antisymmetric	Compact	standalone	1.41421	0.000141421	0	0.0	False	build/lwt_2d exit code 1: Unknown option: --height; build/ilwt_2d exit code 1: Unknown option: --benchmark
2d	lwt2d+ilwt2d_roundtrip	rbio1.3	smooth	Compact	standalone	1.41421	0.000141421	0	0.0	False	build/lwt_2d exit code 1: Unknown option: --height; build/ilwt_2d exit code 1: Unknown option: --benchmark
2d	lwt2d+ilwt2d_roundtrip	rbio1.3	reflect	Compact	standalone	1.41421	0.000141421	0	0.0	False	build/lwt_2d exit code 1: Unknown option: --height; build/ilwt_2d exit code 1: Unknown option: --benchmark
2d	lwt2d+ilwt2d_roundtrip	rbio1.3	antireflect	Compact	standalone	1.41421	0.000141421	0	0.0	False	build/lwt_2d exit code 1: Unknown option: --height; build/ilwt_2d exit code 1: Unknown option: --benchmark
2d	lwt2d+ilwt2d_roundtrip	rbio1.5	symmetric	Compact	standalone	1.41421	0.000141421	0	0.0	False	build/lwt_2d exit code 1: Unknown option: --height; build/ilwt_2d exit code 1: Unknown option: --benchmark
2d	lwt2d+ilwt2d_roundtrip	rbio1.5	zero	Compact	standalone	1.41421	0.000141421	0	0.0	False	build/lwt_2d exit code 1: Unknown option: --height; build/ilwt_2d exit code 1: Unknown option: --benchmark
2d	lwt2d+ilwt2d_roundtrip	rbio1.5	constant	Compact	standalone	1.41421	0.000141421	0	0.0	False	build/lwt_2d exit code 1: Unknown option: --height; build/ilwt_2d exit code 1: Unknown option: --benchmark
2d	lwt2d+ilwt2d_roundtrip	rbio1.5	periodic	Compact	standalone	1.41421	0.000141421	0	0.0	False	build/lwt_2d exit code 1: Unknown option: --height; build/ilwt_2d exit code 1: Unknown option: --benchmark
2d	lwt2d+ilwt2d_roundtrip	rbio1.5	antisymmetric	Compact	standalone	1.41421	0.000141421	0	0.0	False	build/lwt_2d exit code 1: Unknown option: --height; build/ilwt_2d exit code 1: Unknown option: --benchmark
2d	lwt2d+ilwt2d_roundtrip	rbio1.5	smooth	Compact	standalone	1.41421	0.000141421	0	0.0	False	build/lwt_2d exit code 1: Unknown option: --height; build/ilwt_2d exit code 1: Unknown option: --benchmark
2d	lwt2d+ilwt2d_roundtrip	rbio1.5	reflect	Compact	standalone	1.41421	0.000141421	0	0.0	False	build/lwt_2d exit code 1: Unknown option: --height; build/ilwt_2d exit code 1: Unknown option: --benchmark
2d	lwt2d+ilwt2d_roundtrip	rbio1.5	antireflect	Compact	standalone	1.41421	0.000141421	0	0.0	False	build/lwt_2d exit code 1: Unknown option: --height; build/ilwt_2d exit code 1: Unknown option: --benchmark
2d	lwt2d+ilwt2d_roundtrip	rbio2.2	symmetric	Compact	standalone	1.41421	0.000141421	0	0.0	False	build/lwt_2d exit code 1: Unknown option: --height; build/ilwt_2d exit code 1: Unknown option: --benchmark
2d	lwt2d+ilwt2d_roundtrip	rbio2.2	zero	Compact	standalone	1.41421	0.000141421	0	0.0	False	build/lwt_2d exit code 1: Unknown option: --height; build/ilwt_2d exit code 1: Unknown option: --benchmark
2d	lwt2d+ilwt2d_roundtrip	rbio2.2	constant	Compact	standalone	1.41421	0.000141421	0	0.0	False	build/lwt_2d exit code 1: Unknown option: --height; build/ilwt_2d exit code 1: Unknown option: --benchmark
2d	lwt2d+ilwt2d_roundtrip	rbio2.2	periodic	Compact	standalone	1.41421	0.000141421	0	0.0	False	build/lwt_2d exit code 1: Unknown option: --height; build/ilwt_2d exit code 1: Unknown option: --benchmark
2d	lwt2d+ilwt2d_roundtrip	rbio2.2	antisymmetric	Compact	standalone	1.41421	0.000141421	0	0.0	False	build/lwt_2d exit code 1: Unknown option: --height; build/ilwt_2d exit code 1: Unknown option: --benchmark
2d	lwt2d+ilwt2d_roundtrip	rbio2.2	smooth	Compact	standalone	1.41421	0.000141421	0	0.0	False	build/lwt_2d exit code 1: Unknown option: --height; build/ilwt_2d exit code 1: Unknown option: --benchmark
2d	lwt2d+ilwt2d_roundtrip	rbio2.2	reflect	Compact	standalone	1.41421	0.000141421	0	0.0	False	build/lwt_2d exit code 1: Unknown option: --height; build/ilwt_2d exit code 1: Unknown option: --benchmark
2d	lwt2d+ilwt2d_roundtrip	rbio2.2	antireflect	Compact	standalone	1.41421	0.000141421	0	0.0	False	build/lwt_2d exit code 1: Unknown option: --height; build/ilwt_2d exit code 1: Unknown option: --benchmark
2d	lwt2d+ilwt2d_roundtrip	rbio2.4	symmetric	Compact	standalone	1.41421	0.000141421	0	0.0	False	build/lwt_2d exit code 1: Unknown option: --height; build/ilwt_2d exit code 1: Unknown option: --benchmark
2d	lwt2d+ilwt2d_roundtrip	rbio2.4	zero	Compact	standalone	1.41421	0.000141421	0	0.0	False	build/lwt_2d exit code 1: Unknown option: --height; build/ilwt_2d exit code 1: Unknown option: --benchmark
2d	lwt2d+ilwt2d_roundtrip	rbio2.4	constant	Compact	standalone	1.41421	0.000141421	0	0.0	False	build/lwt_2d exit code 1: Unknown option: --height; build/ilwt_2d exit code 1: Unknown option: --benchmark
2d	lwt2d+ilwt2d_roundtrip	rbio2.4	periodic	Compact	standalone	1.41421	0.000141421	0	0.0	False	build/lwt_2d exit code 1: Unknown option: --height; build/ilwt_2d exit code 1: Unknown option: --benchmark
2d	lwt2d+ilwt2d_roundtrip	rbio2.4	antisymmetric	Compact	standalone	1.41421	0.000141421	0	0.0	False	build/lwt_2d exit code 1: Unknown option: --height; build/ilwt_2d exit code 1: Unknown option: --benchmark
2d	lwt2d+ilwt2d_roundtrip	rbio2.4	smooth	Compact	standalone	1.41421	0.000141421	0	0.0	False	build/lwt_2d exit code 1: Unknown option: --height; build/ilwt_2d exit code 1: Unknown option: --benchmark
2d	lwt2d+ilwt2d_roundtrip	rbio2.4	reflect	Compact	standalone	1.41421	0.000141421	0	0.0	False	build/lwt_2d exit code 1: Unknown option: --height; build/ilwt_2d exit code 1: Unknown option: --benchmark
2d	lwt2d+ilwt2d_roundtrip	rbio2.4	antireflect	Compact	standalone	1.41421	0.000141421	0	0.0	False	build/lwt_2d exit code 1: Unknown option: --height; build/ilwt_2d exit code 1: Unknown option: --benchmark
2d	lwt2d+ilwt2d_roundtrip	rbio2.6	symmetric	Large / Sensitive	standalone	1.41421	0.00707105	0	0.0	False	build/lwt_2d exit code 1: Unknown option: --height; build/ilwt_2d exit code 1: Unknown option: --benchmark
2d	lwt2d+ilwt2d_roundtrip	rbio2.6	zero	Large / Sensitive	standalone	1.41421	0.00707105	0	0.0	False	build/lwt_2d exit code 1: Unknown option: --height; build/ilwt_2d exit code 1: Unknown option: --benchmark
2d	lwt2d+ilwt2d_roundtrip	rbio2.6	constant	Large / Sensitive	standalone	1.41421	0.00707105	0	0.0	False	build/lwt_2d exit code 1: Unknown option: --height; build/ilwt_2d exit code 1: Unknown option: --benchmark
2d	lwt2d+ilwt2d_roundtrip	rbio2.6	periodic	Large / Sensitive	standalone	1.41421	0.00707105	0	0.0	False	build/lwt_2d exit code 1: Unknown option: --height; build/ilwt_2d exit code 1: Unknown option: --benchmark
2d	lwt2d+ilwt2d_roundtrip	rbio2.6	antisymmetric	Large / Sensitive	standalone	1.41421	0.00707105	0	0.0	False	build/lwt_2d exit code 1: Unknown option: --height; build/ilwt_2d exit code 1: Unknown option: --benchmark
2d	lwt2d+ilwt2d_roundtrip	rbio2.6	smooth	Large / Sensitive	standalone	1.41421	0.00707105	0	0.0	False	build/lwt_2d exit code 1: Unknown option: --height; build/ilwt_2d exit code 1: Unknown option: --benchmark
2d	lwt2d+ilwt2d_roundtrip	rbio2.6	reflect	Large / Sensitive	standalone	1.41421	0.00707105	0	0.0	False	build/lwt_2d exit code 1: Unknown option: --height; build/ilwt_2d exit code 1: Unknown option: --benchmark
2d	lwt2d+ilwt2d_roundtrip	rbio2.6	antireflect	Large / Sensitive	standalone	1.41421	0.00707105	0	0.0	False	build/lwt_2d exit code 1: Unknown option: --height; build/ilwt_2d exit code 1: Unknown option: --benchmark
2d	lwt2d+ilwt2d_roundtrip	rbio2.8	symmetric	Large / Sensitive	standalone	1.41421	0.00707105	0	0.0	False	build/lwt_2d exit code 1: Unknown option: --height; build/ilwt_2d exit code 1: Unknown option: --benchmark
2d	lwt2d+ilwt2d_roundtrip	rbio2.8	zero	Large / Sensitive	standalone	1.41421	0.00707105	0	0.0	False	build/lwt_2d exit code 1: Unknown option: --height; build/ilwt_2d exit code 1: Unknown option: --benchmark
2d	lwt2d+ilwt2d_roundtrip	rbio2.8	constant	Large / Sensitive	standalone	1.41421	0.00707105	0	0.0	False	build/lwt_2d exit code 1: Unknown option: --height; build/ilwt_2d exit code 1: Unknown option: --benchmark
2d	lwt2d+ilwt2d_roundtrip	rbio2.8	periodic	Large / Sensitive	standalone	1.41421	0.00707105	0	0.0	False	build/lwt_2d exit code 1: Unknown option: --height; build/ilwt_2d exit code 1: Unknown option: --benchmark
2d	lwt2d+ilwt2d_roundtrip	rbio2.8	antisymmetric	Large / Sensitive	standalone	1.41421	0.00707105	0	0.0	False	build/lwt_2d exit code 1: Unknown option: --height; build/ilwt_2d exit code 1: Unknown option: --benchmark
2d	lwt2d+ilwt2d_roundtrip	rbio2.8	smooth	Large / Sensitive	standalone	1.41421	0.00707105	0	0.0	False	build/lwt_2d exit code 1: Unknown option: --height; build/ilwt_2d exit code 1: Unknown option: --benchmark
2d	lwt2d+ilwt2d_roundtrip	rbio2.8	reflect	Large / Sensitive	standalone	1.41421	0.00707105	0	0.0	False	build/lwt_2d exit code 1: Unknown option: --height; build/ilwt_2d exit code 1: Unknown option: --benchmark
2d	lwt2d+ilwt2d_roundtrip	rbio2.8	antireflect	Large / Sensitive	standalone	1.41421	0.00707105	0	0.0	False	build/lwt_2d exit code 1: Unknown option: --height; build/ilwt_2d exit code 1: Unknown option: --benchmark
2d	lwt2d+ilwt2d_roundtrip	rbio3.1	symmetric	Compact	standalone	2.12132	0.000212132	0	0.0	False	build/lwt_2d exit code 1: Unknown option: --height; build/ilwt_2d exit code 1: Unknown option: --benchmark
2d	lwt2d+ilwt2d_roundtrip	rbio3.1	zero	Compact	standalone	2.12132	0.000212132	0	0.0	False	build/lwt_2d exit code 1: Unknown option: --height; build/ilwt_2d exit code 1: Unknown option: --benchmark
2d	lwt2d+ilwt2d_roundtrip	rbio3.1	constant	Compact	standalone	2.12132	0.000212132	0	0.0	False	build/lwt_2d exit code 1: Unknown option: --height; build/ilwt_2d exit code 1: Unknown option: --benchmark
2d	lwt2d+ilwt2d_roundtrip	rbio3.1	periodic	Compact	standalone	2.12132	0.000212132	0	0.0	False	build/lwt_2d exit code 1: Unknown option: --height; build/ilwt_2d exit code 1: Unknown option: --benchmark
2d	lwt2d+ilwt2d_roundtrip	rbio3.1	antisymmetric	Compact	standalone	2.12132	0.000212132	0	0.0	False	build/lwt_2d exit code 1: Unknown option: --height; build/ilwt_2d exit code 1: Unknown option: --benchmark
2d	lwt2d+ilwt2d_roundtrip	rbio3.1	smooth	Compact	standalone	2.12132	0.000212132	0	0.0	False	build/lwt_2d exit code 1: Unknown option: --height; build/ilwt_2d exit code 1: Unknown option: --benchmark
2d	lwt2d+ilwt2d_roundtrip	rbio3.1	reflect	Compact	standalone	2.12132	0.000212132	0	0.0	False	build/lwt_2d exit code 1: Unknown option: --height; build/ilwt_2d exit code 1: Unknown option: --benchmark
2d	lwt2d+ilwt2d_roundtrip	rbio3.1	antireflect	Compact	standalone	2.12132	0.000212132	0	0.0	False	build/lwt_2d exit code 1: Unknown option: --height; build/ilwt_2d exit code 1: Unknown option: --benchmark
2d	lwt2d+ilwt2d_roundtrip	rbio3.3	symmetric	Compact	standalone	2.12132	0.000212132	0	0.0	False	build/lwt_2d exit code 1: Unknown option: --height; build/ilwt_2d exit code 1: Unknown option: --benchmark
2d	lwt2d+ilwt2d_roundtrip	rbio3.3	zero	Compact	standalone	2.12132	0.000212132	0	0.0	False	build/lwt_2d exit code 1: Unknown option: --height; build/ilwt_2d exit code 1: Unknown option: --benchmark
2d	lwt2d+ilwt2d_roundtrip	rbio3.3	constant	Compact	standalone	2.12132	0.000212132	0	0.0	False	build/lwt_2d exit code 1: Unknown option: --height; build/ilwt_2d exit code 1: Unknown option: --benchmark
2d	lwt2d+ilwt2d_roundtrip	rbio3.3	periodic	Compact	standalone	2.12132	0.000212132	0	0.0	False	build/lwt_2d exit code 1: Unknown option: --height; build/ilwt_2d exit code 1: Unknown option: --benchmark
2d	lwt2d+ilwt2d_roundtrip	rbio3.3	antisymmetric	Compact	standalone	2.12132	0.000212132	0	0.0	False	build/lwt_2d exit code 1: Unknown option: --height; build/ilwt_2d exit code 1: Unknown option: --benchmark
2d	lwt2d+ilwt2d_roundtrip	rbio3.3	smooth	Compact	standalone	2.12132	0.000212132	0	0.0	False	build/lwt_2d exit code 1: Unknown option: --height; build/ilwt_2d exit code 1: Unknown option: --benchmark
2d	lwt2d+ilwt2d_roundtrip	rbio3.3	reflect	Compact	standalone	2.12132	0.000212132	0	0.0	False	build/lwt_2d exit code 1: Unknown option: --height; build/ilwt_2d exit code 1: Unknown option: --benchmark
2d	lwt2d+ilwt2d_roundtrip	rbio3.3	antireflect	Compact	standalone	2.12132	0.000212132	0	0.0	False	build/lwt_2d exit code 1: Unknown option: --height; build/ilwt_2d exit code 1: Unknown option: --benchmark
2d	lwt2d+ilwt2d_roundtrip	rbio3.5	symmetric	Compact	standalone	2.12132	0.000212132	0	0.0	False	build/lwt_2d exit code 1: Unknown option: --height; build/ilwt_2d exit code 1: Unknown option: --benchmark
2d	lwt2d+ilwt2d_roundtrip	rbio3.5	zero	Compact	standalone	2.12132	0.000212132	0	0.0	False	build/lwt_2d exit code 1: Unknown option: --height; build/ilwt_2d exit code 1: Unknown option: --benchmark
2d	lwt2d+ilwt2d_roundtrip	rbio3.5	constant	Compact	standalone	2.12132	0.000212132	0	0.0	False	build/lwt_2d exit code 1: Unknown option: --height; build/ilwt_2d exit code 1: Unknown option: --benchmark
2d	lwt2d+ilwt2d_roundtrip	rbio3.5	periodic	Compact	standalone	2.12132	0.000212132	0	0.0	False	build/lwt_2d exit code 1: Unknown option: --height; build/ilwt_2d exit code 1: Unknown option: --benchmark
2d	lwt2d+ilwt2d_roundtrip	rbio3.5	antisymmetric	Compact	standalone	2.12132	0.000212132	0	0.0	False	build/lwt_2d exit code 1: Unknown option: --height; build/ilwt_2d exit code 1: Unknown option: --benchmark
2d	lwt2d+ilwt2d_roundtrip	rbio3.5	smooth	Compact	standalone	2.12132	0.000212132	0	0.0	False	build/lwt_2d exit code 1: Unknown option: --height; build/ilwt_2d exit code 1: Unknown option: --benchmark
2d	lwt2d+ilwt2d_roundtrip	rbio3.5	reflect	Compact	standalone	2.12132	0.000212132	0	0.0	False	build/lwt_2d exit code 1: Unknown option: --height; build/ilwt_2d exit code 1: Unknown option: --benchmark
2d	lwt2d+ilwt2d_roundtrip	rbio3.5	antireflect	Compact	standalone	2.12132	0.000212132	0	0.0	False	build/lwt_2d exit code 1: Unknown option: --height; build/ilwt_2d exit code 1: Unknown option: --benchmark
2d	lwt2d+ilwt2d_roundtrip	rbio3.7	symmetric	Large / Sensitive	standalone	2.12132	0.010606599999999999	0	0.0	False	build/lwt_2d exit code 1: Unknown option: --height; build/ilwt_2d exit code 1: Unknown option: --benchmark
2d	lwt2d+ilwt2d_roundtrip	rbio3.7	zero	Large / Sensitive	standalone	2.12132	0.010606599999999999	0	0.0	False	build/lwt_2d exit code 1: Unknown option: --height; build/ilwt_2d exit code 1: Unknown option: --benchmark
2d	lwt2d+ilwt2d_roundtrip	rbio3.7	constant	Large / Sensitive	standalone	2.12132	0.010606599999999999	0	0.0	False	build/lwt_2d exit code 1: Unknown option: --height; build/ilwt_2d exit code 1: Unknown option: --benchmark
2d	lwt2d+ilwt2d_roundtrip	rbio3.7	periodic	Large / Sensitive	standalone	2.12132	0.010606599999999999	0	0.0	False	build/lwt_2d exit code 1: Unknown option: --height; build/ilwt_2d exit code 1: Unknown option: --benchmark
2d	lwt2d+ilwt2d_roundtrip	rbio3.7	antisymmetric	Large / Sensitive	standalone	2.12132	0.010606599999999999	0	0.0	False	build/lwt_2d exit code 1: Unknown option: --height; build/ilwt_2d exit code 1: Unknown option: --benchmark
2d	lwt2d+ilwt2d_roundtrip	rbio3.7	smooth	Large / Sensitive	standalone	2.12132	0.010606599999999999	0	0.0	False	build/lwt_2d exit code 1: Unknown option: --height; build/ilwt_2d exit code 1: Unknown option: --benchmark
2d	lwt2d+ilwt2d_roundtrip	rbio3.7	reflect	Large / Sensitive	standalone	2.12132	0.010606599999999999	0	0.0	False	build/lwt_2d exit code 1: Unknown option: --height; build/ilwt_2d exit code 1: Unknown option: --benchmark
2d	lwt2d+ilwt2d_roundtrip	rbio3.7	antireflect	Large / Sensitive	standalone	2.12132	0.010606599999999999	0	0.0	False	build/lwt_2d exit code 1: Unknown option: --height; build/ilwt_2d exit code 1: Unknown option: --benchmark
2d	lwt2d+ilwt2d_roundtrip	rbio3.9	symmetric	Large / Sensitive	standalone	2.12132	0.010606599999999999	0	0.0	False	build/lwt_2d exit code 1: Unknown option: --height; build/ilwt_2d exit code 1: Unknown option: --benchmark
2d	lwt2d+ilwt2d_roundtrip	rbio3.9	zero	Large / Sensitive	standalone	2.12132	0.010606599999999999	0	0.0	False	build/lwt_2d exit code 1: Unknown option: --height; build/ilwt_2d exit code 1: Unknown option: --benchmark
2d	lwt2d+ilwt2d_roundtrip	rbio3.9	constant	Large / Sensitive	standalone	2.12132	0.010606599999999999	0	0.0	False	build/lwt_2d exit code 1: Unknown option: --height; build/ilwt_2d exit code 1: Unknown option: --benchmark
2d	lwt2d+ilwt2d_roundtrip	rbio3.9	periodic	Large / Sensitive	standalone	2.12132	0.010606599999999999	0	0.0	False	build/lwt_2d exit code 1: Unknown option: --height; build/ilwt_2d exit code 1: Unknown option: --benchmark
2d	lwt2d+ilwt2d_roundtrip	rbio3.9	antisymmetric	Large / Sensitive	standalone	2.12132	0.010606599999999999	0	0.0	False	build/lwt_2d exit code 1: Unknown option: --height; build/ilwt_2d exit code 1: Unknown option: --benchmark
2d	lwt2d+ilwt2d_roundtrip	rbio3.9	smooth	Large / Sensitive	standalone	2.12132	0.010606599999999999	0	0.0	False	build/lwt_2d exit code 1: Unknown option: --height; build/ilwt_2d exit code 1: Unknown option: --benchmark
2d	lwt2d+ilwt2d_roundtrip	rbio3.9	reflect	Large / Sensitive	standalone	2.12132	0.010606599999999999	0	0.0	False	build/lwt_2d exit code 1: Unknown option: --height; build/ilwt_2d exit code 1: Unknown option: --benchmark
2d	lwt2d+ilwt2d_roundtrip	rbio3.9	antireflect	Large / Sensitive	standalone	2.12132	0.010606599999999999	0	0.0	False	build/lwt_2d exit code 1: Unknown option: --height; build/ilwt_2d exit code 1: Unknown option: --benchmark
2d	lwt2d+ilwt2d_roundtrip	rbio4.4	symmetric	Compact	standalone	1.58613	0.00015861300000000002	0	0.0	False	build/lwt_2d exit code 1: Unknown option: --height; build/ilwt_2d exit code 1: Unknown option: --benchmark
2d	lwt2d+ilwt2d_roundtrip	rbio4.4	zero	Compact	standalone	1.58613	0.00015861300000000002	0	0.0	False	build/lwt_2d exit code 1: Unknown option: --height; build/ilwt_2d exit code 1: Unknown option: --benchmark
2d	lwt2d+ilwt2d_roundtrip	rbio4.4	constant	Compact	standalone	1.58613	0.00015861300000000002	0	0.0	False	build/lwt_2d exit code 1: Unknown option: --height; build/ilwt_2d exit code 1: Unknown option: --benchmark
2d	lwt2d+ilwt2d_roundtrip	rbio4.4	periodic	Compact	standalone	1.58613	0.00015861300000000002	0	0.0	False	build/lwt_2d exit code 1: Unknown option: --height; build/ilwt_2d exit code 1: Unknown option: --benchmark
2d	lwt2d+ilwt2d_roundtrip	rbio4.4	antisymmetric	Compact	standalone	1.58613	0.00015861300000000002	0	0.0	False	build/lwt_2d exit code 1: Unknown option: --height; build/ilwt_2d exit code 1: Unknown option: --benchmark
2d	lwt2d+ilwt2d_roundtrip	rbio4.4	smooth	Compact	standalone	1.58613	0.00015861300000000002	0	0.0	False	build/lwt_2d exit code 1: Unknown option: --height; build/ilwt_2d exit code 1: Unknown option: --benchmark
2d	lwt2d+ilwt2d_roundtrip	rbio4.4	reflect	Compact	standalone	1.58613	0.00015861300000000002	0	0.0	False	build/lwt_2d exit code 1: Unknown option: --height; build/ilwt_2d exit code 1: Unknown option: --benchmark
2d	lwt2d+ilwt2d_roundtrip	rbio4.4	antireflect	Compact	standalone	1.58613	0.00015861300000000002	0	0.0	False	build/lwt_2d exit code 1: Unknown option: --height; build/ilwt_2d exit code 1: Unknown option: --benchmark
2d	lwt2d+ilwt2d_roundtrip	rbio5.5	symmetric	Compact	standalone	5.58579	0.000558579	0	0.0	False	build/lwt_2d exit code 1: Unknown option: --height; build/ilwt_2d exit code 1: Unknown option: --benchmark
2d	lwt2d+ilwt2d_roundtrip	rbio5.5	zero	Compact	standalone	5.58579	0.000558579	0	0.0	False	build/lwt_2d exit code 1: Unknown option: --height; build/ilwt_2d exit code 1: Unknown option: --benchmark
2d	lwt2d+ilwt2d_roundtrip	rbio5.5	constant	Compact	standalone	5.58579	0.000558579	0	0.0	False	build/lwt_2d exit code 1: Unknown option: --height; build/ilwt_2d exit code 1: Unknown option: --benchmark
2d	lwt2d+ilwt2d_roundtrip	rbio5.5	periodic	Compact	standalone	5.58579	0.000558579	0	0.0	False	build/lwt_2d exit code 1: Unknown option: --height; build/ilwt_2d exit code 1: Unknown option: --benchmark
2d	lwt2d+ilwt2d_roundtrip	rbio5.5	antisymmetric	Compact	standalone	5.58579	0.000558579	0	0.0	False	build/lwt_2d exit code 1: Unknown option: --height; build/ilwt_2d exit code 1: Unknown option: --benchmark
2d	lwt2d+ilwt2d_roundtrip	rbio5.5	smooth	Compact	standalone	5.58579	0.000558579	0	0.0	False	build/lwt_2d exit code 1: Unknown option: --height; build/ilwt_2d exit code 1: Unknown option: --benchmark
2d	lwt2d+ilwt2d_roundtrip	rbio5.5	reflect	Compact	standalone	5.58579	0.000558579	0	0.0	False	build/lwt_2d exit code 1: Unknown option: --height; build/ilwt_2d exit code 1: Unknown option: --benchmark
2d	lwt2d+ilwt2d_roundtrip	rbio5.5	antireflect	Compact	standalone	5.58579	0.000558579	0	0.0	False	build/lwt_2d exit code 1: Unknown option: --height; build/ilwt_2d exit code 1: Unknown option: --benchmark
2d	lwt2d+ilwt2d_roundtrip	rbio6.8	symmetric	Large / Sensitive	standalone	1.15131	0.00575655	0	0.0	False	build/lwt_2d exit code 1: Unknown option: --height; build/ilwt_2d exit code 1: Unknown option: --benchmark
2d	lwt2d+ilwt2d_roundtrip	rbio6.8	zero	Large / Sensitive	standalone	1.15131	0.00575655	0	0.0	False	build/lwt_2d exit code 1: Unknown option: --height; build/ilwt_2d exit code 1: Unknown option: --benchmark
2d	lwt2d+ilwt2d_roundtrip	rbio6.8	constant	Large / Sensitive	standalone	1.15131	0.00575655	0	0.0	False	build/lwt_2d exit code 1: Unknown option: --height; build/ilwt_2d exit code 1: Unknown option: --benchmark
2d	lwt2d+ilwt2d_roundtrip	rbio6.8	periodic	Large / Sensitive	standalone	1.15131	0.00575655	0	0.0	False	build/lwt_2d exit code 1: Unknown option: --height; build/ilwt_2d exit code 1: Unknown option: --benchmark
2d	lwt2d+ilwt2d_roundtrip	rbio6.8	antisymmetric	Large / Sensitive	standalone	1.15131	0.00575655	0	0.0	False	build/lwt_2d exit code 1: Unknown option: --height; build/ilwt_2d exit code 1: Unknown option: --benchmark
2d	lwt2d+ilwt2d_roundtrip	rbio6.8	smooth	Large / Sensitive	standalone	1.15131	0.00575655	0	0.0	False	build/lwt_2d exit code 1: Unknown option: --height; build/ilwt_2d exit code 1: Unknown option: --benchmark
2d	lwt2d+ilwt2d_roundtrip	rbio6.8	reflect	Large / Sensitive	standalone	1.15131	0.00575655	0	0.0	False	build/lwt_2d exit code 1: Unknown option: --height; build/ilwt_2d exit code 1: Unknown option: --benchmark
2d	lwt2d+ilwt2d_roundtrip	rbio6.8	antireflect	Large / Sensitive	standalone	1.15131	0.00575655	0	0.0	False	build/lwt_2d exit code 1: Unknown option: --height; build/ilwt_2d exit code 1: Unknown option: --benchmark
2d	lwt2d+ilwt2d_roundtrip	sym10	symmetric	Medium	standalone	26.3969	0.0263969	0	0.0	False	build/lwt_2d exit code 1: Unknown option: --height; build/ilwt_2d exit code 1: Unknown option: --benchmark
2d	lwt2d+ilwt2d_roundtrip	sym10	zero	Medium	standalone	26.3969	0.0263969	0	0.0	False	build/lwt_2d exit code 1: Unknown option: --height; build/ilwt_2d exit code 1: Unknown option: --benchmark
2d	lwt2d+ilwt2d_roundtrip	sym10	constant	Medium	standalone	26.3969	0.0263969	0	0.0	False	build/lwt_2d exit code 1: Unknown option: --height; build/ilwt_2d exit code 1: Unknown option: --benchmark
2d	lwt2d+ilwt2d_roundtrip	sym10	periodic	Medium	standalone	26.3969	0.0263969	0	0.0	False	build/lwt_2d exit code 1: Unknown option: --height; build/ilwt_2d exit code 1: Unknown option: --benchmark
2d	lwt2d+ilwt2d_roundtrip	sym10	antisymmetric	Medium	standalone	26.3969	0.0263969	0	0.0	False	build/lwt_2d exit code 1: Unknown option: --height; build/ilwt_2d exit code 1: Unknown option: --benchmark
2d	lwt2d+ilwt2d_roundtrip	sym10	smooth	Medium	standalone	26.3969	0.0263969	0	0.0	False	build/lwt_2d exit code 1: Unknown option: --height; build/ilwt_2d exit code 1: Unknown option: --benchmark
2d	lwt2d+ilwt2d_roundtrip	sym10	reflect	Medium	standalone	26.3969	0.0263969	0	0.0	False	build/lwt_2d exit code 1: Unknown option: --height; build/ilwt_2d exit code 1: Unknown option: --benchmark
2d	lwt2d+ilwt2d_roundtrip	sym10	antireflect	Medium	standalone	26.3969	0.0263969	0	0.0	False	build/lwt_2d exit code 1: Unknown option: --height; build/ilwt_2d exit code 1: Unknown option: --benchmark
2d	lwt2d+ilwt2d_roundtrip	sym11	symmetric	Medium	standalone	94.636	0.094636	0	0.0	False	build/lwt_2d exit code 1: Unknown option: --height; build/ilwt_2d exit code 1: Unknown option: --benchmark
2d	lwt2d+ilwt2d_roundtrip	sym11	zero	Medium	standalone	94.636	0.094636	0	0.0	False	build/lwt_2d exit code 1: Unknown option: --height; build/ilwt_2d exit code 1: Unknown option: --benchmark
2d	lwt2d+ilwt2d_roundtrip	sym11	constant	Medium	standalone	94.636	0.094636	0	0.0	False	build/lwt_2d exit code 1: Unknown option: --height; build/ilwt_2d exit code 1: Unknown option: --benchmark
2d	lwt2d+ilwt2d_roundtrip	sym11	periodic	Medium	standalone	94.636	0.094636	0	0.0	False	build/lwt_2d exit code 1: Unknown option: --height; build/ilwt_2d exit code 1: Unknown option: --benchmark
2d	lwt2d+ilwt2d_roundtrip	sym11	antisymmetric	Medium	standalone	94.636	0.094636	0	0.0	False	build/lwt_2d exit code 1: Unknown option: --height; build/ilwt_2d exit code 1: Unknown option: --benchmark
2d	lwt2d+ilwt2d_roundtrip	sym11	smooth	Medium	standalone	94.636	0.094636	0	0.0	False	build/lwt_2d exit code 1: Unknown option: --height; build/ilwt_2d exit code 1: Unknown option: --benchmark
2d	lwt2d+ilwt2d_roundtrip	sym11	reflect	Medium	standalone	94.636	0.094636	0	0.0	False	build/lwt_2d exit code 1: Unknown option: --height; build/ilwt_2d exit code 1: Unknown option: --benchmark
2d	lwt2d+ilwt2d_roundtrip	sym11	antireflect	Medium	standalone	94.636	0.094636	0	0.0	False	build/lwt_2d exit code 1: Unknown option: --height; build/ilwt_2d exit code 1: Unknown option: --benchmark
2d	lwt2d+ilwt2d_roundtrip	sym12	symmetric	Medium	standalone	32.8267	0.0328267	0	0.0	False	build/lwt_2d exit code 1: Unknown option: --height; build/ilwt_2d exit code 1: Unknown option: --benchmark
2d	lwt2d+ilwt2d_roundtrip	sym12	zero	Medium	standalone	32.8267	0.0328267	0	0.0	False	build/lwt_2d exit code 1: Unknown option: --height; build/ilwt_2d exit code 1: Unknown option: --benchmark
2d	lwt2d+ilwt2d_roundtrip	sym12	constant	Medium	standalone	32.8267	0.0328267	0	0.0	False	build/lwt_2d exit code 1: Unknown option: --height; build/ilwt_2d exit code 1: Unknown option: --benchmark
2d	lwt2d+ilwt2d_roundtrip	sym12	periodic	Medium	standalone	32.8267	0.0328267	0	0.0	False	build/lwt_2d exit code 1: Unknown option: --height; build/ilwt_2d exit code 1: Unknown option: --benchmark
2d	lwt2d+ilwt2d_roundtrip	sym12	antisymmetric	Medium	standalone	32.8267	0.0328267	0	0.0	False	build/lwt_2d exit code 1: Unknown option: --height; build/ilwt_2d exit code 1: Unknown option: --benchmark
2d	lwt2d+ilwt2d_roundtrip	sym12	smooth	Medium	standalone	32.8267	0.0328267	0	0.0	False	build/lwt_2d exit code 1: Unknown option: --height; build/ilwt_2d exit code 1: Unknown option: --benchmark
2d	lwt2d+ilwt2d_roundtrip	sym12	reflect	Medium	standalone	32.8267	0.0328267	0	0.0	False	build/lwt_2d exit code 1: Unknown option: --height; build/ilwt_2d exit code 1: Unknown option: --benchmark
2d	lwt2d+ilwt2d_roundtrip	sym12	antireflect	Medium	standalone	32.8267	0.0328267	0	0.0	False	build/lwt_2d exit code 1: Unknown option: --height; build/ilwt_2d exit code 1: Unknown option: --benchmark
2d	lwt2d+ilwt2d_roundtrip	sym13	symmetric	Large / Sensitive	standalone	4896790.0	24483.95	0	0.0	False	build/lwt_2d exit code 1: Unknown option: --height; build/ilwt_2d exit code 1: Unknown option: --benchmark
2d	lwt2d+ilwt2d_roundtrip	sym13	zero	Large / Sensitive	standalone	4896790.0	24483.95	0	0.0	False	build/lwt_2d exit code 1: Unknown option: --height; build/ilwt_2d exit code 1: Unknown option: --benchmark
2d	lwt2d+ilwt2d_roundtrip	sym13	constant	Large / Sensitive	standalone	4896790.0	24483.95	0	0.0	False	build/lwt_2d exit code 1: Unknown option: --height; build/ilwt_2d exit code 1: Unknown option: --benchmark
2d	lwt2d+ilwt2d_roundtrip	sym13	periodic	Large / Sensitive	standalone	4896790.0	24483.95	0	0.0	False	build/lwt_2d exit code 1: Unknown option: --height; build/ilwt_2d exit code 1: Unknown option: --benchmark
2d	lwt2d+ilwt2d_roundtrip	sym13	antisymmetric	Large / Sensitive	standalone	4896790.0	24483.95	0	0.0	False	build/lwt_2d exit code 1: Unknown option: --height; build/ilwt_2d exit code 1: Unknown option: --benchmark
2d	lwt2d+ilwt2d_roundtrip	sym13	smooth	Large / Sensitive	standalone	4896790.0	24483.95	0	0.0	False	build/lwt_2d exit code 1: Unknown option: --height; build/ilwt_2d exit code 1: Unknown option: --benchmark
2d	lwt2d+ilwt2d_roundtrip	sym13	reflect	Large / Sensitive	standalone	4896790.0	24483.95	0	0.0	False	build/lwt_2d exit code 1: Unknown option: --height; build/ilwt_2d exit code 1: Unknown option: --benchmark
2d	lwt2d+ilwt2d_roundtrip	sym13	antireflect	Large / Sensitive	standalone	4896790.0	24483.95	0	0.0	False	build/lwt_2d exit code 1: Unknown option: --height; build/ilwt_2d exit code 1: Unknown option: --benchmark
2d	lwt2d+ilwt2d_roundtrip	sym14	symmetric	Large / Sensitive	standalone	2592.45	12.96225	0	0.0	False	build/lwt_2d exit code 1: Unknown option: --height; build/ilwt_2d exit code 1: Unknown option: --benchmark
2d	lwt2d+ilwt2d_roundtrip	sym14	zero	Large / Sensitive	standalone	2592.45	12.96225	0	0.0	False	build/lwt_2d exit code 1: Unknown option: --height; build/ilwt_2d exit code 1: Unknown option: --benchmark
2d	lwt2d+ilwt2d_roundtrip	sym14	constant	Large / Sensitive	standalone	2592.45	12.96225	0	0.0	False	build/lwt_2d exit code 1: Unknown option: --height; build/ilwt_2d exit code 1: Unknown option: --benchmark
2d	lwt2d+ilwt2d_roundtrip	sym14	periodic	Large / Sensitive	standalone	2592.45	12.96225	0	0.0	False	build/lwt_2d exit code 1: Unknown option: --height; build/ilwt_2d exit code 1: Unknown option: --benchmark
2d	lwt2d+ilwt2d_roundtrip	sym14	antisymmetric	Large / Sensitive	standalone	2592.45	12.96225	0	0.0	False	build/lwt_2d exit code 1: Unknown option: --height; build/ilwt_2d exit code 1: Unknown option: --benchmark
2d	lwt2d+ilwt2d_roundtrip	sym14	smooth	Large / Sensitive	standalone	2592.45	12.96225	0	0.0	False	build/lwt_2d exit code 1: Unknown option: --height; build/ilwt_2d exit code 1: Unknown option: --benchmark
2d	lwt2d+ilwt2d_roundtrip	sym14	reflect	Large / Sensitive	standalone	2592.45	12.96225	0	0.0	False	build/lwt_2d exit code 1: Unknown option: --height; build/ilwt_2d exit code 1: Unknown option: --benchmark
2d	lwt2d+ilwt2d_roundtrip	sym14	antireflect	Large / Sensitive	standalone	2592.45	12.96225	0	0.0	False	build/lwt_2d exit code 1: Unknown option: --height; build/ilwt_2d exit code 1: Unknown option: --benchmark
2d	lwt2d+ilwt2d_roundtrip	sym15	symmetric	Large / Sensitive	standalone	68.4772	0.34238599999999997	0	0.0	False	build/lwt_2d exit code 1: Unknown option: --height; build/ilwt_2d exit code 1: Unknown option: --benchmark
2d	lwt2d+ilwt2d_roundtrip	sym15	zero	Large / Sensitive	standalone	68.4772	0.34238599999999997	0	0.0	False	build/lwt_2d exit code 1: Unknown option: --height; build/ilwt_2d exit code 1: Unknown option: --benchmark
2d	lwt2d+ilwt2d_roundtrip	sym15	constant	Large / Sensitive	standalone	68.4772	0.34238599999999997	0	0.0	False	build/lwt_2d exit code 1: Unknown option: --height; build/ilwt_2d exit code 1: Unknown option: --benchmark
2d	lwt2d+ilwt2d_roundtrip	sym15	periodic	Large / Sensitive	standalone	68.4772	0.34238599999999997	0	0.0	False	build/lwt_2d exit code 1: Unknown option: --height; build/ilwt_2d exit code 1: Unknown option: --benchmark
2d	lwt2d+ilwt2d_roundtrip	sym15	antisymmetric	Large / Sensitive	standalone	68.4772	0.34238599999999997	0	0.0	False	build/lwt_2d exit code 1: Unknown option: --height; build/ilwt_2d exit code 1: Unknown option: --benchmark
2d	lwt2d+ilwt2d_roundtrip	sym15	smooth	Large / Sensitive	standalone	68.4772	0.34238599999999997	0	0.0	False	build/lwt_2d exit code 1: Unknown option: --height; build/ilwt_2d exit code 1: Unknown option: --benchmark
2d	lwt2d+ilwt2d_roundtrip	sym15	reflect	Large / Sensitive	standalone	68.4772	0.34238599999999997	0	0.0	False	build/lwt_2d exit code 1: Unknown option: --height; build/ilwt_2d exit code 1: Unknown option: --benchmark
2d	lwt2d+ilwt2d_roundtrip	sym15	antireflect	Large / Sensitive	standalone	68.4772	0.34238599999999997	0	0.0	False	build/lwt_2d exit code 1: Unknown option: --height; build/ilwt_2d exit code 1: Unknown option: --benchmark
2d	lwt2d+ilwt2d_roundtrip	sym16	symmetric	Large / Sensitive	standalone	19.8683	0.09934150000000001	0	0.0	False	build/lwt_2d exit code 1: Unknown option: --height; build/ilwt_2d exit code 1: Unknown option: --benchmark
2d	lwt2d+ilwt2d_roundtrip	sym16	zero	Large / Sensitive	standalone	19.8683	0.09934150000000001	0	0.0	False	build/lwt_2d exit code 1: Unknown option: --height; build/ilwt_2d exit code 1: Unknown option: --benchmark
2d	lwt2d+ilwt2d_roundtrip	sym16	constant	Large / Sensitive	standalone	19.8683	0.09934150000000001	0	0.0	False	build/lwt_2d exit code 1: Unknown option: --height; build/ilwt_2d exit code 1: Unknown option: --benchmark
2d	lwt2d+ilwt2d_roundtrip	sym16	periodic	Large / Sensitive	standalone	19.8683	0.09934150000000001	0	0.0	False	build/lwt_2d exit code 1: Unknown option: --height; build/ilwt_2d exit code 1: Unknown option: --benchmark
2d	lwt2d+ilwt2d_roundtrip	sym16	antisymmetric	Large / Sensitive	standalone	19.8683	0.09934150000000001	0	0.0	False	build/lwt_2d exit code 1: Unknown option: --height; build/ilwt_2d exit code 1: Unknown option: --benchmark
2d	lwt2d+ilwt2d_roundtrip	sym16	smooth	Large / Sensitive	standalone	19.8683	0.09934150000000001	0	0.0	False	build/lwt_2d exit code 1: Unknown option: --height; build/ilwt_2d exit code 1: Unknown option: --benchmark
2d	lwt2d+ilwt2d_roundtrip	sym16	reflect	Large / Sensitive	standalone	19.8683	0.09934150000000001	0	0.0	False	build/lwt_2d exit code 1: Unknown option: --height; build/ilwt_2d exit code 1: Unknown option: --benchmark
2d	lwt2d+ilwt2d_roundtrip	sym16	antireflect	Large / Sensitive	standalone	19.8683	0.09934150000000001	0	0.0	False	build/lwt_2d exit code 1: Unknown option: --height; build/ilwt_2d exit code 1: Unknown option: --benchmark
2d	lwt2d+ilwt2d_roundtrip	sym17	symmetric	Large / Sensitive	standalone	1070.37	5.35185	0	0.0	False	build/lwt_2d exit code 1: Unknown option: --height; build/ilwt_2d exit code 1: Unknown option: --benchmark
2d	lwt2d+ilwt2d_roundtrip	sym17	zero	Large / Sensitive	standalone	1070.37	5.35185	0	0.0	False	build/lwt_2d exit code 1: Unknown option: --height; build/ilwt_2d exit code 1: Unknown option: --benchmark
2d	lwt2d+ilwt2d_roundtrip	sym17	constant	Large / Sensitive	standalone	1070.37	5.35185	0	0.0	False	build/lwt_2d exit code 1: Unknown option: --height; build/ilwt_2d exit code 1: Unknown option: --benchmark
2d	lwt2d+ilwt2d_roundtrip	sym17	periodic	Large / Sensitive	standalone	1070.37	5.35185	0	0.0	False	build/lwt_2d exit code 1: Unknown option: --height; build/ilwt_2d exit code 1: Unknown option: --benchmark
2d	lwt2d+ilwt2d_roundtrip	sym17	antisymmetric	Large / Sensitive	standalone	1070.37	5.35185	0	0.0	False	build/lwt_2d exit code 1: Unknown option: --height; build/ilwt_2d exit code 1: Unknown option: --benchmark
2d	lwt2d+ilwt2d_roundtrip	sym17	smooth	Large / Sensitive	standalone	1070.37	5.35185	0	0.0	False	build/lwt_2d exit code 1: Unknown option: --height; build/ilwt_2d exit code 1: Unknown option: --benchmark
2d	lwt2d+ilwt2d_roundtrip	sym17	reflect	Large / Sensitive	standalone	1070.37	5.35185	0	0.0	False	build/lwt_2d exit code 1: Unknown option: --height; build/ilwt_2d exit code 1: Unknown option: --benchmark
2d	lwt2d+ilwt2d_roundtrip	sym17	antireflect	Large / Sensitive	standalone	1070.37	5.35185	0	0.0	False	build/lwt_2d exit code 1: Unknown option: --height; build/ilwt_2d exit code 1: Unknown option: --benchmark
2d	lwt2d+ilwt2d_roundtrip	sym18	symmetric	Large / Sensitive	standalone	28.6658	0.143329	0	0.0	False	build/lwt_2d exit code 1: Unknown option: --height; build/ilwt_2d exit code 1: Unknown option: --benchmark
2d	lwt2d+ilwt2d_roundtrip	sym18	zero	Large / Sensitive	standalone	28.6658	0.143329	0	0.0	False	build/lwt_2d exit code 1: Unknown option: --height; build/ilwt_2d exit code 1: Unknown option: --benchmark
2d	lwt2d+ilwt2d_roundtrip	sym18	constant	Large / Sensitive	standalone	28.6658	0.143329	0	0.0	False	build/lwt_2d exit code 1: Unknown option: --height; build/ilwt_2d exit code 1: Unknown option: --benchmark
2d	lwt2d+ilwt2d_roundtrip	sym18	periodic	Large / Sensitive	standalone	28.6658	0.143329	0	0.0	False	build/lwt_2d exit code 1: Unknown option: --height; build/ilwt_2d exit code 1: Unknown option: --benchmark
2d	lwt2d+ilwt2d_roundtrip	sym18	antisymmetric	Large / Sensitive	standalone	28.6658	0.143329	0	0.0	False	build/lwt_2d exit code 1: Unknown option: --height; build/ilwt_2d exit code 1: Unknown option: --benchmark
2d	lwt2d+ilwt2d_roundtrip	sym18	smooth	Large / Sensitive	standalone	28.6658	0.143329	0	0.0	False	build/lwt_2d exit code 1: Unknown option: --height; build/ilwt_2d exit code 1: Unknown option: --benchmark
2d	lwt2d+ilwt2d_roundtrip	sym18	reflect	Large / Sensitive	standalone	28.6658	0.143329	0	0.0	False	build/lwt_2d exit code 1: Unknown option: --height; build/ilwt_2d exit code 1: Unknown option: --benchmark
2d	lwt2d+ilwt2d_roundtrip	sym18	antireflect	Large / Sensitive	standalone	28.6658	0.143329	0	0.0	False	build/lwt_2d exit code 1: Unknown option: --height; build/ilwt_2d exit code 1: Unknown option: --benchmark
2d	lwt2d+ilwt2d_roundtrip	sym19	symmetric	Large / Sensitive	standalone	1849.14	9.245700000000001	0	0.0	False	build/lwt_2d exit code 1: Unknown option: --height; build/ilwt_2d exit code 1: Unknown option: --benchmark
2d	lwt2d+ilwt2d_roundtrip	sym19	zero	Large / Sensitive	standalone	1849.14	9.245700000000001	0	0.0	False	build/lwt_2d exit code 1: Unknown option: --height; build/ilwt_2d exit code 1: Unknown option: --benchmark
2d	lwt2d+ilwt2d_roundtrip	sym19	constant	Large / Sensitive	standalone	1849.14	9.245700000000001	0	0.0	False	build/lwt_2d exit code 1: Unknown option: --height; build/ilwt_2d exit code 1: Unknown option: --benchmark
2d	lwt2d+ilwt2d_roundtrip	sym19	periodic	Large / Sensitive	standalone	1849.14	9.245700000000001	0	0.0	False	build/lwt_2d exit code 1: Unknown option: --height; build/ilwt_2d exit code 1: Unknown option: --benchmark
2d	lwt2d+ilwt2d_roundtrip	sym19	antisymmetric	Large / Sensitive	standalone	1849.14	9.245700000000001	0	0.0	False	build/lwt_2d exit code 1: Unknown option: --height; build/ilwt_2d exit code 1: Unknown option: --benchmark
2d	lwt2d+ilwt2d_roundtrip	sym19	smooth	Large / Sensitive	standalone	1849.14	9.245700000000001	0	0.0	False	build/lwt_2d exit code 1: Unknown option: --height; build/ilwt_2d exit code 1: Unknown option: --benchmark
2d	lwt2d+ilwt2d_roundtrip	sym19	reflect	Large / Sensitive	standalone	1849.14	9.245700000000001	0	0.0	False	build/lwt_2d exit code 1: Unknown option: --height; build/ilwt_2d exit code 1: Unknown option: --benchmark
2d	lwt2d+ilwt2d_roundtrip	sym19	antireflect	Large / Sensitive	standalone	1849.14	9.245700000000001	0	0.0	False	build/lwt_2d exit code 1: Unknown option: --height; build/ilwt_2d exit code 1: Unknown option: --benchmark
2d	lwt2d+ilwt2d_roundtrip	sym2	symmetric	Compact	standalone	1.11536	0.000111536	0	0.0	False	build/lwt_2d exit code 1: Unknown option: --height; build/ilwt_2d exit code 1: Unknown option: --benchmark
2d	lwt2d+ilwt2d_roundtrip	sym2	zero	Compact	standalone	1.11536	0.000111536	0	0.0	False	build/lwt_2d exit code 1: Unknown option: --height; build/ilwt_2d exit code 1: Unknown option: --benchmark
2d	lwt2d+ilwt2d_roundtrip	sym2	constant	Compact	standalone	1.11536	0.000111536	0	0.0	False	build/lwt_2d exit code 1: Unknown option: --height; build/ilwt_2d exit code 1: Unknown option: --benchmark
2d	lwt2d+ilwt2d_roundtrip	sym2	periodic	Compact	standalone	1.11536	0.000111536	0	0.0	False	build/lwt_2d exit code 1: Unknown option: --height; build/ilwt_2d exit code 1: Unknown option: --benchmark
2d	lwt2d+ilwt2d_roundtrip	sym2	antisymmetric	Compact	standalone	1.11536	0.000111536	0	0.0	False	build/lwt_2d exit code 1: Unknown option: --height; build/ilwt_2d exit code 1: Unknown option: --benchmark
2d	lwt2d+ilwt2d_roundtrip	sym2	smooth	Compact	standalone	1.11536	0.000111536	0	0.0	False	build/lwt_2d exit code 1: Unknown option: --height; build/ilwt_2d exit code 1: Unknown option: --benchmark
2d	lwt2d+ilwt2d_roundtrip	sym2	reflect	Compact	standalone	1.11536	0.000111536	0	0.0	False	build/lwt_2d exit code 1: Unknown option: --height; build/ilwt_2d exit code 1: Unknown option: --benchmark
2d	lwt2d+ilwt2d_roundtrip	sym2	antireflect	Compact	standalone	1.11536	0.000111536	0	0.0	False	build/lwt_2d exit code 1: Unknown option: --height; build/ilwt_2d exit code 1: Unknown option: --benchmark
2d	lwt2d+ilwt2d_roundtrip	sym20	symmetric	Large / Sensitive	standalone	16728.7	83.6435	0	0.0	False	build/lwt_2d exit code 1: Unknown option: --height; build/ilwt_2d exit code 1: Unknown option: --benchmark
2d	lwt2d+ilwt2d_roundtrip	sym20	zero	Large / Sensitive	standalone	16728.7	83.6435	0	0.0	False	build/lwt_2d exit code 1: Unknown option: --height; build/ilwt_2d exit code 1: Unknown option: --benchmark
2d	lwt2d+ilwt2d_roundtrip	sym20	constant	Large / Sensitive	standalone	16728.7	83.6435	0	0.0	False	build/lwt_2d exit code 1: Unknown option: --height; build/ilwt_2d exit code 1: Unknown option: --benchmark
2d	lwt2d+ilwt2d_roundtrip	sym20	periodic	Large / Sensitive	standalone	16728.7	83.6435	0	0.0	False	build/lwt_2d exit code 1: Unknown option: --height; build/ilwt_2d exit code 1: Unknown option: --benchmark
2d	lwt2d+ilwt2d_roundtrip	sym20	antisymmetric	Large / Sensitive	standalone	16728.7	83.6435	0	0.0	False	build/lwt_2d exit code 1: Unknown option: --height; build/ilwt_2d exit code 1: Unknown option: --benchmark
2d	lwt2d+ilwt2d_roundtrip	sym20	smooth	Large / Sensitive	standalone	16728.7	83.6435	0	0.0	False	build/lwt_2d exit code 1: Unknown option: --height; build/ilwt_2d exit code 1: Unknown option: --benchmark
2d	lwt2d+ilwt2d_roundtrip	sym20	reflect	Large / Sensitive	standalone	16728.7	83.6435	0	0.0	False	build/lwt_2d exit code 1: Unknown option: --height; build/ilwt_2d exit code 1: Unknown option: --benchmark
2d	lwt2d+ilwt2d_roundtrip	sym20	antireflect	Large / Sensitive	standalone	16728.7	83.6435	0	0.0	False	build/lwt_2d exit code 1: Unknown option: --height; build/ilwt_2d exit code 1: Unknown option: --benchmark
2d	lwt2d+ilwt2d_roundtrip	sym3	symmetric	Compact	standalone	14.932	0.0014932	0	0.0	False	build/lwt_2d exit code 1: Unknown option: --height; build/ilwt_2d exit code 1: Unknown option: --benchmark
2d	lwt2d+ilwt2d_roundtrip	sym3	zero	Compact	standalone	14.932	0.0014932	0	0.0	False	build/lwt_2d exit code 1: Unknown option: --height; build/ilwt_2d exit code 1: Unknown option: --benchmark
2d	lwt2d+ilwt2d_roundtrip	sym3	constant	Compact	standalone	14.932	0.0014932	0	0.0	False	build/lwt_2d exit code 1: Unknown option: --height; build/ilwt_2d exit code 1: Unknown option: --benchmark
2d	lwt2d+ilwt2d_roundtrip	sym3	periodic	Compact	standalone	14.932	0.0014932	0	0.0	False	build/lwt_2d exit code 1: Unknown option: --height; build/ilwt_2d exit code 1: Unknown option: --benchmark
2d	lwt2d+ilwt2d_roundtrip	sym3	antisymmetric	Compact	standalone	14.932	0.0014932	0	0.0	False	build/lwt_2d exit code 1: Unknown option: --height; build/ilwt_2d exit code 1: Unknown option: --benchmark
2d	lwt2d+ilwt2d_roundtrip	sym3	smooth	Compact	standalone	14.932	0.0014932	0	0.0	False	build/lwt_2d exit code 1: Unknown option: --height; build/ilwt_2d exit code 1: Unknown option: --benchmark
2d	lwt2d+ilwt2d_roundtrip	sym3	reflect	Compact	standalone	14.932	0.0014932	0	0.0	False	build/lwt_2d exit code 1: Unknown option: --height; build/ilwt_2d exit code 1: Unknown option: --benchmark
2d	lwt2d+ilwt2d_roundtrip	sym3	antireflect	Compact	standalone	14.932	0.0014932	0	0.0	False	build/lwt_2d exit code 1: Unknown option: --height; build/ilwt_2d exit code 1: Unknown option: --benchmark
2d	lwt2d+ilwt2d_roundtrip	sym4	symmetric	Compact	standalone	5.87693	0.000587693	0	0.0	False	build/lwt_2d exit code 1: Unknown option: --height; build/ilwt_2d exit code 1: Unknown option: --benchmark
2d	lwt2d+ilwt2d_roundtrip	sym4	zero	Compact	standalone	5.87693	0.000587693	0	0.0	False	build/lwt_2d exit code 1: Unknown option: --height; build/ilwt_2d exit code 1: Unknown option: --benchmark
2d	lwt2d+ilwt2d_roundtrip	sym4	constant	Compact	standalone	5.87693	0.000587693	0	0.0	False	build/lwt_2d exit code 1: Unknown option: --height; build/ilwt_2d exit code 1: Unknown option: --benchmark
2d	lwt2d+ilwt2d_roundtrip	sym4	periodic	Compact	standalone	5.87693	0.000587693	0	0.0	False	build/lwt_2d exit code 1: Unknown option: --height; build/ilwt_2d exit code 1: Unknown option: --benchmark
2d	lwt2d+ilwt2d_roundtrip	sym4	antisymmetric	Compact	standalone	5.87693	0.000587693	0	0.0	False	build/lwt_2d exit code 1: Unknown option: --height; build/ilwt_2d exit code 1: Unknown option: --benchmark
2d	lwt2d+ilwt2d_roundtrip	sym4	smooth	Compact	standalone	5.87693	0.000587693	0	0.0	False	build/lwt_2d exit code 1: Unknown option: --height; build/ilwt_2d exit code 1: Unknown option: --benchmark
2d	lwt2d+ilwt2d_roundtrip	sym4	reflect	Compact	standalone	5.87693	0.000587693	0	0.0	False	build/lwt_2d exit code 1: Unknown option: --height; build/ilwt_2d exit code 1: Unknown option: --benchmark
2d	lwt2d+ilwt2d_roundtrip	sym4	antireflect	Compact	standalone	5.87693	0.000587693	0	0.0	False	build/lwt_2d exit code 1: Unknown option: --height; build/ilwt_2d exit code 1: Unknown option: --benchmark
2d	lwt2d+ilwt2d_roundtrip	sym5	symmetric	Compact	standalone	3.32658	0.000332658	0	0.0	False	build/lwt_2d exit code 1: Unknown option: --height; build/ilwt_2d exit code 1: Unknown option: --benchmark
2d	lwt2d+ilwt2d_roundtrip	sym5	zero	Compact	standalone	3.32658	0.000332658	0	0.0	False	build/lwt_2d exit code 1: Unknown option: --height; build/ilwt_2d exit code 1: Unknown option: --benchmark
2d	lwt2d+ilwt2d_roundtrip	sym5	constant	Compact	standalone	3.32658	0.000332658	0	0.0	False	build/lwt_2d exit code 1: Unknown option: --height; build/ilwt_2d exit code 1: Unknown option: --benchmark
2d	lwt2d+ilwt2d_roundtrip	sym5	periodic	Compact	standalone	3.32658	0.000332658	0	0.0	False	build/lwt_2d exit code 1: Unknown option: --height; build/ilwt_2d exit code 1: Unknown option: --benchmark
2d	lwt2d+ilwt2d_roundtrip	sym5	antisymmetric	Compact	standalone	3.32658	0.000332658	0	0.0	False	build/lwt_2d exit code 1: Unknown option: --height; build/ilwt_2d exit code 1: Unknown option: --benchmark
2d	lwt2d+ilwt2d_roundtrip	sym5	smooth	Compact	standalone	3.32658	0.000332658	0	0.0	False	build/lwt_2d exit code 1: Unknown option: --height; build/ilwt_2d exit code 1: Unknown option: --benchmark
2d	lwt2d+ilwt2d_roundtrip	sym5	reflect	Compact	standalone	3.32658	0.000332658	0	0.0	False	build/lwt_2d exit code 1: Unknown option: --height; build/ilwt_2d exit code 1: Unknown option: --benchmark
2d	lwt2d+ilwt2d_roundtrip	sym5	antireflect	Compact	standalone	3.32658	0.000332658	0	0.0	False	build/lwt_2d exit code 1: Unknown option: --height; build/ilwt_2d exit code 1: Unknown option: --benchmark
2d	lwt2d+ilwt2d_roundtrip	sym6	symmetric	Compact	standalone	13.9887	0.00139887	0	0.0	False	build/lwt_2d exit code 1: Unknown option: --height; build/ilwt_2d exit code 1: Unknown option: --benchmark
2d	lwt2d+ilwt2d_roundtrip	sym6	zero	Compact	standalone	13.9887	0.00139887	0	0.0	False	build/lwt_2d exit code 1: Unknown option: --height; build/ilwt_2d exit code 1: Unknown option: --benchmark
2d	lwt2d+ilwt2d_roundtrip	sym6	constant	Compact	standalone	13.9887	0.00139887	0	0.0	False	build/lwt_2d exit code 1: Unknown option: --height; build/ilwt_2d exit code 1: Unknown option: --benchmark
2d	lwt2d+ilwt2d_roundtrip	sym6	periodic	Compact	standalone	13.9887	0.00139887	0	0.0	False	build/lwt_2d exit code 1: Unknown option: --height; build/ilwt_2d exit code 1: Unknown option: --benchmark
2d	lwt2d+ilwt2d_roundtrip	sym6	antisymmetric	Compact	standalone	13.9887	0.00139887	0	0.0	False	build/lwt_2d exit code 1: Unknown option: --height; build/ilwt_2d exit code 1: Unknown option: --benchmark
2d	lwt2d+ilwt2d_roundtrip	sym6	smooth	Compact	standalone	13.9887	0.00139887	0	0.0	False	build/lwt_2d exit code 1: Unknown option: --height; build/ilwt_2d exit code 1: Unknown option: --benchmark
2d	lwt2d+ilwt2d_roundtrip	sym6	reflect	Compact	standalone	13.9887	0.00139887	0	0.0	False	build/lwt_2d exit code 1: Unknown option: --height; build/ilwt_2d exit code 1: Unknown option: --benchmark
2d	lwt2d+ilwt2d_roundtrip	sym6	antireflect	Compact	standalone	13.9887	0.00139887	0	0.0	False	build/lwt_2d exit code 1: Unknown option: --height; build/ilwt_2d exit code 1: Unknown option: --benchmark
2d	lwt2d+ilwt2d_roundtrip	sym7	symmetric	Large / Sensitive	standalone	17127.2	85.63600000000001	0	0.0	False	build/lwt_2d exit code 1: Unknown option: --height; build/ilwt_2d exit code 1: Unknown option: --benchmark
2d	lwt2d+ilwt2d_roundtrip	sym7	zero	Large / Sensitive	standalone	17127.2	85.63600000000001	0	0.0	False	build/lwt_2d exit code 1: Unknown option: --height; build/ilwt_2d exit code 1: Unknown option: --benchmark
2d	lwt2d+ilwt2d_roundtrip	sym7	constant	Large / Sensitive	standalone	17127.2	85.63600000000001	0	0.0	False	build/lwt_2d exit code 1: Unknown option: --height; build/ilwt_2d exit code 1: Unknown option: --benchmark
2d	lwt2d+ilwt2d_roundtrip	sym7	periodic	Large / Sensitive	standalone	17127.2	85.63600000000001	0	0.0	False	build/lwt_2d exit code 1: Unknown option: --height; build/ilwt_2d exit code 1: Unknown option: --benchmark
2d	lwt2d+ilwt2d_roundtrip	sym7	antisymmetric	Large / Sensitive	standalone	17127.2	85.63600000000001	0	0.0	False	build/lwt_2d exit code 1: Unknown option: --height; build/ilwt_2d exit code 1: Unknown option: --benchmark
2d	lwt2d+ilwt2d_roundtrip	sym7	smooth	Large / Sensitive	standalone	17127.2	85.63600000000001	0	0.0	False	build/lwt_2d exit code 1: Unknown option: --height; build/ilwt_2d exit code 1: Unknown option: --benchmark
2d	lwt2d+ilwt2d_roundtrip	sym7	reflect	Large / Sensitive	standalone	17127.2	85.63600000000001	0	0.0	False	build/lwt_2d exit code 1: Unknown option: --height; build/ilwt_2d exit code 1: Unknown option: --benchmark
2d	lwt2d+ilwt2d_roundtrip	sym7	antireflect	Large / Sensitive	standalone	17127.2	85.63600000000001	0	0.0	False	build/lwt_2d exit code 1: Unknown option: --height; build/ilwt_2d exit code 1: Unknown option: --benchmark
2d	lwt2d+ilwt2d_roundtrip	sym8	symmetric	Large / Sensitive	standalone	19.0019	0.0950095	0	0.0	False	build/lwt_2d exit code 1: Unknown option: --height; build/ilwt_2d exit code 1: Unknown option: --benchmark
2d	lwt2d+ilwt2d_roundtrip	sym8	zero	Large / Sensitive	standalone	19.0019	0.0950095	0	0.0	False	build/lwt_2d exit code 1: Unknown option: --height; build/ilwt_2d exit code 1: Unknown option: --benchmark
2d	lwt2d+ilwt2d_roundtrip	sym8	constant	Large / Sensitive	standalone	19.0019	0.0950095	0	0.0	False	build/lwt_2d exit code 1: Unknown option: --height; build/ilwt_2d exit code 1: Unknown option: --benchmark
2d	lwt2d+ilwt2d_roundtrip	sym8	periodic	Large / Sensitive	standalone	19.0019	0.0950095	0	0.0	False	build/lwt_2d exit code 1: Unknown option: --height; build/ilwt_2d exit code 1: Unknown option: --benchmark
2d	lwt2d+ilwt2d_roundtrip	sym8	antisymmetric	Large / Sensitive	standalone	19.0019	0.0950095	0	0.0	False	build/lwt_2d exit code 1: Unknown option: --height; build/ilwt_2d exit code 1: Unknown option: --benchmark
2d	lwt2d+ilwt2d_roundtrip	sym8	smooth	Large / Sensitive	standalone	19.0019	0.0950095	0	0.0	False	build/lwt_2d exit code 1: Unknown option: --height; build/ilwt_2d exit code 1: Unknown option: --benchmark
2d	lwt2d+ilwt2d_roundtrip	sym8	reflect	Large / Sensitive	standalone	19.0019	0.0950095	0	0.0	False	build/lwt_2d exit code 1: Unknown option: --height; build/ilwt_2d exit code 1: Unknown option: --benchmark
2d	lwt2d+ilwt2d_roundtrip	sym8	antireflect	Large / Sensitive	standalone	19.0019	0.0950095	0	0.0	False	build/lwt_2d exit code 1: Unknown option: --height; build/ilwt_2d exit code 1: Unknown option: --benchmark
2d	lwt2d+ilwt2d_roundtrip	sym9	symmetric	Medium	standalone	309.77	0.30977	0	0.0	False	build/lwt_2d exit code 1: Unknown option: --height; build/ilwt_2d exit code 1: Unknown option: --benchmark
2d	lwt2d+ilwt2d_roundtrip	sym9	zero	Medium	standalone	309.77	0.30977	0	0.0	False	build/lwt_2d exit code 1: Unknown option: --height; build/ilwt_2d exit code 1: Unknown option: --benchmark
2d	lwt2d+ilwt2d_roundtrip	sym9	constant	Medium	standalone	309.77	0.30977	0	0.0	False	build/lwt_2d exit code 1: Unknown option: --height; build/ilwt_2d exit code 1: Unknown option: --benchmark
2d	lwt2d+ilwt2d_roundtrip	sym9	periodic	Medium	standalone	309.77	0.30977	0	0.0	False	build/lwt_2d exit code 1: Unknown option: --height; build/ilwt_2d exit code 1: Unknown option: --benchmark
2d	lwt2d+ilwt2d_roundtrip	sym9	antisymmetric	Medium	standalone	309.77	0.30977	0	0.0	False	build/lwt_2d exit code 1: Unknown option: --height; build/ilwt_2d exit code 1: Unknown option: --benchmark
2d	lwt2d+ilwt2d_roundtrip	sym9	smooth	Medium	standalone	309.77	0.30977	0	0.0	False	build/lwt_2d exit code 1: Unknown option: --height; build/ilwt_2d exit code 1: Unknown option: --benchmark
2d	lwt2d+ilwt2d_roundtrip	sym9	reflect	Medium	standalone	309.77	0.30977	0	0.0	False	build/lwt_2d exit code 1: Unknown option: --height; build/ilwt_2d exit code 1: Unknown option: --benchmark
2d	lwt2d+ilwt2d_roundtrip	sym9	antireflect	Medium	standalone	309.77	0.30977	0	0.0	False	build/lwt_2d exit code 1: Unknown option: --height; build/ilwt_2d exit code 1: Unknown option: --benchmark
1d	lwt+ilwt_roundtrip	bior1.1	symmetric	Compact	ttnn	1.41421	0.000141421	1.1920928955078125e-07	0.999999999999998	True	
1d	lwt+ilwt_roundtrip	bior1.1	zero	Compact	ttnn	1.41421	0.000141421	1.1920928955078125e-07	0.999999999999998	True	
1d	lwt+ilwt_roundtrip	bior1.1	constant	Compact	ttnn	1.41421	0.000141421	1.1920928955078125e-07	0.999999999999998	True	
1d	lwt+ilwt_roundtrip	bior1.1	periodic	Compact	ttnn	1.41421	0.000141421	1.1920928955078125e-07	0.999999999999998	True	
1d	lwt+ilwt_roundtrip	bior1.1	antisymmetric	Compact	ttnn	1.41421	0.000141421	1.1920928955078125e-07	0.999999999999998	True	
1d	lwt+ilwt_roundtrip	bior1.1	smooth	Compact	ttnn	1.41421	0.000141421	1.1920928955078125e-07	0.999999999999998	True	
1d	lwt+ilwt_roundtrip	bior1.1	reflect	Compact	ttnn	1.41421	0.000141421	1.1920928955078125e-07	0.999999999999998	True	
1d	lwt+ilwt_roundtrip	bior1.1	antireflect	Compact	ttnn	1.41421	0.000141421	1.1920928955078125e-07	0.999999999999998	True	
1d	lwt+ilwt_roundtrip	bior1.3	symmetric	Compact	ttnn	1.41421	0.000141421	1.1920928955078125e-07	0.9999999999999986	True	
1d	lwt+ilwt_roundtrip	bior1.3	zero	Compact	ttnn	1.41421	0.000141421	1.1920928955078125e-07	0.9999999999999984	True	
1d	lwt+ilwt_roundtrip	bior1.3	constant	Compact	ttnn	1.41421	0.000141421	1.1920928955078125e-07	0.9999999999999984	True	
1d	lwt+ilwt_roundtrip	bior1.3	periodic	Compact	ttnn	1.41421	0.000141421	1.8294591307640076	0.8791394599804971	False	
1d	lwt+ilwt_roundtrip	bior1.3	antisymmetric	Compact	ttnn	1.41421	0.000141421	1.1920928955078125e-07	0.9999999999999986	True	
1d	lwt+ilwt_roundtrip	bior1.3	smooth	Compact	ttnn	1.41421	0.000141421	1.1920928955078125e-07	0.9999999999999986	True	
1d	lwt+ilwt_roundtrip	bior1.3	reflect	Compact	ttnn	1.41421	0.000141421	1.1920928955078125e-07	0.9999999999999986	True	
1d	lwt+ilwt_roundtrip	bior1.3	antireflect	Compact	ttnn	1.41421	0.000141421	1.9956421852111816	0.5854872912354502	False	
1d	lwt+ilwt_roundtrip	bior1.5	symmetric	Compact	ttnn	1.41421	0.000141421	1.1920928955078125e-07	0.9999999999999988	True	
1d	lwt+ilwt_roundtrip	bior1.5	zero	Compact	ttnn	1.41421	0.000141421	1.1920928955078125e-07	0.9999999999999988	True	
1d	lwt+ilwt_roundtrip	bior1.5	constant	Compact	ttnn	1.41421	0.000141421	1.1920928955078125e-07	0.9999999999999988	True	
1d	lwt+ilwt_roundtrip	bior1.5	periodic	Compact	ttnn	1.41421	0.000141421	1.7607287168502808	0.8885035148947544	False	
1d	lwt+ilwt_roundtrip	bior1.5	antisymmetric	Compact	ttnn	1.41421	0.000141421	1.1920928955078125e-07	0.9999999999999984	True	
1d	lwt+ilwt_roundtrip	bior1.5	smooth	Compact	ttnn	1.41421	0.000141421	1.1920928955078125e-07	0.9999999999999982	True	
1d	lwt+ilwt_roundtrip	bior1.5	reflect	Compact	ttnn	1.41421	0.000141421	1.1920928955078125e-07	0.9999999999999986	True	
1d	lwt+ilwt_roundtrip	bior1.5	antireflect	Compact	ttnn	1.41421	0.000141421	1.9259065985679626	0.6293881576866351	False	
1d	lwt+ilwt_roundtrip	bior2.2	symmetric	Compact	ttnn	1.41421	0.000141421	1.7881393432617188e-07	0.9999999999999991	True	
1d	lwt+ilwt_roundtrip	bior2.2	zero	Compact	ttnn	1.41421	0.000141421	1.7881393432617188e-07	0.9999999999999989	True	
1d	lwt+ilwt_roundtrip	bior2.2	constant	Compact	ttnn	1.41421	0.000141421	1.7881393432617188e-07	0.9999999999999989	True	
1d	lwt+ilwt_roundtrip	bior2.2	periodic	Compact	ttnn	1.41421	0.000141421	1.829459011554718	0.8791394620447084	False	
1d	lwt+ilwt_roundtrip	bior2.2	antisymmetric	Compact	ttnn	1.41421	0.000141421	1.7881393432617188e-07	0.9999999999999992	True	
1d	lwt+ilwt_roundtrip	bior2.2	smooth	Compact	ttnn	1.41421	0.000141421	1.7881393432617188e-07	0.9999999999999991	True	
1d	lwt+ilwt_roundtrip	bior2.2	reflect	Compact	ttnn	1.41421	0.000141421	1.7881393432617188e-07	0.9999999999999989	True	
1d	lwt+ilwt_roundtrip	bior2.2	antireflect	Compact	ttnn	1.41421	0.000141421	1.9956421852111816	0.5854872920910189	False	
1d	lwt+ilwt_roundtrip	bior2.4	symmetric	Compact	ttnn	1.41421	0.000141421	2.980232238769531e-07	0.9999999999999996	True	
1d	lwt+ilwt_roundtrip	bior2.4	zero	Compact	ttnn	1.41421	0.000141421	2.980232238769531e-07	0.9999999999999991	True	
1d	lwt+ilwt_roundtrip	bior2.4	constant	Compact	ttnn	1.41421	0.000141421	2.980232238769531e-07	0.9999999999999991	True	
1d	lwt+ilwt_roundtrip	bior2.4	periodic	Compact	ttnn	1.41421	0.000141421	1.7607287168502808	0.8885035148999249	False	
1d	lwt+ilwt_roundtrip	bior2.4	antisymmetric	Compact	ttnn	1.41421	0.000141421	2.980232238769531e-07	0.9999999999999991	True	
1d	lwt+ilwt_roundtrip	bior2.4	smooth	Compact	ttnn	1.41421	0.000141421	2.980232238769531e-07	0.9999999999999991	True	
1d	lwt+ilwt_roundtrip	bior2.4	reflect	Compact	ttnn	1.41421	0.000141421	2.980232238769531e-07	0.9999999999999991	True	
1d	lwt+ilwt_roundtrip	bior2.4	antireflect	Compact	ttnn	1.41421	0.000141421	1.9259065985679626	0.6293881536346453	False	
1d	lwt+ilwt_roundtrip	bior2.6	symmetric	Large / Sensitive	ttnn	1.41421	0.00707105	1.7881393432617188e-07	0.9999999999999991	True	
1d	lwt+ilwt_roundtrip	bior2.6	zero	Large / Sensitive	ttnn	1.41421	0.00707105	1.7881393432617188e-07	0.9999999999999992	True	
1d	lwt+ilwt_roundtrip	bior2.6	constant	Large / Sensitive	ttnn	1.41421	0.00707105	1.7881393432617188e-07	0.9999999999999992	True	
1d	lwt+ilwt_roundtrip	bior2.6	periodic	Large / Sensitive	ttnn	1.41421	0.00707105	1.6800528764724731	0.8957589220187089	False	
1d	lwt+ilwt_roundtrip	bior2.6	antisymmetric	Large / Sensitive	ttnn	1.41421	0.00707105	1.7881393432617188e-07	0.9999999999999996	True	
1d	lwt+ilwt_roundtrip	bior2.6	smooth	Large / Sensitive	ttnn	1.41421	0.00707105	1.7881393432617188e-07	0.9999999999999992	True	
1d	lwt+ilwt_roundtrip	bior2.6	reflect	Large / Sensitive	ttnn	1.41421	0.00707105	1.7881393432617188e-07	0.9999999999999989	True	
1d	lwt+ilwt_roundtrip	bior2.6	antireflect	Large / Sensitive	ttnn	1.41421	0.00707105	1.9926780462265015	0.7405798324965128	False	
1d	lwt+ilwt_roundtrip	bior2.8	symmetric	Large / Sensitive	ttnn	1.41421	0.00707105	1.7881393432617188e-07	0.9999999999999989	True	
1d	lwt+ilwt_roundtrip	bior2.8	zero	Large / Sensitive	ttnn	1.41421	0.00707105	1.7881393432617188e-07	0.9999999999999989	True	
1d	lwt+ilwt_roundtrip	bior2.8	constant	Large / Sensitive	ttnn	1.41421	0.00707105	1.7881393432617188e-07	0.9999999999999992	True	
1d	lwt+ilwt_roundtrip	bior2.8	periodic	Large / Sensitive	ttnn	1.41421	0.00707105	1.588646948337555	0.9005565873248204	False	
1d	lwt+ilwt_roundtrip	bior2.8	antisymmetric	Large / Sensitive	ttnn	1.41421	0.00707105	1.7881393432617188e-07	0.9999999999999988	True	
1d	lwt+ilwt_roundtrip	bior2.8	smooth	Large / Sensitive	ttnn	1.41421	0.00707105	1.7881393432617188e-07	0.9999999999999992	True	
1d	lwt+ilwt_roundtrip	bior2.8	reflect	Large / Sensitive	ttnn	1.41421	0.00707105	1.7881393432617188e-07	0.9999999999999992	True	
1d	lwt+ilwt_roundtrip	bior2.8	antireflect	Large / Sensitive	ttnn	1.41421	0.00707105	1.9637216925621033	0.8985405020581458	False	
1d	lwt+ilwt_roundtrip	bior3.1	symmetric	Compact	ttnn	1.125	0.00011250000000000001	1.7881393432617188e-07	0.9999999999999984	True	
1d	lwt+ilwt_roundtrip	bior3.1	zero	Compact	ttnn	1.125	0.00011250000000000001	1.7881393432617188e-07	0.9999999999999977	True	
1d	lwt+ilwt_roundtrip	bior3.1	constant	Compact	ttnn	1.125	0.00011250000000000001	1.7881393432617188e-07	0.9999999999999984	True	
1d	lwt+ilwt_roundtrip	bior3.1	periodic	Compact	ttnn	1.125	0.00011250000000000001	1.8590136766433716	0.8731470061813253	False	
1d	lwt+ilwt_roundtrip	bior3.1	antisymmetric	Compact	ttnn	1.125	0.00011250000000000001	1.7881393432617188e-07	0.9999999999999984	True	
1d	lwt+ilwt_roundtrip	bior3.1	smooth	Compact	ttnn	1.125	0.00011250000000000001	1.7881393432617188e-07	0.9999999999999984	True	
1d	lwt+ilwt_roundtrip	bior3.1	reflect	Compact	ttnn	1.125	0.00011250000000000001	1.7881393432617188e-07	0.9999999999999982	True	
1d	lwt+ilwt_roundtrip	bior3.1	antireflect	Compact	ttnn	1.125	0.00011250000000000001	1.9875268340110779	0.7001591609465206	False	
1d	lwt+ilwt_roundtrip	bior3.3	symmetric	Compact	ttnn	2.12132	0.000212132	1.1920928955078125e-07	0.9999999999999997	True	
1d	lwt+ilwt_roundtrip	bior3.3	zero	Compact	ttnn	2.12132	0.000212132	1.1920928955078125e-07	0.9999999999999992	True	
1d	lwt+ilwt_roundtrip	bior3.3	constant	Compact	ttnn	2.12132	0.000212132	1.1920928955078125e-07	0.9999999999999992	True	
1d	lwt+ilwt_roundtrip	bior3.3	periodic	Compact	ttnn	2.12132	0.000212132	1.796656608581543	0.8840145129984324	False	
1d	lwt+ilwt_roundtrip	bior3.3	antisymmetric	Compact	ttnn	2.12132	0.000212132	1.1920928955078125e-07	0.9999999999999996	True	
1d	lwt+ilwt_roundtrip	bior3.3	smooth	Compact	ttnn	2.12132	0.000212132	1.1920928955078125e-07	0.9999999999999992	True	
1d	lwt+ilwt_roundtrip	bior3.3	reflect	Compact	ttnn	2.12132	0.000212132	1.1920928955078125e-07	0.9999999999999992	True	
1d	lwt+ilwt_roundtrip	bior3.3	antireflect	Compact	ttnn	2.12132	0.000212132	1.9978103041648865	0.5385293839473315	False	
1d	lwt+ilwt_roundtrip	bior3.5	symmetric	Compact	ttnn	2.12132	0.000212132	1.1920928955078125e-07	0.9999999999999991	True	
1d	lwt+ilwt_roundtrip	bior3.5	zero	Compact	ttnn	2.12132	0.000212132	1.1920928955078125e-07	0.9999999999999991	True	
1d	lwt+ilwt_roundtrip	bior3.5	constant	Compact	ttnn	2.12132	0.000212132	1.1920928955078125e-07	0.9999999999999991	True	
1d	lwt+ilwt_roundtrip	bior3.5	periodic	Compact	ttnn	2.12132	0.000212132	1.721811592578888	0.89134774882807	False	
1d	lwt+ilwt_roundtrip	bior3.5	antisymmetric	Compact	ttnn	2.12132	0.000212132	1.1920928955078125e-07	0.9999999999999989	True	
1d	lwt+ilwt_roundtrip	bior3.5	smooth	Compact	ttnn	2.12132	0.000212132	1.1920928955078125e-07	0.9999999999999996	True	
1d	lwt+ilwt_roundtrip	bior3.5	reflect	Compact	ttnn	2.12132	0.000212132	1.1920928955078125e-07	0.9999999999999991	True	
1d	lwt+ilwt_roundtrip	bior3.5	antireflect	Compact	ttnn	2.12132	0.000212132	1.9303346276283264	0.6889895218255827	False	
1d	lwt+ilwt_roundtrip	bior3.7	symmetric	Large / Sensitive	ttnn	2.12132	0.010606599999999999	1.1920928955078125e-07	0.9999999999999992	True	
1d	lwt+ilwt_roundtrip	bior3.7	zero	Large / Sensitive	ttnn	2.12132	0.010606599999999999	1.1920928955078125e-07	0.9999999999999989	True	
1d	lwt+ilwt_roundtrip	bior3.7	constant	Large / Sensitive	ttnn	2.12132	0.010606599999999999	1.1920928955078125e-07	0.9999999999999997	True	
1d	lwt+ilwt_roundtrip	bior3.7	periodic	Large / Sensitive	ttnn	2.12132	0.010606599999999999	1.6356085538864136	0.8990283227598996	False	
1d	lwt+ilwt_roundtrip	bior3.7	antisymmetric	Large / Sensitive	ttnn	2.12132	0.010606599999999999	1.1920928955078125e-07	0.9999999999999997	True	
1d	lwt+ilwt_roundtrip	bior3.7	smooth	Large / Sensitive	ttnn	2.12132	0.010606599999999999	1.1920928955078125e-07	0.9999999999999993	True	
1d	lwt+ilwt_roundtrip	bior3.7	reflect	Large / Sensitive	ttnn	2.12132	0.010606599999999999	1.1920928955078125e-07	0.9999999999999992	True	
1d	lwt+ilwt_roundtrip	bior3.7	antireflect	Large / Sensitive	ttnn	2.12132	0.010606599999999999	1.9970278143882751	0.7996300512045232	False	
1d	lwt+ilwt_roundtrip	bior3.9	symmetric	Large / Sensitive	ttnn	2.12132	0.010606599999999999	1.1920928955078125e-07	0.9999999999999991	True	
1d	lwt+ilwt_roundtrip	bior3.9	zero	Large / Sensitive	ttnn	2.12132	0.010606599999999999	1.1920928955078125e-07	0.9999999999999993	True	
1d	lwt+ilwt_roundtrip	bior3.9	constant	Large / Sensitive	ttnn	2.12132	0.010606599999999999	1.1920928955078125e-07	0.9999999999999993	True	
1d	lwt+ilwt_roundtrip	bior3.9	periodic	Large / Sensitive	ttnn	2.12132	0.010606599999999999	1.5393446683883667	0.9022704515092729	False	
1d	lwt+ilwt_roundtrip	bior3.9	antisymmetric	Large / Sensitive	ttnn	2.12132	0.010606599999999999	1.1920928955078125e-07	0.9999999999999993	True	
1d	lwt+ilwt_roundtrip	bior3.9	smooth	Large / Sensitive	ttnn	2.12132	0.010606599999999999	1.1920928955078125e-07	0.9999999999999993	True	
1d	lwt+ilwt_roundtrip	bior3.9	reflect	Large / Sensitive	ttnn	2.12132	0.010606599999999999	1.1920928955078125e-07	0.9999999999999988	True	
1d	lwt+ilwt_roundtrip	bior3.9	antireflect	Large / Sensitive	ttnn	2.12132	0.010606599999999999	1.1920928955078125e-07	0.9999999999999993	True	
1d	lwt+ilwt_roundtrip	bior4.4	symmetric	Compact	ttnn	1.58613	0.00015861300000000002	4.76837158203125e-07	0.9999999999999934	True	
1d	lwt+ilwt_roundtrip	bior4.4	zero	Compact	ttnn	1.58613	0.00015861300000000002	4.76837158203125e-07	0.9999999999999934	True	
1d	lwt+ilwt_roundtrip	bior4.4	constant	Compact	ttnn	1.58613	0.00015861300000000002	4.76837158203125e-07	0.9999999999999934	True	
1d	lwt+ilwt_roundtrip	bior4.4	periodic	Compact	ttnn	1.58613	0.00015861300000000002	1.9785135388374329	0.8026768616610793	False	
1d	lwt+ilwt_roundtrip	bior4.4	antisymmetric	Compact	ttnn	1.58613	0.00015861300000000002	4.76837158203125e-07	0.9999999999999934	True	
1d	lwt+ilwt_roundtrip	bior4.4	smooth	Compact	ttnn	1.58613	0.00015861300000000002	4.76837158203125e-07	0.9999999999999934	True	
1d	lwt+ilwt_roundtrip	bior4.4	reflect	Compact	ttnn	1.58613	0.00015861300000000002	4.76837158203125e-07	0.9999999999999931	True	
1d	lwt+ilwt_roundtrip	bior4.4	antireflect	Compact	ttnn	1.58613	0.00015861300000000002	1.8770243525505066	0.5452961919504191	False	
1d	lwt+ilwt_roundtrip	bior5.5	symmetric	Compact	ttnn	5.58579	0.000558579	1.1324882507324219e-06	0.9999999999999298	True	
1d	lwt+ilwt_roundtrip	bior5.5	zero	Compact	ttnn	5.58579	0.000558579	1.1324882507324219e-06	0.9999999999999305	True	
1d	lwt+ilwt_roundtrip	bior5.5	constant	Compact	ttnn	5.58579	0.000558579	1.1324882507324219e-06	0.9999999999999295	True	
1d	lwt+ilwt_roundtrip	bior5.5	periodic	Compact	ttnn	5.58579	0.000558579	1.9833173751831055	0.7980361750326312	False	
1d	lwt+ilwt_roundtrip	bior5.5	antisymmetric	Compact	ttnn	5.58579	0.000558579	1.1324882507324219e-06	0.9999999999999298	True	
1d	lwt+ilwt_roundtrip	bior5.5	smooth	Compact	ttnn	5.58579	0.000558579	1.1324882507324219e-06	0.9999999999999294	True	
1d	lwt+ilwt_roundtrip	bior5.5	reflect	Compact	ttnn	5.58579	0.000558579	1.1324882507324219e-06	0.9999999999999298	True	
1d	lwt+ilwt_roundtrip	bior5.5	antireflect	Compact	ttnn	5.58579	0.000558579	1.8770246505737305	0.5279505985511902	False	
1d	lwt+ilwt_roundtrip	bior6.8	symmetric	Large / Sensitive	ttnn	1.15131	0.00575655	2.980232238769531e-07	0.9999999999999959	True	
1d	lwt+ilwt_roundtrip	bior6.8	zero	Large / Sensitive	ttnn	1.15131	0.00575655	2.980232238769531e-07	0.9999999999999956	True	
1d	lwt+ilwt_roundtrip	bior6.8	constant	Large / Sensitive	ttnn	1.15131	0.00575655	2.980232238769531e-07	0.9999999999999953	True	
1d	lwt+ilwt_roundtrip	bior6.8	periodic	Large / Sensitive	ttnn	1.15131	0.00575655	1.9932807683944702	0.7879248973965516	False	
1d	lwt+ilwt_roundtrip	bior6.8	antisymmetric	Large / Sensitive	ttnn	1.15131	0.00575655	2.980232238769531e-07	0.9999999999999953	True	
1d	lwt+ilwt_roundtrip	bior6.8	smooth	Large / Sensitive	ttnn	1.15131	0.00575655	2.980232238769531e-07	0.9999999999999958	True	
1d	lwt+ilwt_roundtrip	bior6.8	reflect	Large / Sensitive	ttnn	1.15131	0.00575655	2.980232238769531e-07	0.9999999999999956	True	
1d	lwt+ilwt_roundtrip	bior6.8	antireflect	Large / Sensitive	ttnn	1.15131	0.00575655	2.980232238769531e-07	0.9999999999999956	True	
1d	lwt+ilwt_roundtrip	coif1	symmetric	Compact	ttnn	91.8006	0.00918006	5.364418029785156e-07	0.9999999999999746	True	
1d	lwt+ilwt_roundtrip	coif1	zero	Compact	ttnn	91.8006	0.00918006	5.364418029785156e-07	0.9999999999999746	True	
1d	lwt+ilwt_roundtrip	coif1	constant	Compact	ttnn	91.8006	0.00918006	5.364418029785156e-07	0.9999999999999752	True	
1d	lwt+ilwt_roundtrip	coif1	periodic	Compact	ttnn	91.8006	0.00918006	1.8294590711593628	0.8791394591303194	False	
1d	lwt+ilwt_roundtrip	coif1	antisymmetric	Compact	ttnn	91.8006	0.00918006	5.364418029785156e-07	0.999999999999975	True	
1d	lwt+ilwt_roundtrip	coif1	smooth	Compact	ttnn	91.8006	0.00918006	5.364418029785156e-07	0.9999999999999744	True	
1d	lwt+ilwt_roundtrip	coif1	reflect	Compact	ttnn	91.8006	0.00918006	5.364418029785156e-07	0.9999999999999754	True	
1d	lwt+ilwt_roundtrip	coif1	antireflect	Compact	ttnn	91.8006	0.00918006	1.9956421256065369	0.5854872993532558	False	
1d	lwt+ilwt_roundtrip	coif10	symmetric	Large / Sensitive	ttnn	2437.12	12.185599999999999	2.7388334274291992e-05	0.9999999999983019	True	
1d	lwt+ilwt_roundtrip	coif10	zero	Large / Sensitive	ttnn	2437.12	12.185599999999999	2.4884939193725586e-05	0.99999999999867	True	
1d	lwt+ilwt_roundtrip	coif10	constant	Large / Sensitive	ttnn	2437.12	12.185599999999999	6.0230493545532227e-05	0.9999999999935785	True	
1d	lwt+ilwt_roundtrip	coif10	periodic	Large / Sensitive	ttnn	2437.12	12.185599999999999	1.9213513731956482	0.8280018247927031	True	
1d	lwt+ilwt_roundtrip	coif10	antisymmetric	Large / Sensitive	ttnn	2437.12	12.185599999999999	2.0205974578857422e-05	0.9999999999988033	True	
1d	lwt+ilwt_roundtrip	coif10	smooth	Large / Sensitive	ttnn	2437.12	12.185599999999999	1.1920928955078125e-06	0.9999999999999143	True	
1d	lwt+ilwt_roundtrip	coif10	reflect	Large / Sensitive	ttnn	2437.12	12.185599999999999	2.9385089874267578e-05	0.999999999997469	True	
1d	lwt+ilwt_roundtrip	coif10	antireflect	Large / Sensitive	ttnn	2437.12	12.185599999999999	1.1920928955078125e-06	0.999999999999914	True	
1d	lwt+ilwt_roundtrip	coif11	symmetric	Large / Sensitive	ttnn	16170.8	80.854	1.3375557661056519	0.9024884035103447	True	
1d	lwt+ilwt_roundtrip	coif11	zero	Large / Sensitive	ttnn	16170.8	80.854	1.3375557661056519	0.9025901314100154	True	
1d	lwt+ilwt_roundtrip	coif11	constant	Large / Sensitive	ttnn	16170.8	80.854	1.3375557661056519	0.9025901474763186	True	
1d	lwt+ilwt_roundtrip	coif11	periodic	Large / Sensitive	ttnn	16170.8	80.854	2.172411859035492	0.7361675352870095	True	
1d	lwt+ilwt_roundtrip	coif11	antisymmetric	Large / Sensitive	ttnn	16170.8	80.854	1.3375557661056519	0.9018160680956806	True	
1d	lwt+ilwt_roundtrip	coif11	smooth	Large / Sensitive	ttnn	16170.8	80.854	1.3375557661056519	0.9009542446126488	True	
1d	lwt+ilwt_roundtrip	coif11	reflect	Large / Sensitive	ttnn	16170.8	80.854	1.3375557661056519	0.9019160738851327	True	
1d	lwt+ilwt_roundtrip	coif11	antireflect	Large / Sensitive	ttnn	16170.8	80.854	1.3375557661056519	0.9010366809549564	True	
1d	lwt+ilwt_roundtrip	coif12	symmetric	Large / Sensitive	ttnn	2116.57	10.58285	0.0002173781394958496	0.9999999999049702	True	
1d	lwt+ilwt_roundtrip	coif12	zero	Large / Sensitive	ttnn	2116.57	10.58285	0.0002143383026123047	0.9999999999114045	True	
1d	lwt+ilwt_roundtrip	coif12	constant	Large / Sensitive	ttnn	2116.57	10.58285	0.00048607587814331055	0.9999999995448063	True	
1d	lwt+ilwt_roundtrip	coif12	periodic	Large / Sensitive	ttnn	2116.57	10.58285	2.040134072303772	0.8219030263585814	True	
1d	lwt+ilwt_roundtrip	coif12	antisymmetric	Large / Sensitive	ttnn	2116.57	10.58285	0.0005631446838378906	0.9999999994523712	True	
1d	lwt+ilwt_roundtrip	coif12	smooth	Large / Sensitive	ttnn	2116.57	10.58285	1.0132789611816406e-06	0.9999999999999281	True	
1d	lwt+ilwt_roundtrip	coif12	reflect	Large / Sensitive	ttnn	2116.57	10.58285	0.0011142492294311523	0.9999999977831596	True	
1d	lwt+ilwt_roundtrip	coif12	antireflect	Large / Sensitive	ttnn	2116.57	10.58285	1.0132789611816406e-06	0.9999999999999284	True	
1d	lwt+ilwt_roundtrip	coif13	symmetric	Large / Sensitive	ttnn	23489.6	117.448	25.01660919189453	0.11809902242405625	True	
1d	lwt+ilwt_roundtrip	coif13	zero	Large / Sensitive	ttnn	23489.6	117.448	25.01660919189453	0.11887126602515913	True	
1d	lwt+ilwt_roundtrip	coif13	constant	Large / Sensitive	ttnn	23489.6	117.448	25.01660919189453	0.11887124488700244	True	
1d	lwt+ilwt_roundtrip	coif13	periodic	Large / Sensitive	ttnn	23489.6	117.448	23.00045597553253	0.10290211719366349	True	
1d	lwt+ilwt_roundtrip	coif13	antisymmetric	Large / Sensitive	ttnn	23489.6	117.448	25.01660919189453	0.11871465385851322	True	
1d	lwt+ilwt_roundtrip	coif13	smooth	Large / Sensitive	ttnn	23489.6	117.448	25.01660919189453	0.1187276757961208	True	
1d	lwt+ilwt_roundtrip	coif13	reflect	Large / Sensitive	ttnn	23489.6	117.448	25.01660919189453	0.1180292285683714	True	
1d	lwt+ilwt_roundtrip	coif13	antireflect	Large / Sensitive	ttnn	23489.6	117.448	25.01660919189453	0.11856575965861325	True	
1d	lwt+ilwt_roundtrip	coif14	symmetric	Large / Sensitive	ttnn	3417.27	17.08635	0.0012936592102050781	0.999999995482657	True	
1d	lwt+ilwt_roundtrip	coif14	zero	Large / Sensitive	ttnn	3417.27	17.08635	0.0021238327026367188	0.9999999833576335	True	
1d	lwt+ilwt_roundtrip	coif14	constant	Large / Sensitive	ttnn	3417.27	17.08635	0.0012156963348388672	0.999999994680686	True	
1d	lwt+ilwt_roundtrip	coif14	periodic	Large / Sensitive	ttnn	3417.27	17.08635	4.898723602294922	0.7112143518748397	True	
1d	lwt+ilwt_roundtrip	coif14	antisymmetric	Large / Sensitive	ttnn	3417.27	17.08635	0.005241990089416504	0.9999999392474919	True	
1d	lwt+ilwt_roundtrip	coif14	smooth	Large / Sensitive	ttnn	3417.27	17.08635	2.86102294921875e-06	0.9999999999997315	True	
1d	lwt+ilwt_roundtrip	coif14	reflect	Large / Sensitive	ttnn	3417.27	17.08635	0.005540072917938232	0.9999999261490595	True	
1d	lwt+ilwt_roundtrip	coif14	antireflect	Large / Sensitive	ttnn	3417.27	17.08635	2.205371856689453e-06	0.9999999999997441	True	
1d	lwt+ilwt_roundtrip	coif15	symmetric	Large / Sensitive	ttnn	36169.8	180.84900000000002	365.02196699380875	0.006662423001162585	False	
1d	lwt+ilwt_roundtrip	coif15	zero	Large / Sensitive	ttnn	36169.8	180.84900000000002	365.02196699380875	0.006791797885015467	False	
1d	lwt+ilwt_roundtrip	coif15	constant	Large / Sensitive	ttnn	36169.8	180.84900000000002	365.02196699380875	0.006791797624903126	False	
1d	lwt+ilwt_roundtrip	coif15	periodic	Large / Sensitive	ttnn	36169.8	180.84900000000002	390.00300981500186	0.006193738889314159	False	
1d	lwt+ilwt_roundtrip	coif15	antisymmetric	Large / Sensitive	ttnn	36169.8	180.84900000000002	365.02196699380875	0.006762613439846609	False	
1d	lwt+ilwt_roundtrip	coif15	smooth	Large / Sensitive	ttnn	36169.8	180.84900000000002	365.02196699380875	0.006704615475409122	False	
1d	lwt+ilwt_roundtrip	coif15	reflect	Large / Sensitive	ttnn	36169.8	180.84900000000002	403.5094418898225	0.006626341936282397	False	
1d	lwt+ilwt_roundtrip	coif15	antireflect	Large / Sensitive	ttnn	36169.8	180.84900000000002	365.02196699380875	0.006694297754991648	False	
1d	lwt+ilwt_roundtrip	coif16	symmetric	Large / Sensitive	ttnn	4375.36	21.8768	0.06350409984588623	0.9999832335614722	True	
1d	lwt+ilwt_roundtrip	coif16	zero	Large / Sensitive	ttnn	4375.36	21.8768	0.05150061845779419	0.999992619022007	True	
1d	lwt+ilwt_roundtrip	coif16	constant	Large / Sensitive	ttnn	4375.36	21.8768	0.33000320196151733	0.9998077434081506	True	
1d	lwt+ilwt_roundtrip	coif16	periodic	Large / Sensitive	ttnn	4375.36	21.8768	44.83064937591553	0.09188792123893104	False	
1d	lwt+ilwt_roundtrip	coif16	antisymmetric	Large / Sensitive	ttnn	4375.36	21.8768	0.10684710741043091	0.9999770646994999	True	
1d	lwt+ilwt_roundtrip	coif16	smooth	Large / Sensitive	ttnn	4375.36	21.8768	3.421306610107422e-05	0.9999999999488232	True	
1d	lwt+ilwt_roundtrip	coif16	reflect	Large / Sensitive	ttnn	4375.36	21.8768	0.14498412609100342	0.9999583742741007	True	
1d	lwt+ilwt_roundtrip	coif16	antireflect	Large / Sensitive	ttnn	4375.36	21.8768	3.641843795776367e-05	0.9999999999442375	True	
1d	lwt+ilwt_roundtrip	coif17	symmetric	Large / Sensitive	ttnn	34912.6	174.563	6492.741055488586	0.00043083612099468197	False	
1d	lwt+ilwt_roundtrip	coif17	zero	Large / Sensitive	ttnn	34912.6	174.563	6492.741055488586	0.00044490142203436946	False	
1d	lwt+ilwt_roundtrip	coif17	constant	Large / Sensitive	ttnn	34912.6	174.563	6492.741055488586	0.00044493056116126926	False	
1d	lwt+ilwt_roundtrip	coif17	periodic	Large / Sensitive	ttnn	34912.6	174.563	6492.741055488586	0.00044543563033893377	False	
1d	lwt+ilwt_roundtrip	coif17	antisymmetric	Large / Sensitive	ttnn	34912.6	174.563	6492.741055488586	0.0004397105201318993	False	
1d	lwt+ilwt_roundtrip	coif17	smooth	Large / Sensitive	ttnn	34912.6	174.563	6492.741055488586	0.00039388072893869444	False	
1d	lwt+ilwt_roundtrip	coif17	reflect	Large / Sensitive	ttnn	34912.6	174.563	6492.741055488586	0.0004307669959270604	False	
1d	lwt+ilwt_roundtrip	coif17	antireflect	Large / Sensitive	ttnn	34912.6	174.563	6492.741055488586	0.0004193187257132662	False	
1d	lwt+ilwt_roundtrip	coif2	symmetric	Compact	ttnn	3.57823	0.000357823	3.5762786865234375e-07	0.999999999999995	True	
1d	lwt+ilwt_roundtrip	coif2	zero	Compact	ttnn	3.57823	0.000357823	3.5762786865234375e-07	0.9999999999999946	True	
1d	lwt+ilwt_roundtrip	coif2	constant	Compact	ttnn	3.57823	0.000357823	3.5762786865234375e-07	0.9999999999999947	True	
1d	lwt+ilwt_roundtrip	coif2	periodic	Compact	ttnn	3.57823	0.000357823	1.9833176136016846	0.7980361732706305	False	
1d	lwt+ilwt_roundtrip	coif2	antisymmetric	Compact	ttnn	3.57823	0.000357823	3.5762786865234375e-07	0.9999999999999946	True	
1d	lwt+ilwt_roundtrip	coif2	smooth	Compact	ttnn	3.57823	0.000357823	3.5762786865234375e-07	0.9999999999999946	True	
1d	lwt+ilwt_roundtrip	coif2	reflect	Compact	ttnn	3.57823	0.000357823	3.5762786865234375e-07	0.999999999999995	True	
1d	lwt+ilwt_roundtrip	coif2	antireflect	Compact	ttnn	3.57823	0.000357823	1.863079309463501	0.5264071663354125	False	
1d	lwt+ilwt_roundtrip	coif3	symmetric	Medium	ttnn	42.7863	0.0427863	1.436471939086914e-05	0.9999999999905628	True	
1d	lwt+ilwt_roundtrip	coif3	zero	Medium	ttnn	42.7863	0.0427863	1.436471939086914e-05	0.9999999999905638	True	
1d	lwt+ilwt_roundtrip	coif3	constant	Medium	ttnn	42.7863	0.0427863	1.436471939086914e-05	0.999999999990559	True	
1d	lwt+ilwt_roundtrip	coif3	periodic	Medium	ttnn	42.7863	0.0427863	1.9932814240455627	0.7879249140818613	False	
1d	lwt+ilwt_roundtrip	coif3	antisymmetric	Medium	ttnn	42.7863	0.0427863	1.436471939086914e-05	0.9999999999905628	True	
1d	lwt+ilwt_roundtrip	coif3	smooth	Medium	ttnn	42.7863	0.0427863	1.436471939086914e-05	0.9999999999905421	True	
1d	lwt+ilwt_roundtrip	coif3	reflect	Medium	ttnn	42.7863	0.0427863	1.436471939086914e-05	0.9999999999905617	True	
1d	lwt+ilwt_roundtrip	coif3	antireflect	Medium	ttnn	42.7863	0.0427863	1.436471939086914e-05	0.999999999990532	True	
1d	lwt+ilwt_roundtrip	coif4	symmetric	Medium	ttnn	14.799	0.014799	4.76837158203125e-07	0.9999999999999875	True	
1d	lwt+ilwt_roundtrip	coif4	zero	Medium	ttnn	14.799	0.014799	4.76837158203125e-07	0.9999999999999872	True	
1d	lwt+ilwt_roundtrip	coif4	constant	Medium	ttnn	14.799	0.014799	4.76837158203125e-07	0.999999999999987	True	
1d	lwt+ilwt_roundtrip	coif4	periodic	Medium	ttnn	14.799	0.014799	1.998835802078247	0.7720189887285422	False	
1d	lwt+ilwt_roundtrip	coif4	antisymmetric	Medium	ttnn	14.799	0.014799	4.76837158203125e-07	0.9999999999999875	True	
1d	lwt+ilwt_roundtrip	coif4	smooth	Medium	ttnn	14.799	0.014799	4.76837158203125e-07	0.9999999999999871	True	
1d	lwt+ilwt_roundtrip	coif4	reflect	Medium	ttnn	14.799	0.014799	4.76837158203125e-07	0.9999999999999875	True	
1d	lwt+ilwt_roundtrip	coif4	antireflect	Medium	ttnn	14.799	0.014799	4.76837158203125e-07	0.9999999999999871	True	
1d	lwt+ilwt_roundtrip	coif5	symmetric	Large / Sensitive	ttnn	283.731	1.418655	0.000213623046875	0.9999999964942166	True	
1d	lwt+ilwt_roundtrip	coif5	zero	Large / Sensitive	ttnn	283.731	1.418655	0.000213623046875	0.9999999964944574	True	
1d	lwt+ilwt_roundtrip	coif5	constant	Large / Sensitive	ttnn	283.731	1.418655	0.000213623046875	0.9999999964944574	True	
1d	lwt+ilwt_roundtrip	coif5	periodic	Large / Sensitive	ttnn	283.731	1.418655	1.997546374797821	0.7615439318616515	False	
1d	lwt+ilwt_roundtrip	coif5	antisymmetric	Large / Sensitive	ttnn	283.731	1.418655	0.000213623046875	0.9999999965011833	True	
1d	lwt+ilwt_roundtrip	coif5	smooth	Large / Sensitive	ttnn	283.731	1.418655	0.000213623046875	0.9999999965029841	True	
1d	lwt+ilwt_roundtrip	coif5	reflect	Large / Sensitive	ttnn	283.731	1.418655	0.000213623046875	0.9999999965023223	True	
1d	lwt+ilwt_roundtrip	coif5	antireflect	Large / Sensitive	ttnn	283.731	1.418655	0.000213623046875	0.9999999965004884	True	
1d	lwt+ilwt_roundtrip	coif6	symmetric	Large / Sensitive	ttnn	93.4704	0.467352	7.152557373046875e-07	0.9999999999999728	True	
1d	lwt+ilwt_roundtrip	coif6	zero	Large / Sensitive	ttnn	93.4704	0.467352	7.152557373046875e-07	0.999999999999973	True	
1d	lwt+ilwt_roundtrip	coif6	constant	Large / Sensitive	ttnn	93.4704	0.467352	7.152557373046875e-07	0.9999999999999727	True	
1d	lwt+ilwt_roundtrip	coif6	periodic	Large / Sensitive	ttnn	93.4704	0.467352	1.7769802808761597	0.8535742559733668	False	
1d	lwt+ilwt_roundtrip	coif6	antisymmetric	Large / Sensitive	ttnn	93.4704	0.467352	7.152557373046875e-07	0.999999999999973	True	
1d	lwt+ilwt_roundtrip	coif6	smooth	Large / Sensitive	ttnn	93.4704	0.467352	7.152557373046875e-07	0.9999999999999727	True	
1d	lwt+ilwt_roundtrip	coif6	reflect	Large / Sensitive	ttnn	93.4704	0.467352	7.152557373046875e-07	0.999999999999973	True	
1d	lwt+ilwt_roundtrip	coif6	antireflect	Large / Sensitive	ttnn	93.4704	0.467352	7.152557373046875e-07	0.9999999999999734	True	
1d	lwt+ilwt_roundtrip	coif7	symmetric	Large / Sensitive	ttnn	1724.88	8.624400000000001	0.004764199256896973	0.9999988049029686	True	
1d	lwt+ilwt_roundtrip	coif7	zero	Large / Sensitive	ttnn	1724.88	8.624400000000001	0.004764199256896973	0.9999988037836272	True	
1d	lwt+ilwt_roundtrip	coif7	constant	Large / Sensitive	ttnn	1724.88	8.624400000000001	0.004764199256896973	0.999998803780272	True	
1d	lwt+ilwt_roundtrip	coif7	periodic	Large / Sensitive	ttnn	1724.88	8.624400000000001	1.7947927117347717	0.8503115686812281	True	
1d	lwt+ilwt_roundtrip	coif7	antisymmetric	Large / Sensitive	ttnn	1724.88	8.624400000000001	0.004764199256896973	0.9999988060945221	True	
1d	lwt+ilwt_roundtrip	coif7	smooth	Large / Sensitive	ttnn	1724.88	8.624400000000001	0.004764199256896973	0.9999988032333303	True	
1d	lwt+ilwt_roundtrip	coif7	reflect	Large / Sensitive	ttnn	1724.88	8.624400000000001	0.004764199256896973	0.9999988005650136	True	
1d	lwt+ilwt_roundtrip	coif7	antireflect	Large / Sensitive	ttnn	1724.88	8.624400000000001	0.004764199256896973	0.9999988047632824	True	
1d	lwt+ilwt_roundtrip	coif8	symmetric	Large / Sensitive	ttnn	828.314	4.14157	2.8014183044433594e-06	0.9999999999999178	True	
1d	lwt+ilwt_roundtrip	coif8	zero	Large / Sensitive	ttnn	828.314	4.14157	1.3709068298339844e-06	0.9999999999999313	True	
1d	lwt+ilwt_roundtrip	coif8	constant	Large / Sensitive	ttnn	828.314	4.14157	3.4570693969726562e-06	0.999999999999908	True	
1d	lwt+ilwt_roundtrip	coif8	periodic	Large / Sensitive	ttnn	828.314	4.14157	1.843205749988556	0.8461697269657955	True	
1d	lwt+ilwt_roundtrip	coif8	antisymmetric	Large / Sensitive	ttnn	828.314	4.14157	7.092952728271484e-06	0.9999999999998431	True	
1d	lwt+ilwt_roundtrip	coif8	smooth	Large / Sensitive	ttnn	828.314	4.14157	1.3709068298339844e-06	0.999999999999932	True	
1d	lwt+ilwt_roundtrip	coif8	reflect	Large / Sensitive	ttnn	828.314	4.14157	4.798173904418945e-06	0.9999999999998919	True	
1d	lwt+ilwt_roundtrip	coif8	antireflect	Large / Sensitive	ttnn	828.314	4.14157	1.3709068298339844e-06	0.9999999999999313	True	
1d	lwt+ilwt_roundtrip	coif9	symmetric	Large / Sensitive	ttnn	306199	1530.9950000000001	0.06389647722244263	0.9997064553879863	True	
1d	lwt+ilwt_roundtrip	coif9	zero	Large / Sensitive	ttnn	306199	1530.9950000000001	0.06389647722244263	0.999711145807563	True	
1d	lwt+ilwt_roundtrip	coif9	constant	Large / Sensitive	ttnn	306199	1530.9950000000001	0.06389647722244263	0.999711150306326	True	
1d	lwt+ilwt_roundtrip	coif9	periodic	Large / Sensitive	ttnn	306199	1530.9950000000001	1.8790553212165833	0.8359516503745391	True	
1d	lwt+ilwt_roundtrip	coif9	antisymmetric	Large / Sensitive	ttnn	306199	1530.9950000000001	0.06389647722244263	0.9997109739590271	True	
1d	lwt+ilwt_roundtrip	coif9	smooth	Large / Sensitive	ttnn	306199	1530.9950000000001	0.06389647722244263	0.9997105032855297	True	
1d	lwt+ilwt_roundtrip	coif9	reflect	Large / Sensitive	ttnn	306199	1530.9950000000001	0.06389647722244263	0.9997052699802242	True	
1d	lwt+ilwt_roundtrip	coif9	antireflect	Large / Sensitive	ttnn	306199	1530.9950000000001	0.06389647722244263	0.9997084057281671	True	
1d	lwt+ilwt_roundtrip	db1	symmetric	Compact	ttnn	1.41421	0.000141421	1.1920928955078125e-07	0.999999999999998	True	
1d	lwt+ilwt_roundtrip	db1	zero	Compact	ttnn	1.41421	0.000141421	1.1920928955078125e-07	0.999999999999998	True	
1d	lwt+ilwt_roundtrip	db1	constant	Compact	ttnn	1.41421	0.000141421	1.1920928955078125e-07	0.999999999999998	True	
1d	lwt+ilwt_roundtrip	db1	periodic	Compact	ttnn	1.41421	0.000141421	1.1920928955078125e-07	0.999999999999998	True	
1d	lwt+ilwt_roundtrip	db1	antisymmetric	Compact	ttnn	1.41421	0.000141421	1.1920928955078125e-07	0.999999999999998	True	
1d	lwt+ilwt_roundtrip	db1	smooth	Compact	ttnn	1.41421	0.000141421	1.1920928955078125e-07	0.999999999999998	True	
1d	lwt+ilwt_roundtrip	db1	reflect	Compact	ttnn	1.41421	0.000141421	1.1920928955078125e-07	0.999999999999998	True	
1d	lwt+ilwt_roundtrip	db1	antireflect	Compact	ttnn	1.41421	0.000141421	1.1920928955078125e-07	0.999999999999998	True	
1d	lwt+ilwt_roundtrip	db10	symmetric	Medium	ttnn	21.6996	0.0216996	2.980232238769531e-07	0.9999999999999943	True	
1d	lwt+ilwt_roundtrip	db10	zero	Medium	ttnn	21.6996	0.0216996	2.980232238769531e-07	0.9999999999999943	True	
1d	lwt+ilwt_roundtrip	db10	constant	Medium	ttnn	21.6996	0.0216996	2.980232238769531e-07	0.999999999999994	True	
1d	lwt+ilwt_roundtrip	db10	periodic	Medium	ttnn	21.6996	0.0216996	1.9974232912063599	0.7781973619889561	False	
1d	lwt+ilwt_roundtrip	db10	antisymmetric	Medium	ttnn	21.6996	0.0216996	2.980232238769531e-07	0.9999999999999942	True	
1d	lwt+ilwt_roundtrip	db10	smooth	Medium	ttnn	21.6996	0.0216996	2.980232238769531e-07	0.9999999999999946	True	
1d	lwt+ilwt_roundtrip	db10	reflect	Medium	ttnn	21.6996	0.0216996	2.980232238769531e-07	0.9999999999999946	True	
1d	lwt+ilwt_roundtrip	db10	antireflect	Medium	ttnn	21.6996	0.0216996	2.980232238769531e-07	0.9999999999999943	True	
1d	lwt+ilwt_roundtrip	db11	symmetric	Medium	ttnn	1039.05	1.03905	0.00044167041778564453	0.9999999879319763	True	
1d	lwt+ilwt_roundtrip	db11	zero	Medium	ttnn	1039.05	1.03905	0.00044167041778564453	0.9999999880265155	True	
1d	lwt+ilwt_roundtrip	db11	constant	Medium	ttnn	1039.05	1.03905	0.00044167041778564453	0.9999999880257499	True	
1d	lwt+ilwt_roundtrip	db11	periodic	Medium	ttnn	1039.05	1.03905	1.9984020590782166	0.7745560547131498	False	
1d	lwt+ilwt_roundtrip	db11	antisymmetric	Medium	ttnn	1039.05	1.03905	0.00044167041778564453	0.9999999880109663	True	
1d	lwt+ilwt_roundtrip	db11	smooth	Medium	ttnn	1039.05	1.03905	0.00044167041778564453	0.9999999880177006	True	
1d	lwt+ilwt_roundtrip	db11	reflect	Medium	ttnn	1039.05	1.03905	0.00044167041778564453	0.9999999879985285	True	
1d	lwt+ilwt_roundtrip	db11	antireflect	Medium	ttnn	1039.05	1.03905	0.00044167041778564453	0.9999999880299115	True	
1d	lwt+ilwt_roundtrip	db12	symmetric	Medium	ttnn	43.1261	0.0431261	3.5762786865234375e-07	0.9999999999999947	True	
1d	lwt+ilwt_roundtrip	db12	zero	Medium	ttnn	43.1261	0.0431261	3.5762786865234375e-07	0.9999999999999943	True	
1d	lwt+ilwt_roundtrip	db12	constant	Medium	ttnn	43.1261	0.0431261	3.5762786865234375e-07	0.999999999999994	True	
1d	lwt+ilwt_roundtrip	db12	periodic	Medium	ttnn	43.1261	0.0431261	1.9988383650779724	0.7720192022872125	False	
1d	lwt+ilwt_roundtrip	db12	antisymmetric	Medium	ttnn	43.1261	0.0431261	3.5762786865234375e-07	0.9999999999999942	True	
1d	lwt+ilwt_roundtrip	db12	smooth	Medium	ttnn	43.1261	0.0431261	3.5762786865234375e-07	0.9999999999999946	True	
1d	lwt+ilwt_roundtrip	db12	reflect	Medium	ttnn	43.1261	0.0431261	3.5762786865234375e-07	0.9999999999999947	True	
1d	lwt+ilwt_roundtrip	db12	antireflect	Medium	ttnn	43.1261	0.0431261	3.5762786865234375e-07	0.9999999999999946	True	
1d	lwt+ilwt_roundtrip	db13	symmetric	Large / Sensitive	ttnn	2596.18	12.9809	0.002110302448272705	0.9999997372636913	True	
1d	lwt+ilwt_roundtrip	db13	zero	Large / Sensitive	ttnn	2596.18	12.9809	0.002110302448272705	0.9999997354330674	True	
1d	lwt+ilwt_roundtrip	db13	constant	Large / Sensitive	ttnn	2596.18	12.9809	0.002110302448272705	0.9999997354099913	True	
1d	lwt+ilwt_roundtrip	db13	periodic	Large / Sensitive	ttnn	2596.18	12.9809	2.001269817352295	0.7688954961776674	True	
1d	lwt+ilwt_roundtrip	db13	antisymmetric	Large / Sensitive	ttnn	2596.18	12.9809	0.002110302448272705	0.9999997372322285	True	
1d	lwt+ilwt_roundtrip	db13	smooth	Large / Sensitive	ttnn	2596.18	12.9809	0.002110302448272705	0.9999997355633481	True	
1d	lwt+ilwt_roundtrip	db13	reflect	Large / Sensitive	ttnn	2596.18	12.9809	0.002110302448272705	0.9999997371924009	True	
1d	lwt+ilwt_roundtrip	db13	antireflect	Large / Sensitive	ttnn	2596.18	12.9809	0.002110302448272705	0.9999997377100427	True	
1d	lwt+ilwt_roundtrip	db14	symmetric	Large / Sensitive	ttnn	85.6274	0.428137	7.748603820800781e-07	0.9999999999999921	True	
1d	lwt+ilwt_roundtrip	db14	zero	Large / Sensitive	ttnn	85.6274	0.428137	7.748603820800781e-07	0.9999999999999916	True	
1d	lwt+ilwt_roundtrip	db14	constant	Large / Sensitive	ttnn	85.6274	0.428137	8.344650268554688e-07	0.9999999999999916	True	
1d	lwt+ilwt_roundtrip	db14	periodic	Large / Sensitive	ttnn	85.6274	0.428137	1.9991284608840942	0.7641888656191531	False	
1d	lwt+ilwt_roundtrip	db14	antisymmetric	Large / Sensitive	ttnn	85.6274	0.428137	6.556510925292969e-07	0.9999999999999921	True	
1d	lwt+ilwt_roundtrip	db14	smooth	Large / Sensitive	ttnn	85.6274	0.428137	3.5762786865234375e-07	0.9999999999999936	True	
1d	lwt+ilwt_roundtrip	db14	reflect	Large / Sensitive	ttnn	85.6274	0.428137	1.2218952178955078e-06	0.9999999999999891	True	
1d	lwt+ilwt_roundtrip	db14	antireflect	Large / Sensitive	ttnn	85.6274	0.428137	3.5762786865234375e-07	0.9999999999999936	True	
1d	lwt+ilwt_roundtrip	db15	symmetric	Large / Sensitive	ttnn	6283.63	31.41815	0.011284053325653076	0.9999950215831415	True	
1d	lwt+ilwt_roundtrip	db15	zero	Large / Sensitive	ttnn	6283.63	31.41815	0.011284053325653076	0.9999950330876631	True	
1d	lwt+ilwt_roundtrip	db15	constant	Large / Sensitive	ttnn	6283.63	31.41815	0.011284053325653076	0.9999950336514257	True	
1d	lwt+ilwt_roundtrip	db15	periodic	Large / Sensitive	ttnn	6283.63	31.41815	1.998828649520874	0.7615296941817354	True	
1d	lwt+ilwt_roundtrip	db15	antisymmetric	Large / Sensitive	ttnn	6283.63	31.41815	0.011284053325653076	0.9999950138210527	True	
1d	lwt+ilwt_roundtrip	db15	smooth	Large / Sensitive	ttnn	6283.63	31.41815	0.011284053325653076	0.9999950250677853	True	
1d	lwt+ilwt_roundtrip	db15	reflect	Large / Sensitive	ttnn	6283.63	31.41815	0.011284053325653076	0.999995033420744	True	
1d	lwt+ilwt_roundtrip	db15	antireflect	Large / Sensitive	ttnn	6283.63	31.41815	0.011284053325653076	0.9999950305732058	True	
1d	lwt+ilwt_roundtrip	db16	symmetric	Large / Sensitive	ttnn	170.158	0.8507899999999999	2.4080276489257812e-05	0.999999999969586	True	
1d	lwt+ilwt_roundtrip	db16	zero	Large / Sensitive	ttnn	170.158	0.8507899999999999	2.4080276489257812e-05	0.9999999999697416	True	
1d	lwt+ilwt_roundtrip	db16	constant	Large / Sensitive	ttnn	170.158	0.8507899999999999	2.4080276489257812e-05	0.9999999999697436	True	
1d	lwt+ilwt_roundtrip	db16	periodic	Large / Sensitive	ttnn	170.158	0.8507899999999999	1.9950984716415405	0.7599370673184422	False	
1d	lwt+ilwt_roundtrip	db16	antisymmetric	Large / Sensitive	ttnn	170.158	0.8507899999999999	2.4080276489257812e-05	0.9999999999695688	True	
1d	lwt+ilwt_roundtrip	db16	smooth	Large / Sensitive	ttnn	170.158	0.8507899999999999	2.4080276489257812e-05	0.9999999999693816	True	
1d	lwt+ilwt_roundtrip	db16	reflect	Large / Sensitive	ttnn	170.158	0.8507899999999999	2.4080276489257812e-05	0.9999999999694332	True	
1d	lwt+ilwt_roundtrip	db16	antireflect	Large / Sensitive	ttnn	170.158	0.8507899999999999	2.4080276489257812e-05	0.999999999969534	True	
1d	lwt+ilwt_roundtrip	db17	symmetric	Large / Sensitive	ttnn	15893.3	79.4665	0.03779482841491699	0.9998861969407922	True	
1d	lwt+ilwt_roundtrip	db17	zero	Large / Sensitive	ttnn	15893.3	79.4665	0.03779482841491699	0.9998868177435355	True	
1d	lwt+ilwt_roundtrip	db17	constant	Large / Sensitive	ttnn	15893.3	79.4665	0.03779482841491699	0.9998868177128406	True	
1d	lwt+ilwt_roundtrip	db17	periodic	Large / Sensitive	ttnn	15893.3	79.4665	1.9949157238006592	0.7581482649564675	True	
1d	lwt+ilwt_roundtrip	db17	antisymmetric	Large / Sensitive	ttnn	15893.3	79.4665	0.03779482841491699	0.9998856865014709	True	
1d	lwt+ilwt_roundtrip	db17	smooth	Large / Sensitive	ttnn	15893.3	79.4665	0.03779482841491699	0.9998859593135653	True	
1d	lwt+ilwt_roundtrip	db17	reflect	Large / Sensitive	ttnn	15893.3	79.4665	0.03779482841491699	0.9998862413635111	True	
1d	lwt+ilwt_roundtrip	db17	antireflect	Large / Sensitive	ttnn	15893.3	79.4665	0.03779482841491699	0.9998862626728905	True	
1d	lwt+ilwt_roundtrip	db18	symmetric	Large / Sensitive	ttnn	487.219	2.436095	0.00018734857439994812	0.999999996430404	True	
1d	lwt+ilwt_roundtrip	db18	zero	Large / Sensitive	ttnn	487.219	2.436095	0.00018734857439994812	0.9999999965003498	True	
1d	lwt+ilwt_roundtrip	db18	constant	Large / Sensitive	ttnn	487.219	2.436095	0.00018734857439994812	0.9999999965003574	True	
1d	lwt+ilwt_roundtrip	db18	periodic	Large / Sensitive	ttnn	487.219	2.436095	1.776356816291809	0.8535764720008553	True	
1d	lwt+ilwt_roundtrip	db18	antisymmetric	Large / Sensitive	ttnn	487.219	2.436095	0.00018734857439994812	0.999999996464994	True	
1d	lwt+ilwt_roundtrip	db18	smooth	Large / Sensitive	ttnn	487.219	2.436095	0.00018734857439994812	0.9999999963951952	True	
1d	lwt+ilwt_roundtrip	db18	reflect	Large / Sensitive	ttnn	487.219	2.436095	0.00018734857439994812	0.9999999964164383	True	
1d	lwt+ilwt_roundtrip	db18	antireflect	Large / Sensitive	ttnn	487.219	2.436095	0.00018734857439994812	0.9999999963993337	True	
1d	lwt+ilwt_roundtrip	db19	symmetric	Large / Sensitive	ttnn	105101	525.505	0.18098676204681396	0.9981400336494591	True	
1d	lwt+ilwt_roundtrip	db19	zero	Large / Sensitive	ttnn	105101	525.505	0.18098676204681396	0.9981564100166008	True	
1d	lwt+ilwt_roundtrip	db19	constant	Large / Sensitive	ttnn	105101	525.505	0.18098676204681396	0.9981564097443584	True	
1d	lwt+ilwt_roundtrip	db19	periodic	Large / Sensitive	ttnn	105101	525.505	1.811014473438263	0.8516043153224234	True	
1d	lwt+ilwt_roundtrip	db19	antisymmetric	Large / Sensitive	ttnn	105101	525.505	0.18098676204681396	0.9981442127311128	True	
1d	lwt+ilwt_roundtrip	db19	smooth	Large / Sensitive	ttnn	105101	525.505	0.18098676204681396	0.998144669311038	True	
1d	lwt+ilwt_roundtrip	db19	reflect	Large / Sensitive	ttnn	105101	525.505	0.18098676204681396	0.9981394596665647	True	
1d	lwt+ilwt_roundtrip	db19	antireflect	Large / Sensitive	ttnn	105101	525.505	0.18098676204681396	0.9981456323714896	True	
1d	lwt+ilwt_roundtrip	db2	symmetric	Compact	ttnn	1.11536	0.000111536	1.7881393432617188e-07	0.9999999999999986	True	
1d	lwt+ilwt_roundtrip	db2	zero	Compact	ttnn	1.11536	0.000111536	1.7881393432617188e-07	0.9999999999999986	True	
1d	lwt+ilwt_roundtrip	db2	constant	Compact	ttnn	1.11536	0.000111536	1.7881393432617188e-07	0.9999999999999986	True	
1d	lwt+ilwt_roundtrip	db2	periodic	Compact	ttnn	1.11536	0.000111536	1.8590136766433716	0.8731470083891628	False	
1d	lwt+ilwt_roundtrip	db2	antisymmetric	Compact	ttnn	1.11536	0.000111536	1.7881393432617188e-07	0.9999999999999986	True	
1d	lwt+ilwt_roundtrip	db2	smooth	Compact	ttnn	1.11536	0.000111536	1.7881393432617188e-07	0.9999999999999981	True	
1d	lwt+ilwt_roundtrip	db2	reflect	Compact	ttnn	1.11536	0.000111536	1.7881393432617188e-07	0.9999999999999986	True	
1d	lwt+ilwt_roundtrip	db2	antireflect	Compact	ttnn	1.11536	0.000111536	1.987526774406433	0.7001591624537595	False	
1d	lwt+ilwt_roundtrip	db20	symmetric	Large / Sensitive	ttnn	609.252	3.0462599999999997	0.001132190227508545	0.9999999309710671	True	
1d	lwt+ilwt_roundtrip	db20	zero	Large / Sensitive	ttnn	609.252	3.0462599999999997	0.001132190227508545	0.9999999321583557	True	
1d	lwt+ilwt_roundtrip	db20	constant	Large / Sensitive	ttnn	609.252	3.0462599999999997	0.001132190227508545	0.9999999321534216	True	
1d	lwt+ilwt_roundtrip	db20	periodic	Large / Sensitive	ttnn	609.252	3.0462599999999997	1.7798808813095093	0.8518101556476627	True	
1d	lwt+ilwt_roundtrip	db20	antisymmetric	Large / Sensitive	ttnn	609.252	3.0462599999999997	0.001132190227508545	0.9999999316909244	True	
1d	lwt+ilwt_roundtrip	db20	smooth	Large / Sensitive	ttnn	609.252	3.0462599999999997	0.001132190227508545	0.999999931275553	True	
1d	lwt+ilwt_roundtrip	db20	reflect	Large / Sensitive	ttnn	609.252	3.0462599999999997	0.001132190227508545	0.9999999300398008	True	
1d	lwt+ilwt_roundtrip	db20	antireflect	Large / Sensitive	ttnn	609.252	3.0462599999999997	0.001132190227508545	0.9999999318034514	True	
1d	lwt+ilwt_roundtrip	db21	symmetric	Large / Sensitive	ttnn	2710.08	13.5504	0.7298247218132019	0.9726993476303047	True	
1d	lwt+ilwt_roundtrip	db21	zero	Large / Sensitive	ttnn	2710.08	13.5504	0.7298247218132019	0.9729162693580772	True	
1d	lwt+ilwt_roundtrip	db21	constant	Large / Sensitive	ttnn	2710.08	13.5504	0.7298247218132019	0.972916297789096	True	
1d	lwt+ilwt_roundtrip	db21	periodic	Large / Sensitive	ttnn	2710.08	13.5504	1.8968091011047363	0.828338129013613	True	
1d	lwt+ilwt_roundtrip	db21	antisymmetric	Large / Sensitive	ttnn	2710.08	13.5504	0.7298247218132019	0.9721634730705446	True	
1d	lwt+ilwt_roundtrip	db21	smooth	Large / Sensitive	ttnn	2710.08	13.5504	0.7298247218132019	0.9722054158712097	True	
1d	lwt+ilwt_roundtrip	db21	reflect	Large / Sensitive	ttnn	2710.08	13.5504	0.7298247218132019	0.9727499883260765	True	
1d	lwt+ilwt_roundtrip	db21	antireflect	Large / Sensitive	ttnn	2710.08	13.5504	0.7298247218132019	0.9722385394233736	True	
1d	lwt+ilwt_roundtrip	db22	symmetric	Large / Sensitive	ttnn	15693.6	78.468	0.0030423402786254883	0.999999318906667	True	
1d	lwt+ilwt_roundtrip	db22	zero	Large / Sensitive	ttnn	15693.6	78.468	0.0030423402786254883	0.9999993304099767	True	
1d	lwt+ilwt_roundtrip	db22	constant	Large / Sensitive	ttnn	15693.6	78.468	0.0030423402786254883	0.9999993304124961	True	
1d	lwt+ilwt_roundtrip	db22	periodic	Large / Sensitive	ttnn	15693.6	78.468	1.812896192073822	0.8492500190971864	True	
1d	lwt+ilwt_roundtrip	db22	antisymmetric	Large / Sensitive	ttnn	15693.6	78.468	0.0030423402786254883	0.9999993171186077	True	
1d	lwt+ilwt_roundtrip	db22	smooth	Large / Sensitive	ttnn	15693.6	78.468	0.0030423402786254883	0.9999993249077589	True	
1d	lwt+ilwt_roundtrip	db22	reflect	Large / Sensitive	ttnn	15693.6	78.468	0.0030423402786254883	0.9999993142727626	True	
1d	lwt+ilwt_roundtrip	db22	antireflect	Large / Sensitive	ttnn	15693.6	78.468	0.0030423402786254883	0.9999993209676655	True	
1d	lwt+ilwt_roundtrip	db23	symmetric	Large / Sensitive	ttnn	1207.55	6.03775	2.1281444430351257	0.7983765686669736	True	
1d	lwt+ilwt_roundtrip	db23	zero	Large / Sensitive	ttnn	1207.55	6.03775	2.1281444430351257	0.8002325342620438	True	
1d	lwt+ilwt_roundtrip	db23	constant	Large / Sensitive	ttnn	1207.55	6.03775	2.1281444430351257	0.800229817311399	True	
1d	lwt+ilwt_roundtrip	db23	periodic	Large / Sensitive	ttnn	1207.55	6.03775	3.0907732248306274	0.6865536419827997	True	
1d	lwt+ilwt_roundtrip	db23	antisymmetric	Large / Sensitive	ttnn	1207.55	6.03775	2.1281444430351257	0.7951742420916919	True	
1d	lwt+ilwt_roundtrip	db23	smooth	Large / Sensitive	ttnn	1207.55	6.03775	2.1281444430351257	0.7972263169172954	True	
1d	lwt+ilwt_roundtrip	db23	reflect	Large / Sensitive	ttnn	1207.55	6.03775	2.1281444430351257	0.7955947539239328	True	
1d	lwt+ilwt_roundtrip	db23	antireflect	Large / Sensitive	ttnn	1207.55	6.03775	2.1281444430351257	0.7947820660737148	True	
1d	lwt+ilwt_roundtrip	db24	symmetric	Large / Sensitive	ttnn	840.317	4.201585	0.011358454823493958	0.9999892583238084	True	
1d	lwt+ilwt_roundtrip	db24	zero	Large / Sensitive	ttnn	840.317	4.201585	0.011358454823493958	0.9999893753379393	True	
1d	lwt+ilwt_roundtrip	db24	constant	Large / Sensitive	ttnn	840.317	4.201585	0.011358454823493958	0.9999893750478627	True	
1d	lwt+ilwt_roundtrip	db24	periodic	Large / Sensitive	ttnn	840.317	4.201585	1.8415480256080627	0.8452455312033519	True	
1d	lwt+ilwt_roundtrip	db24	antisymmetric	Large / Sensitive	ttnn	840.317	4.201585	0.011358454823493958	0.9999892263784618	True	
1d	lwt+ilwt_roundtrip	db24	smooth	Large / Sensitive	ttnn	840.317	4.201585	0.011358454823493958	0.9999891950637271	True	
1d	lwt+ilwt_roundtrip	db24	reflect	Large / Sensitive	ttnn	840.317	4.201585	0.011358454823493958	0.9999892744647241	True	
1d	lwt+ilwt_roundtrip	db24	antireflect	Large / Sensitive	ttnn	840.317	4.201585	0.011358454823493958	0.9999891905763121	True	
1d	lwt+ilwt_roundtrip	db25	symmetric	Large / Sensitive	ttnn	6606.6	33.033	8.499777808785439	0.2876087340070403	True	
1d	lwt+ilwt_roundtrip	db25	zero	Large / Sensitive	ttnn	6606.6	33.033	8.499777808785439	0.2917632432711934	True	
1d	lwt+ilwt_roundtrip	db25	constant	Large / Sensitive	ttnn	6606.6	33.033	8.499777808785439	0.2917632437635239	True	
1d	lwt+ilwt_roundtrip	db25	periodic	Large / Sensitive	ttnn	6606.6	33.033	7.991214632987976	0.26251746951923377	True	
1d	lwt+ilwt_roundtrip	db25	antisymmetric	Large / Sensitive	ttnn	6606.6	33.033	8.499777808785439	0.28741670662426216	True	
1d	lwt+ilwt_roundtrip	db25	smooth	Large / Sensitive	ttnn	6606.6	33.033	8.499777808785439	0.2896184060202178	True	
1d	lwt+ilwt_roundtrip	db25	reflect	Large / Sensitive	ttnn	6606.6	33.033	8.499777808785439	0.28688866130645024	True	
1d	lwt+ilwt_roundtrip	db25	antireflect	Large / Sensitive	ttnn	6606.6	33.033	8.499777808785439	0.28802268800869457	True	
1d	lwt+ilwt_roundtrip	db26	symmetric	Large / Sensitive	ttnn	55897.7	279.4885	0.042793095111846924	0.9998456781933379	True	
1d	lwt+ilwt_roundtrip	db26	zero	Large / Sensitive	ttnn	55897.7	279.4885	0.042793095111846924	0.9998476678652217	True	
1d	lwt+ilwt_roundtrip	db26	constant	Large / Sensitive	ttnn	55897.7	279.4885	0.042793095111846924	0.9998476689354844	True	
1d	lwt+ilwt_roundtrip	db26	periodic	Large / Sensitive	ttnn	55897.7	279.4885	1.8967620730400085	0.8341425107727469	True	
1d	lwt+ilwt_roundtrip	db26	antisymmetric	Large / Sensitive	ttnn	55897.7	279.4885	0.042793095111846924	0.9998466994725324	True	
1d	lwt+ilwt_roundtrip	db26	smooth	Large / Sensitive	ttnn	55897.7	279.4885	0.042793095111846924	0.9998422552200217	True	
1d	lwt+ilwt_roundtrip	db26	reflect	Large / Sensitive	ttnn	55897.7	279.4885	0.042793095111846924	0.9998433918594007	True	
1d	lwt+ilwt_roundtrip	db26	antireflect	Large / Sensitive	ttnn	55897.7	279.4885	0.042793095111846924	0.9998426874198583	True	
1d	lwt+ilwt_roundtrip	db27	symmetric	Large / Sensitive	ttnn	285776	1428.88	45.889451026916504	0.059817698841323264	True	
1d	lwt+ilwt_roundtrip	db27	zero	Large / Sensitive	ttnn	285776	1428.88	45.889451026916504	0.060368532280133634	True	
1d	lwt+ilwt_roundtrip	db27	constant	Large / Sensitive	ttnn	285776	1428.88	45.889451026916504	0.06036859206014527	True	
1d	lwt+ilwt_roundtrip	db27	periodic	Large / Sensitive	ttnn	285776	1428.88	45.889451026916504	0.05229800674237787	True	
1d	lwt+ilwt_roundtrip	db27	antisymmetric	Large / Sensitive	ttnn	285776	1428.88	45.889451026916504	0.05985884312010898	True	
1d	lwt+ilwt_roundtrip	db27	smooth	Large / Sensitive	ttnn	285776	1428.88	45.889451026916504	0.05909458896995374	True	
1d	lwt+ilwt_roundtrip	db27	reflect	Large / Sensitive	ttnn	285776	1428.88	45.889451026916504	0.05979193680987416	True	
1d	lwt+ilwt_roundtrip	db27	antireflect	Large / Sensitive	ttnn	285776	1428.88	45.889451026916504	0.05908171038444877	True	
1d	lwt+ilwt_roundtrip	db28	symmetric	Large / Sensitive	ttnn	13871.4	69.357	0.42621099948883057	0.9948731363919422	True	
1d	lwt+ilwt_roundtrip	db28	zero	Large / Sensitive	ttnn	13871.4	69.357	0.42621099948883057	0.9950809074527686	True	
1d	lwt+ilwt_roundtrip	db28	constant	Large / Sensitive	ttnn	13871.4	69.357	0.42621099948883057	0.9950807503460896	True	
1d	lwt+ilwt_roundtrip	db28	periodic	Large / Sensitive	ttnn	13871.4	69.357	2.0789045095443726	0.8120509708275858	True	
1d	lwt+ilwt_roundtrip	db28	antisymmetric	Large / Sensitive	ttnn	13871.4	69.357	0.42621099948883057	0.9948785095232846	True	
1d	lwt+ilwt_roundtrip	db28	smooth	Large / Sensitive	ttnn	13871.4	69.357	0.42621099948883057	0.9948531377001174	True	
1d	lwt+ilwt_roundtrip	db28	reflect	Large / Sensitive	ttnn	13871.4	69.357	0.42621099948883057	0.9949271537092381	True	
1d	lwt+ilwt_roundtrip	db28	antireflect	Large / Sensitive	ttnn	13871.4	69.357	0.42621099948883057	0.994954954034062	True	
1d	lwt+ilwt_roundtrip	db29	symmetric	Large / Sensitive	ttnn	2022890.0	10114.45	154.26470485329628	0.022358604295493866	True	
1d	lwt+ilwt_roundtrip	db29	zero	Large / Sensitive	ttnn	2022890.0	10114.45	154.26470485329628	0.023120473880368836	True	
1d	lwt+ilwt_roundtrip	db29	constant	Large / Sensitive	ttnn	2022890.0	10114.45	154.26470485329628	0.023120473648522093	True	
1d	lwt+ilwt_roundtrip	db29	periodic	Large / Sensitive	ttnn	2022890.0	10114.45	169.05543291568756	0.016559906586739774	True	
1d	lwt+ilwt_roundtrip	db29	antisymmetric	Large / Sensitive	ttnn	2022890.0	10114.45	154.26470485329628	0.02339727083103675	True	
1d	lwt+ilwt_roundtrip	db29	smooth	Large / Sensitive	ttnn	2022890.0	10114.45	154.26470485329628	0.02234919929001973	True	
1d	lwt+ilwt_roundtrip	db29	reflect	Large / Sensitive	ttnn	2022890.0	10114.45	154.26470485329628	0.02340769041467792	True	
1d	lwt+ilwt_roundtrip	db29	antireflect	Large / Sensitive	ttnn	2022890.0	10114.45	154.26470485329628	0.021919231503655785	True	
1d	lwt+ilwt_roundtrip	db3	symmetric	Compact	ttnn	14.932	0.0014932	1.3113021850585938e-06	0.9999999999999036	True	
1d	lwt+ilwt_roundtrip	db3	zero	Compact	ttnn	14.932	0.0014932	1.3113021850585938e-06	0.999999999999904	True	
1d	lwt+ilwt_roundtrip	db3	constant	Compact	ttnn	14.932	0.0014932	1.3113021850585938e-06	0.999999999999904	True	
1d	lwt+ilwt_roundtrip	db3	periodic	Compact	ttnn	14.932	0.0014932	1.8294590711593628	0.8791394629424352	False	
1d	lwt+ilwt_roundtrip	db3	antisymmetric	Compact	ttnn	14.932	0.0014932	1.3113021850585938e-06	0.9999999999999036	True	
1d	lwt+ilwt_roundtrip	db3	smooth	Compact	ttnn	14.932	0.0014932	1.3113021850585938e-06	0.9999999999999036	True	
1d	lwt+ilwt_roundtrip	db3	reflect	Compact	ttnn	14.932	0.0014932	1.3113021850585938e-06	0.9999999999999037	True	
1d	lwt+ilwt_roundtrip	db3	antireflect	Compact	ttnn	14.932	0.0014932	1.995642364025116	0.5854872975236862	False	
1d	lwt+ilwt_roundtrip	db30	symmetric	Large / Sensitive	ttnn	132646	663.23	1.1098746210336685	0.9249382847795158	True	
1d	lwt+ilwt_roundtrip	db30	zero	Large / Sensitive	ttnn	132646	663.23	1.1098746210336685	0.9262295991772926	True	
1d	lwt+ilwt_roundtrip	db30	constant	Large / Sensitive	ttnn	132646	663.23	1.1098746210336685	0.9262190715409577	True	
1d	lwt+ilwt_roundtrip	db30	periodic	Large / Sensitive	ttnn	132646	663.23	5.676895633339882	0.5797450800633489	True	
1d	lwt+ilwt_roundtrip	db30	antisymmetric	Large / Sensitive	ttnn	132646	663.23	1.1098746210336685	0.9251781732009647	True	
1d	lwt+ilwt_roundtrip	db30	smooth	Large / Sensitive	ttnn	132646	663.23	1.1098746210336685	0.9247605148969714	True	
1d	lwt+ilwt_roundtrip	db30	reflect	Large / Sensitive	ttnn	132646	663.23	1.1098746210336685	0.9253813677307868	True	
1d	lwt+ilwt_roundtrip	db30	antireflect	Large / Sensitive	ttnn	132646	663.23	1.1098746210336685	0.9261789515666535	True	
1d	lwt+ilwt_roundtrip	db31	symmetric	Large / Sensitive	ttnn	57852.8	289.264	788.6267637610435	0.0033163766115521997	False	
1d	lwt+ilwt_roundtrip	db31	zero	Large / Sensitive	ttnn	57852.8	289.264	788.6267637610435	0.0027067126090805525	False	
1d	lwt+ilwt_roundtrip	db31	constant	Large / Sensitive	ttnn	57852.8	289.264	788.6267637610435	0.0027066731585487698	False	
1d	lwt+ilwt_roundtrip	db31	periodic	Large / Sensitive	ttnn	57852.8	289.264	788.6267637610435	0.003640487237061835	False	
1d	lwt+ilwt_roundtrip	db31	antisymmetric	Large / Sensitive	ttnn	57852.8	289.264	788.6267637610435	0.0032583228100295752	False	
1d	lwt+ilwt_roundtrip	db31	smooth	Large / Sensitive	ttnn	57852.8	289.264	788.6267637610435	0.002256527486145784	False	
1d	lwt+ilwt_roundtrip	db31	reflect	Large / Sensitive	ttnn	57852.8	289.264	788.6267637610435	0.0030803511992814354	False	
1d	lwt+ilwt_roundtrip	db31	antireflect	Large / Sensitive	ttnn	57852.8	289.264	788.6267637610435	0.003272580461065899	False	
1d	lwt+ilwt_roundtrip	db32	symmetric	Large / Sensitive	ttnn	2473.4	12.367	3.859559267759323	0.6266499590987428	True	
1d	lwt+ilwt_roundtrip	db32	zero	Large / Sensitive	ttnn	2473.4	12.367	3.859559267759323	0.6318687380336692	True	
1d	lwt+ilwt_roundtrip	db32	constant	Large / Sensitive	ttnn	2473.4	12.367	3.859559267759323	0.6319190178103422	True	
1d	lwt+ilwt_roundtrip	db32	periodic	Large / Sensitive	ttnn	2473.4	12.367	26.213067889213562	0.23376179102634903	False	
1d	lwt+ilwt_roundtrip	db32	antisymmetric	Large / Sensitive	ttnn	2473.4	12.367	3.859559267759323	0.6226859858201585	True	
1d	lwt+ilwt_roundtrip	db32	smooth	Large / Sensitive	ttnn	2473.4	12.367	3.859559267759323	0.6260411678159566	True	
1d	lwt+ilwt_roundtrip	db32	reflect	Large / Sensitive	ttnn	2473.4	12.367	3.859559267759323	0.6183685989865182	True	
1d	lwt+ilwt_roundtrip	db32	antireflect	Large / Sensitive	ttnn	2473.4	12.367	3.859559267759323	0.6193320137443339	True	
1d	lwt+ilwt_roundtrip	db33	symmetric	Large / Sensitive	ttnn	9281420.0	46407.1	2740.9611567035317	0.00015392849649123458	True	
1d	lwt+ilwt_roundtrip	db33	zero	Large / Sensitive	ttnn	9281420.0	46407.1	2740.9611567035317	0.0011040459894090175	True	
1d	lwt+ilwt_roundtrip	db33	constant	Large / Sensitive	ttnn	9281420.0	46407.1	2740.9611567035317	0.0011040444468049667	True	
1d	lwt+ilwt_roundtrip	db33	periodic	Large / Sensitive	ttnn	9281420.0	46407.1	2569.732720836997	5.452160233985973e-05	True	
1d	lwt+ilwt_roundtrip	db33	antisymmetric	Large / Sensitive	ttnn	9281420.0	46407.1	2740.9611567035317	0.0011627647087774635	True	
1d	lwt+ilwt_roundtrip	db33	smooth	Large / Sensitive	ttnn	9281420.0	46407.1	3341.8936975225806	0.0008673026939265422	True	
1d	lwt+ilwt_roundtrip	db33	reflect	Large / Sensitive	ttnn	9281420.0	46407.1	2740.9611567035317	0.0018419106314996015	True	
1d	lwt+ilwt_roundtrip	db33	antireflect	Large / Sensitive	ttnn	9281420.0	46407.1	2740.9611567035317	0.000754467900860527	True	
1d	lwt+ilwt_roundtrip	db34	symmetric	Large / Sensitive	ttnn	2249600.0	11248.0	18.19413758814335	0.18654895926969672	True	
1d	lwt+ilwt_roundtrip	db34	zero	Large / Sensitive	ttnn	2249600.0	11248.0	18.537954330444336	0.19423160682383805	True	
1d	lwt+ilwt_roundtrip	db34	constant	Large / Sensitive	ttnn	2249600.0	11248.0	18.537954330444336	0.19420747852700287	True	
1d	lwt+ilwt_roundtrip	db34	periodic	Large / Sensitive	ttnn	2249600.0	11248.0	134.8045196533203	0.07642200798012051	True	
1d	lwt+ilwt_roundtrip	db34	antisymmetric	Large / Sensitive	ttnn	2249600.0	11248.0	18.19413758814335	0.18754268480186229	True	
1d	lwt+ilwt_roundtrip	db34	smooth	Large / Sensitive	ttnn	2249600.0	11248.0	18.19413758814335	0.18081521182099766	True	
1d	lwt+ilwt_roundtrip	db34	reflect	Large / Sensitive	ttnn	2249600.0	11248.0	18.19413758814335	0.1842355991261918	True	
1d	lwt+ilwt_roundtrip	db34	antireflect	Large / Sensitive	ttnn	2249600.0	11248.0	18.19413758814335	0.1903817252925364	True	
1d	lwt+ilwt_roundtrip	db35	symmetric	Large / Sensitive	ttnn	7971560.0	39857.8	13893.00647214055	-0.0014592691159580065	True	
1d	lwt+ilwt_roundtrip	db35	zero	Large / Sensitive	ttnn	7971560.0	39857.8	13893.00647214055	-0.0008939512118572244	True	
1d	lwt+ilwt_roundtrip	db35	constant	Large / Sensitive	ttnn	7971560.0	39857.8	13893.00647214055	-0.0008939485563635072	True	
1d	lwt+ilwt_roundtrip	db35	periodic	Large / Sensitive	ttnn	7971560.0	39857.8	13893.00647214055	-0.0006418869839786065	True	
1d	lwt+ilwt_roundtrip	db35	antisymmetric	Large / Sensitive	ttnn	7971560.0	39857.8	13893.00647214055	-0.0007684399650635059	True	
1d	lwt+ilwt_roundtrip	db35	smooth	Large / Sensitive	ttnn	7971560.0	39857.8	14137.6987016052	0.0005541971359997044	True	
1d	lwt+ilwt_roundtrip	db35	reflect	Large / Sensitive	ttnn	7971560.0	39857.8	13893.00647214055	-0.0011045366788454533	True	
1d	lwt+ilwt_roundtrip	db35	antireflect	Large / Sensitive	ttnn	7971560.0	39857.8	13893.00647214055	-0.0005708023873877375	True	
1d	lwt+ilwt_roundtrip	db36	symmetric	Large / Sensitive	ttnn	54462.6	272.313	48.30978053808212	0.04794975640714386	True	
1d	lwt+ilwt_roundtrip	db36	zero	Large / Sensitive	ttnn	54462.6	272.313	48.30978053808212	0.03467950502172496	True	
1d	lwt+ilwt_roundtrip	db36	constant	Large / Sensitive	ttnn	54462.6	272.313	48.30978053808212	0.03479018991670754	True	
1d	lwt+ilwt_roundtrip	db36	periodic	Large / Sensitive	ttnn	54462.6	272.313	333.430696234107	0.0038761943657251736	False	
1d	lwt+ilwt_roundtrip	db36	antisymmetric	Large / Sensitive	ttnn	54462.6	272.313	48.30978053808212	0.0464598698078795	True	
1d	lwt+ilwt_roundtrip	db36	smooth	Large / Sensitive	ttnn	54462.6	272.313	67.55341970920563	0.043679357836160934	True	
1d	lwt+ilwt_roundtrip	db36	reflect	Large / Sensitive	ttnn	54462.6	272.313	48.30978053808212	0.02015246438923474	True	
1d	lwt+ilwt_roundtrip	db36	antireflect	Large / Sensitive	ttnn	54462.6	272.313	48.30978053808212	0.04499138724876497	True	
1d	lwt+ilwt_roundtrip	db37	symmetric	Large / Sensitive	ttnn	25551700.0	127758.5	62556.29659926891	0.005339222421265153	True	
1d	lwt+ilwt_roundtrip	db37	zero	Large / Sensitive	ttnn	25551700.0	127758.5	62556.29659926891	0.0033285891381197356	True	
1d	lwt+ilwt_roundtrip	db37	constant	Large / Sensitive	ttnn	25551700.0	127758.5	62556.29659926891	0.003328595326451098	True	
1d	lwt+ilwt_roundtrip	db37	periodic	Large / Sensitive	ttnn	25551700.0	127758.5	62556.29659926891	-0.007488085420758974	True	
1d	lwt+ilwt_roundtrip	db37	antisymmetric	Large / Sensitive	ttnn	25551700.0	127758.5	62556.29659926891	0.00392709042301329	True	
1d	lwt+ilwt_roundtrip	db37	smooth	Large / Sensitive	ttnn	25551700.0	127758.5	83362.05293603987	0.0008757302932248104	True	
1d	lwt+ilwt_roundtrip	db37	reflect	Large / Sensitive	ttnn	25551700.0	127758.5	62556.29659926891	0.005190335956927886	True	
1d	lwt+ilwt_roundtrip	db37	antireflect	Large / Sensitive	ttnn	25551700.0	127758.5	73358.50080144405	0.0028266713712769218	True	
1d	lwt+ilwt_roundtrip	db38	symmetric	Large / Sensitive	ttnn	170662	853.3100000000001	209.33341854810715	0.04567403185512673	True	
1d	lwt+ilwt_roundtrip	db38	zero	Large / Sensitive	ttnn	170662	853.3100000000001	209.33341854810715	0.02380817850105645	True	
1d	lwt+ilwt_roundtrip	db38	constant	Large / Sensitive	ttnn	170662	853.3100000000001	209.33341854810715	0.02419272054644646	True	
1d	lwt+ilwt_roundtrip	db38	periodic	Large / Sensitive	ttnn	170662	853.3100000000001	1465.9108801484108	-0.011424457402502926	False	
1d	lwt+ilwt_roundtrip	db38	antisymmetric	Large / Sensitive	ttnn	170662	853.3100000000001	209.33341854810715	0.01739666358236755	True	
1d	lwt+ilwt_roundtrip	db38	smooth	Large / Sensitive	ttnn	170662	853.3100000000001	327.8596259355545	0.01473562159478837	True	
1d	lwt+ilwt_roundtrip	db38	reflect	Large / Sensitive	ttnn	170662	853.3100000000001	221.53130328655243	0.023933410164642583	True	
1d	lwt+ilwt_roundtrip	db38	antireflect	Large / Sensitive	ttnn	170662	853.3100000000001	209.33341854810715	0.03371551927788819	True	
1d	lwt+ilwt_roundtrip	db4	symmetric	Compact	ttnn	2.63378	0.000263378	2.384185791015625e-07	0.9999999999999972	True	
1d	lwt+ilwt_roundtrip	db4	zero	Compact	ttnn	2.63378	0.000263378	2.384185791015625e-07	0.9999999999999974	True	
1d	lwt+ilwt_roundtrip	db4	constant	Compact	ttnn	2.63378	0.000263378	2.384185791015625e-07	0.9999999999999973	True	
1d	lwt+ilwt_roundtrip	db4	periodic	Compact	ttnn	2.63378	0.000263378	1.970678687095642	0.8064764196029501	False	
1d	lwt+ilwt_roundtrip	db4	antisymmetric	Compact	ttnn	2.63378	0.000263378	2.384185791015625e-07	0.9999999999999974	True	
1d	lwt+ilwt_roundtrip	db4	smooth	Compact	ttnn	2.63378	0.000263378	2.384185791015625e-07	0.9999999999999972	True	
1d	lwt+ilwt_roundtrip	db4	reflect	Compact	ttnn	2.63378	0.000263378	2.384185791015625e-07	0.9999999999999972	True	
1d	lwt+ilwt_roundtrip	db4	antireflect	Compact	ttnn	2.63378	0.000263378	1.8901233077049255	0.5468243551758089	False	
1d	lwt+ilwt_roundtrip	db5	symmetric	Compact	ttnn	46.0839	0.00460839	7.450580596923828e-06	0.9999999999973418	True	
1d	lwt+ilwt_roundtrip	db5	zero	Compact	ttnn	46.0839	0.00460839	7.450580596923828e-06	0.9999999999973417	True	
1d	lwt+ilwt_roundtrip	db5	constant	Compact	ttnn	46.0839	0.00460839	7.450580596923828e-06	0.9999999999973407	True	
1d	lwt+ilwt_roundtrip	db5	periodic	Compact	ttnn	46.0839	0.00460839	1.9785135388374329	0.8026768744606169	False	
1d	lwt+ilwt_roundtrip	db5	antisymmetric	Compact	ttnn	46.0839	0.00460839	7.450580596923828e-06	0.9999999999973418	True	
1d	lwt+ilwt_roundtrip	db5	smooth	Compact	ttnn	46.0839	0.00460839	7.450580596923828e-06	0.9999999999973413	True	
1d	lwt+ilwt_roundtrip	db5	reflect	Compact	ttnn	46.0839	0.00460839	7.450580596923828e-06	0.9999999999973413	True	
1d	lwt+ilwt_roundtrip	db5	antireflect	Compact	ttnn	46.0839	0.00460839	1.8770241737365723	0.5452962244773867	False	
1d	lwt+ilwt_roundtrip	db6	symmetric	Compact	ttnn	5.42251	0.000542251	2.384185791015625e-07	0.9999999999999962	True	
1d	lwt+ilwt_roundtrip	db6	zero	Compact	ttnn	5.42251	0.000542251	2.384185791015625e-07	0.9999999999999966	True	
1d	lwt+ilwt_roundtrip	db6	constant	Compact	ttnn	5.42251	0.000542251	2.384185791015625e-07	0.9999999999999966	True	
1d	lwt+ilwt_roundtrip	db6	periodic	Compact	ttnn	5.42251	0.000542251	1.9833177328109741	0.7980361939607338	False	
1d	lwt+ilwt_roundtrip	db6	antisymmetric	Compact	ttnn	5.42251	0.000542251	2.384185791015625e-07	0.9999999999999969	True	
1d	lwt+ilwt_roundtrip	db6	smooth	Compact	ttnn	5.42251	0.000542251	2.384185791015625e-07	0.9999999999999963	True	
1d	lwt+ilwt_roundtrip	db6	reflect	Compact	ttnn	5.42251	0.000542251	2.384185791015625e-07	0.9999999999999962	True	
1d	lwt+ilwt_roundtrip	db6	antireflect	Compact	ttnn	5.42251	0.000542251	1.8630792498588562	0.5264071627505432	False	
1d	lwt+ilwt_roundtrip	db7	symmetric	Large / Sensitive	ttnn	143.003	0.715015	2.658367156982422e-05	0.9999999999593682	True	
1d	lwt+ilwt_roundtrip	db7	zero	Large / Sensitive	ttnn	143.003	0.715015	2.658367156982422e-05	0.9999999999593792	True	
1d	lwt+ilwt_roundtrip	db7	constant	Large / Sensitive	ttnn	143.003	0.715015	2.658367156982422e-05	0.999999999959381	True	
1d	lwt+ilwt_roundtrip	db7	periodic	Large / Sensitive	ttnn	143.003	0.715015	1.9874358773231506	0.7942265258271245	False	
1d	lwt+ilwt_roundtrip	db7	antisymmetric	Large / Sensitive	ttnn	143.003	0.715015	2.658367156982422e-05	0.9999999999593882	True	
1d	lwt+ilwt_roundtrip	db7	smooth	Large / Sensitive	ttnn	143.003	0.715015	2.658367156982422e-05	0.9999999999592539	True	
1d	lwt+ilwt_roundtrip	db7	reflect	Large / Sensitive	ttnn	143.003	0.715015	2.658367156982422e-05	0.9999999999593644	True	
1d	lwt+ilwt_roundtrip	db7	antireflect	Large / Sensitive	ttnn	143.003	0.715015	1.9754698276519775	0.5224153682937436	False	
1d	lwt+ilwt_roundtrip	db8	symmetric	Large / Sensitive	ttnn	10.8886	0.054443000000000005	2.980232238769531e-07	0.9999999999999962	True	
1d	lwt+ilwt_roundtrip	db8	zero	Large / Sensitive	ttnn	10.8886	0.054443000000000005	2.980232238769531e-07	0.9999999999999956	True	
1d	lwt+ilwt_roundtrip	db8	constant	Large / Sensitive	ttnn	10.8886	0.054443000000000005	2.980232238769531e-07	0.9999999999999956	True	
1d	lwt+ilwt_roundtrip	db8	periodic	Large / Sensitive	ttnn	10.8886	0.054443000000000005	1.9922436475753784	0.7914803785397277	False	
1d	lwt+ilwt_roundtrip	db8	antisymmetric	Large / Sensitive	ttnn	10.8886	0.054443000000000005	2.980232238769531e-07	0.9999999999999954	True	
1d	lwt+ilwt_roundtrip	db8	smooth	Large / Sensitive	ttnn	10.8886	0.054443000000000005	2.980232238769531e-07	0.9999999999999956	True	
1d	lwt+ilwt_roundtrip	db8	reflect	Large / Sensitive	ttnn	10.8886	0.054443000000000005	2.980232238769531e-07	0.9999999999999953	True	
1d	lwt+ilwt_roundtrip	db8	antireflect	Large / Sensitive	ttnn	10.8886	0.054443000000000005	1.9933714270591736	0.7875560943942798	False	
1d	lwt+ilwt_roundtrip	db9	symmetric	Medium	ttnn	398.18	0.39818000000000003	0.00011545419692993164	0.9999999991025429	True	
1d	lwt+ilwt_roundtrip	db9	zero	Medium	ttnn	398.18	0.39818000000000003	0.00011545419692993164	0.9999999991026636	True	
1d	lwt+ilwt_roundtrip	db9	constant	Medium	ttnn	398.18	0.39818000000000003	0.00011545419692993164	0.9999999991026591	True	
1d	lwt+ilwt_roundtrip	db9	periodic	Medium	ttnn	398.18	0.39818000000000003	1.9932823777198792	0.7879248558630512	False	
1d	lwt+ilwt_roundtrip	db9	antisymmetric	Medium	ttnn	398.18	0.39818000000000003	0.00011545419692993164	0.9999999991016738	True	
1d	lwt+ilwt_roundtrip	db9	smooth	Medium	ttnn	398.18	0.39818000000000003	0.00011545419692993164	0.9999999991006724	True	
1d	lwt+ilwt_roundtrip	db9	reflect	Medium	ttnn	398.18	0.39818000000000003	0.00011545419692993164	0.9999999991015109	True	
1d	lwt+ilwt_roundtrip	db9	antireflect	Medium	ttnn	398.18	0.39818000000000003	0.00011545419692993164	0.999999999101241	True	
1d	lwt+ilwt_roundtrip	dmey	symmetric	Large / Sensitive	ttnn	28.028	0.14014	0.0003145933151245117	0.9999999964819712	True	
1d	lwt+ilwt_roundtrip	dmey	zero	Large / Sensitive	ttnn	28.028	0.14014	0.0003145933151245117	0.9999999964514742	True	
1d	lwt+ilwt_roundtrip	dmey	constant	Large / Sensitive	ttnn	28.028	0.14014	0.0003145933151245117	0.9999999964685446	True	
1d	lwt+ilwt_roundtrip	dmey	periodic	Large / Sensitive	ttnn	28.028	0.14014	1.9296517968177795	0.8247427761017491	False	
1d	lwt+ilwt_roundtrip	dmey	antisymmetric	Large / Sensitive	ttnn	28.028	0.14014	0.0003145933151245117	0.999999996534474	True	
1d	lwt+ilwt_roundtrip	dmey	smooth	Large / Sensitive	ttnn	28.028	0.14014	0.0003145933151245117	0.9999999964244917	True	
1d	lwt+ilwt_roundtrip	dmey	reflect	Large / Sensitive	ttnn	28.028	0.14014	0.0003145933151245117	0.9999999964905095	True	
1d	lwt+ilwt_roundtrip	dmey	antireflect	Large / Sensitive	ttnn	28.028	0.14014	0.0003145933151245117	0.9999999965190868	True	
1d	lwt+ilwt_roundtrip	haar	symmetric	Compact	ttnn	1.41421	0.000141421	1.1920928955078125e-07	0.999999999999998	True	
1d	lwt+ilwt_roundtrip	haar	zero	Compact	ttnn	1.41421	0.000141421	1.1920928955078125e-07	0.999999999999998	True	
1d	lwt+ilwt_roundtrip	haar	constant	Compact	ttnn	1.41421	0.000141421	1.1920928955078125e-07	0.999999999999998	True	
1d	lwt+ilwt_roundtrip	haar	periodic	Compact	ttnn	1.41421	0.000141421	1.1920928955078125e-07	0.999999999999998	True	
1d	lwt+ilwt_roundtrip	haar	antisymmetric	Compact	ttnn	1.41421	0.000141421	1.1920928955078125e-07	0.999999999999998	True	
1d	lwt+ilwt_roundtrip	haar	smooth	Compact	ttnn	1.41421	0.000141421	1.1920928955078125e-07	0.999999999999998	True	
1d	lwt+ilwt_roundtrip	haar	reflect	Compact	ttnn	1.41421	0.000141421	1.1920928955078125e-07	0.999999999999998	True	
1d	lwt+ilwt_roundtrip	haar	antireflect	Compact	ttnn	1.41421	0.000141421	1.1920928955078125e-07	0.999999999999998	True	
1d	lwt+ilwt_roundtrip	rbio1.1	symmetric	Compact	ttnn	1.41421	0.000141421	1.1920928955078125e-07	0.999999999999998	True	
1d	lwt+ilwt_roundtrip	rbio1.1	zero	Compact	ttnn	1.41421	0.000141421	1.1920928955078125e-07	0.999999999999998	True	
1d	lwt+ilwt_roundtrip	rbio1.1	constant	Compact	ttnn	1.41421	0.000141421	1.1920928955078125e-07	0.999999999999998	True	
1d	lwt+ilwt_roundtrip	rbio1.1	periodic	Compact	ttnn	1.41421	0.000141421	1.1920928955078125e-07	0.999999999999998	True	
1d	lwt+ilwt_roundtrip	rbio1.1	antisymmetric	Compact	ttnn	1.41421	0.000141421	1.1920928955078125e-07	0.999999999999998	True	
1d	lwt+ilwt_roundtrip	rbio1.1	smooth	Compact	ttnn	1.41421	0.000141421	1.1920928955078125e-07	0.999999999999998	True	
1d	lwt+ilwt_roundtrip	rbio1.1	reflect	Compact	ttnn	1.41421	0.000141421	1.1920928955078125e-07	0.999999999999998	True	
1d	lwt+ilwt_roundtrip	rbio1.1	antireflect	Compact	ttnn	1.41421	0.000141421	1.1920928955078125e-07	0.999999999999998	True	
1d	lwt+ilwt_roundtrip	rbio1.3	symmetric	Compact	ttnn	1.41421	0.000141421	1.7881393432617188e-07	0.9999999999999978	True	
1d	lwt+ilwt_roundtrip	rbio1.3	zero	Compact	ttnn	1.41421	0.000141421	1.7881393432617188e-07	0.999999999999998	True	
1d	lwt+ilwt_roundtrip	rbio1.3	constant	Compact	ttnn	1.41421	0.000141421	1.7881393432617188e-07	0.9999999999999973	True	
1d	lwt+ilwt_roundtrip	rbio1.3	periodic	Compact	ttnn	1.41421	0.000141421	1.8294590711593628	0.8791394599162151	False	
1d	lwt+ilwt_roundtrip	rbio1.3	antisymmetric	Compact	ttnn	1.41421	0.000141421	1.7881393432617188e-07	0.999999999999998	True	
1d	lwt+ilwt_roundtrip	rbio1.3	smooth	Compact	ttnn	1.41421	0.000141421	1.7881393432617188e-07	0.999999999999998	True	
1d	lwt+ilwt_roundtrip	rbio1.3	reflect	Compact	ttnn	1.41421	0.000141421	1.7881393432617188e-07	0.999999999999998	True	
1d	lwt+ilwt_roundtrip	rbio1.3	antireflect	Compact	ttnn	1.41421	0.000141421	1.9956421852111816	0.5854872906087126	False	
1d	lwt+ilwt_roundtrip	rbio1.5	symmetric	Compact	ttnn	1.41421	0.000141421	1.7881393432617188e-07	0.999999999999997	True	
1d	lwt+ilwt_roundtrip	rbio1.5	zero	Compact	ttnn	1.41421	0.000141421	1.7881393432617188e-07	0.9999999999999972	True	
1d	lwt+ilwt_roundtrip	rbio1.5	constant	Compact	ttnn	1.41421	0.000141421	1.7881393432617188e-07	0.999999999999997	True	
1d	lwt+ilwt_roundtrip	rbio1.5	periodic	Compact	ttnn	1.41421	0.000141421	1.7607287764549255	0.8885035130027025	False	
1d	lwt+ilwt_roundtrip	rbio1.5	antisymmetric	Compact	ttnn	1.41421	0.000141421	1.7881393432617188e-07	0.9999999999999972	True	
1d	lwt+ilwt_roundtrip	rbio1.5	smooth	Compact	ttnn	1.41421	0.000141421	1.7881393432617188e-07	0.9999999999999972	True	
1d	lwt+ilwt_roundtrip	rbio1.5	reflect	Compact	ttnn	1.41421	0.000141421	1.7881393432617188e-07	0.999999999999997	True	
1d	lwt+ilwt_roundtrip	rbio1.5	antireflect	Compact	ttnn	1.41421	0.000141421	1.9259066581726074	0.6293881512971852	False	
1d	lwt+ilwt_roundtrip	rbio2.2	symmetric	Compact	ttnn	1.41421	0.000141421	2.384185791015625e-07	0.9999999999999974	True	
1d	lwt+ilwt_roundtrip	rbio2.2	zero	Compact	ttnn	1.41421	0.000141421	2.384185791015625e-07	0.9999999999999973	True	
1d	lwt+ilwt_roundtrip	rbio2.2	constant	Compact	ttnn	1.41421	0.000141421	2.384185791015625e-07	0.9999999999999973	True	
1d	lwt+ilwt_roundtrip	rbio2.2	periodic	Compact	ttnn	1.41421	0.000141421	1.829459011554718	0.8791394607236053	False	
1d	lwt+ilwt_roundtrip	rbio2.2	antisymmetric	Compact	ttnn	1.41421	0.000141421	2.384185791015625e-07	0.9999999999999972	True	
1d	lwt+ilwt_roundtrip	rbio2.2	smooth	Compact	ttnn	1.41421	0.000141421	2.384185791015625e-07	0.9999999999999973	True	
1d	lwt+ilwt_roundtrip	rbio2.2	reflect	Compact	ttnn	1.41421	0.000141421	2.384185791015625e-07	0.9999999999999973	True	
1d	lwt+ilwt_roundtrip	rbio2.2	antireflect	Compact	ttnn	1.41421	0.000141421	1.9931458234786987	0.5533846718007862	False	
1d	lwt+ilwt_roundtrip	rbio2.4	symmetric	Compact	ttnn	1.41421	0.000141421	2.384185791015625e-07	0.9999999999999969	True	
1d	lwt+ilwt_roundtrip	rbio2.4	zero	Compact	ttnn	1.41421	0.000141421	2.384185791015625e-07	0.9999999999999966	True	
1d	lwt+ilwt_roundtrip	rbio2.4	constant	Compact	ttnn	1.41421	0.000141421	2.384185791015625e-07	0.9999999999999966	True	
1d	lwt+ilwt_roundtrip	rbio2.4	periodic	Compact	ttnn	1.41421	0.000141421	1.760728657245636	0.8885035150228975	False	
1d	lwt+ilwt_roundtrip	rbio2.4	antisymmetric	Compact	ttnn	1.41421	0.000141421	2.384185791015625e-07	0.9999999999999974	True	
1d	lwt+ilwt_roundtrip	rbio2.4	smooth	Compact	ttnn	1.41421	0.000141421	2.384185791015625e-07	0.9999999999999966	True	
1d	lwt+ilwt_roundtrip	rbio2.4	reflect	Compact	ttnn	1.41421	0.000141421	2.384185791015625e-07	0.9999999999999963	True	
1d	lwt+ilwt_roundtrip	rbio2.4	antireflect	Compact	ttnn	1.41421	0.000141421	1.9899402856826782	0.5523510510875065	False	
1d	lwt+ilwt_roundtrip	rbio2.6	symmetric	Large / Sensitive	ttnn	1.41421	0.00707105	2.980232238769531e-07	0.9999999999999961	True	
1d	lwt+ilwt_roundtrip	rbio2.6	zero	Large / Sensitive	ttnn	1.41421	0.00707105	2.980232238769531e-07	0.9999999999999966	True	
1d	lwt+ilwt_roundtrip	rbio2.6	constant	Large / Sensitive	ttnn	1.41421	0.00707105	2.980232238769531e-07	0.9999999999999966	True	
1d	lwt+ilwt_roundtrip	rbio2.6	periodic	Large / Sensitive	ttnn	1.41421	0.00707105	1.6800529956817627	0.8957589229667103	False	
1d	lwt+ilwt_roundtrip	rbio2.6	antisymmetric	Large / Sensitive	ttnn	1.41421	0.00707105	2.980232238769531e-07	0.9999999999999961	True	
1d	lwt+ilwt_roundtrip	rbio2.6	smooth	Large / Sensitive	ttnn	1.41421	0.00707105	2.980232238769531e-07	0.9999999999999961	True	
1d	lwt+ilwt_roundtrip	rbio2.6	reflect	Large / Sensitive	ttnn	1.41421	0.00707105	2.980232238769531e-07	0.9999999999999962	True	
1d	lwt+ilwt_roundtrip	rbio2.6	antireflect	Large / Sensitive	ttnn	1.41421	0.00707105	1.9303346276283264	0.7347361158996659	False	
1d	lwt+ilwt_roundtrip	rbio2.8	symmetric	Large / Sensitive	ttnn	1.41421	0.00707105	2.980232238769531e-07	0.9999999999999958	True	
1d	lwt+ilwt_roundtrip	rbio2.8	zero	Large / Sensitive	ttnn	1.41421	0.00707105	2.980232238769531e-07	0.9999999999999959	True	
1d	lwt+ilwt_roundtrip	rbio2.8	constant	Large / Sensitive	ttnn	1.41421	0.00707105	2.980232238769531e-07	0.9999999999999961	True	
1d	lwt+ilwt_roundtrip	rbio2.8	periodic	Large / Sensitive	ttnn	1.41421	0.00707105	1.5886467099189758	0.9005565894167886	False	
1d	lwt+ilwt_roundtrip	rbio2.8	antisymmetric	Large / Sensitive	ttnn	1.41421	0.00707105	2.980232238769531e-07	0.9999999999999954	True	
1d	lwt+ilwt_roundtrip	rbio2.8	smooth	Large / Sensitive	ttnn	1.41421	0.00707105	2.980232238769531e-07	0.9999999999999962	True	
1d	lwt+ilwt_roundtrip	rbio2.8	reflect	Large / Sensitive	ttnn	1.41421	0.00707105	2.980232238769531e-07	0.9999999999999962	True	
1d	lwt+ilwt_roundtrip	rbio2.8	antireflect	Large / Sensitive	ttnn	1.41421	0.00707105	1.9973393082618713	0.8922191256448079	False	
1d	lwt+ilwt_roundtrip	rbio3.1	symmetric	Compact	ttnn	2.12132	0.000212132	2.980232238769531e-07	0.999999999999994	True	
1d	lwt+ilwt_roundtrip	rbio3.1	zero	Compact	ttnn	2.12132	0.000212132	2.980232238769531e-07	0.9999999999999939	True	
1d	lwt+ilwt_roundtrip	rbio3.1	constant	Compact	ttnn	2.12132	0.000212132	2.980232238769531e-07	0.9999999999999939	True	
1d	lwt+ilwt_roundtrip	rbio3.1	periodic	Compact	ttnn	2.12132	0.000212132	1.8590137362480164	0.8731470052606547	False	
1d	lwt+ilwt_roundtrip	rbio3.1	antisymmetric	Compact	ttnn	2.12132	0.000212132	2.980232238769531e-07	0.9999999999999939	True	
1d	lwt+ilwt_roundtrip	rbio3.1	smooth	Compact	ttnn	2.12132	0.000212132	2.980232238769531e-07	0.999999999999994	True	
1d	lwt+ilwt_roundtrip	rbio3.1	reflect	Compact	ttnn	2.12132	0.000212132	2.980232238769531e-07	0.9999999999999939	True	
1d	lwt+ilwt_roundtrip	rbio3.1	antireflect	Compact	ttnn	2.12132	0.000212132	1.9875267148017883	0.700159160838791	False	
1d	lwt+ilwt_roundtrip	rbio3.3	symmetric	Compact	ttnn	2.12132	0.000212132	4.172325134277344e-07	0.9999999999999913	True	
1d	lwt+ilwt_roundtrip	rbio3.3	zero	Compact	ttnn	2.12132	0.000212132	4.172325134277344e-07	0.9999999999999913	True	
1d	lwt+ilwt_roundtrip	rbio3.3	constant	Compact	ttnn	2.12132	0.000212132	4.172325134277344e-07	0.9999999999999913	True	
1d	lwt+ilwt_roundtrip	rbio3.3	periodic	Compact	ttnn	2.12132	0.000212132	1.7966563701629639	0.8840145037976567	False	
1d	lwt+ilwt_roundtrip	rbio3.3	antisymmetric	Compact	ttnn	2.12132	0.000212132	4.172325134277344e-07	0.9999999999999913	True	
1d	lwt+ilwt_roundtrip	rbio3.3	smooth	Compact	ttnn	2.12132	0.000212132	4.172325134277344e-07	0.9999999999999913	True	
1d	lwt+ilwt_roundtrip	rbio3.3	reflect	Compact	ttnn	2.12132	0.000212132	4.172325134277344e-07	0.9999999999999916	True	
1d	lwt+ilwt_roundtrip	rbio3.3	antireflect	Compact	ttnn	2.12132	0.000212132	1.9978105425834656	0.5385293571114713	False	
1d	lwt+ilwt_roundtrip	rbio3.5	symmetric	Compact	ttnn	2.12132	0.000212132	4.172325134277344e-07	0.9999999999999899	True	
1d	lwt+ilwt_roundtrip	rbio3.5	zero	Compact	ttnn	2.12132	0.000212132	4.172325134277344e-07	0.9999999999999906	True	
1d	lwt+ilwt_roundtrip	rbio3.5	constant	Compact	ttnn	2.12132	0.000212132	4.172325134277344e-07	0.9999999999999901	True	
1d	lwt+ilwt_roundtrip	rbio3.5	periodic	Compact	ttnn	2.12132	0.000212132	1.721811830997467	0.8913477367805759	False	
1d	lwt+ilwt_roundtrip	rbio3.5	antisymmetric	Compact	ttnn	2.12132	0.000212132	4.172325134277344e-07	0.9999999999999899	True	
1d	lwt+ilwt_roundtrip	rbio3.5	smooth	Compact	ttnn	2.12132	0.000212132	4.172325134277344e-07	0.9999999999999902	True	
1d	lwt+ilwt_roundtrip	rbio3.5	reflect	Compact	ttnn	2.12132	0.000212132	4.172325134277344e-07	0.9999999999999908	True	
1d	lwt+ilwt_roundtrip	rbio3.5	antireflect	Compact	ttnn	2.12132	0.000212132	1.930334746837616	0.6889895044131994	False	
1d	lwt+ilwt_roundtrip	rbio3.7	symmetric	Large / Sensitive	ttnn	2.12132	0.010606599999999999	5.364418029785156e-07	0.9999999999999883	True	
1d	lwt+ilwt_roundtrip	rbio3.7	zero	Large / Sensitive	ttnn	2.12132	0.010606599999999999	5.364418029785156e-07	0.9999999999999886	True	
1d	lwt+ilwt_roundtrip	rbio3.7	constant	Large / Sensitive	ttnn	2.12132	0.010606599999999999	5.364418029785156e-07	0.9999999999999891	True	
1d	lwt+ilwt_roundtrip	rbio3.7	periodic	Large / Sensitive	ttnn	2.12132	0.010606599999999999	1.6356084942817688	0.8990283109657786	False	
1d	lwt+ilwt_roundtrip	rbio3.7	antisymmetric	Large / Sensitive	ttnn	2.12132	0.010606599999999999	5.364418029785156e-07	0.9999999999999889	True	
1d	lwt+ilwt_roundtrip	rbio3.7	smooth	Large / Sensitive	ttnn	2.12132	0.010606599999999999	5.364418029785156e-07	0.9999999999999887	True	
1d	lwt+ilwt_roundtrip	rbio3.7	reflect	Large / Sensitive	ttnn	2.12132	0.010606599999999999	5.364418029785156e-07	0.9999999999999886	True	
1d	lwt+ilwt_roundtrip	rbio3.7	antireflect	Large / Sensitive	ttnn	2.12132	0.010606599999999999	1.9970278143882751	0.7996300317012732	False	
1d	lwt+ilwt_roundtrip	rbio3.9	symmetric	Large / Sensitive	ttnn	2.12132	0.010606599999999999	4.76837158203125e-07	0.9999999999999876	True	
1d	lwt+ilwt_roundtrip	rbio3.9	zero	Large / Sensitive	ttnn	2.12132	0.010606599999999999	4.76837158203125e-07	0.9999999999999882	True	
1d	lwt+ilwt_roundtrip	rbio3.9	constant	Large / Sensitive	ttnn	2.12132	0.010606599999999999	4.76837158203125e-07	0.9999999999999872	True	
1d	lwt+ilwt_roundtrip	rbio3.9	periodic	Large / Sensitive	ttnn	2.12132	0.010606599999999999	1.5393447279930115	0.9022704442238717	False	
1d	lwt+ilwt_roundtrip	rbio3.9	antisymmetric	Large / Sensitive	ttnn	2.12132	0.010606599999999999	4.76837158203125e-07	0.9999999999999879	True	
1d	lwt+ilwt_roundtrip	rbio3.9	smooth	Large / Sensitive	ttnn	2.12132	0.010606599999999999	4.76837158203125e-07	0.9999999999999876	True	
1d	lwt+ilwt_roundtrip	rbio3.9	reflect	Large / Sensitive	ttnn	2.12132	0.010606599999999999	4.76837158203125e-07	0.9999999999999876	True	
1d	lwt+ilwt_roundtrip	rbio3.9	antireflect	Large / Sensitive	ttnn	2.12132	0.010606599999999999	4.76837158203125e-07	0.9999999999999881	True	
1d	lwt+ilwt_roundtrip	rbio4.4	symmetric	Compact	ttnn	1.58613	0.00015861300000000002	9.5367431640625e-07	0.9999999999999761	True	
1d	lwt+ilwt_roundtrip	rbio4.4	zero	Compact	ttnn	1.58613	0.00015861300000000002	9.5367431640625e-07	0.9999999999999758	True	
1d	lwt+ilwt_roundtrip	rbio4.4	constant	Compact	ttnn	1.58613	0.00015861300000000002	9.5367431640625e-07	0.9999999999999758	True	
1d	lwt+ilwt_roundtrip	rbio4.4	periodic	Compact	ttnn	1.58613	0.00015861300000000002	1.9785134196281433	0.8026768689800535	False	
1d	lwt+ilwt_roundtrip	rbio4.4	antisymmetric	Compact	ttnn	1.58613	0.00015861300000000002	9.5367431640625e-07	0.9999999999999757	True	
1d	lwt+ilwt_roundtrip	rbio4.4	smooth	Compact	ttnn	1.58613	0.00015861300000000002	9.5367431640625e-07	0.9999999999999762	True	
1d	lwt+ilwt_roundtrip	rbio4.4	reflect	Compact	ttnn	1.58613	0.00015861300000000002	9.5367431640625e-07	0.9999999999999757	True	
1d	lwt+ilwt_roundtrip	rbio4.4	antireflect	Compact	ttnn	1.58613	0.00015861300000000002	1.8901231288909912	0.5468243830388602	False	
1d	lwt+ilwt_roundtrip	rbio5.5	symmetric	Compact	ttnn	5.58579	0.000558579	1.1920928955078125e-06	0.9999999999999545	True	
1d	lwt+ilwt_roundtrip	rbio5.5	zero	Compact	ttnn	5.58579	0.000558579	1.1920928955078125e-06	0.9999999999999546	True	
1d	lwt+ilwt_roundtrip	rbio5.5	constant	Compact	ttnn	5.58579	0.000558579	1.1920928955078125e-06	0.9999999999999546	True	
1d	lwt+ilwt_roundtrip	rbio5.5	periodic	Compact	ttnn	5.58579	0.000558579	1.9833175539970398	0.7980361885929783	False	
1d	lwt+ilwt_roundtrip	rbio5.5	antisymmetric	Compact	ttnn	5.58579	0.000558579	1.1920928955078125e-06	0.9999999999999548	True	
1d	lwt+ilwt_roundtrip	rbio5.5	smooth	Compact	ttnn	5.58579	0.000558579	1.1920928955078125e-06	0.9999999999999545	True	
1d	lwt+ilwt_roundtrip	rbio5.5	reflect	Compact	ttnn	5.58579	0.000558579	1.1920928955078125e-06	0.9999999999999546	True	
1d	lwt+ilwt_roundtrip	rbio5.5	antireflect	Compact	ttnn	5.58579	0.000558579	1.8630788326263428	0.5264071861855902	False	
1d	lwt+ilwt_roundtrip	rbio6.8	symmetric	Large / Sensitive	ttnn	1.15131	0.00575655	4.76837158203125e-07	0.9999999999999912	True	
1d	lwt+ilwt_roundtrip	rbio6.8	zero	Large / Sensitive	ttnn	1.15131	0.00575655	4.76837158203125e-07	0.9999999999999916	True	
1d	lwt+ilwt_roundtrip	rbio6.8	constant	Large / Sensitive	ttnn	1.15131	0.00575655	4.76837158203125e-07	0.999999999999991	True	
1d	lwt+ilwt_roundtrip	rbio6.8	periodic	Large / Sensitive	ttnn	1.15131	0.00575655	1.9932807683944702	0.7879248948532526	False	
1d	lwt+ilwt_roundtrip	rbio6.8	antisymmetric	Large / Sensitive	ttnn	1.15131	0.00575655	4.76837158203125e-07	0.9999999999999913	True	
1d	lwt+ilwt_roundtrip	rbio6.8	smooth	Large / Sensitive	ttnn	1.15131	0.00575655	4.76837158203125e-07	0.9999999999999916	True	
1d	lwt+ilwt_roundtrip	rbio6.8	reflect	Large / Sensitive	ttnn	1.15131	0.00575655	4.76837158203125e-07	0.9999999999999913	True	
1d	lwt+ilwt_roundtrip	rbio6.8	antireflect	Large / Sensitive	ttnn	1.15131	0.00575655	0.5876587107777596	0.9978051578682601	False	
1d	lwt+ilwt_roundtrip	sym10	symmetric	Medium	ttnn	26.3969	0.0263969	1.0132789611816406e-06	0.9999999999999427	True	
1d	lwt+ilwt_roundtrip	sym10	zero	Medium	ttnn	26.3969	0.0263969	1.0132789611816406e-06	0.9999999999999428	True	
1d	lwt+ilwt_roundtrip	sym10	constant	Medium	ttnn	26.3969	0.0263969	1.0132789611816406e-06	0.9999999999999427	True	
1d	lwt+ilwt_roundtrip	sym10	periodic	Medium	ttnn	26.3969	0.0263969	1.9974235892295837	0.7781972917670515	False	
1d	lwt+ilwt_roundtrip	sym10	antisymmetric	Medium	ttnn	26.3969	0.0263969	1.0132789611816406e-06	0.9999999999999424	True	
1d	lwt+ilwt_roundtrip	sym10	smooth	Medium	ttnn	26.3969	0.0263969	1.0132789611816406e-06	0.9999999999999425	True	
1d	lwt+ilwt_roundtrip	sym10	reflect	Medium	ttnn	26.3969	0.0263969	1.0132789611816406e-06	0.9999999999999428	True	
1d	lwt+ilwt_roundtrip	sym10	antireflect	Medium	ttnn	26.3969	0.0263969	1.0132789611816406e-06	0.9999999999999427	True	
1d	lwt+ilwt_roundtrip	sym11	symmetric	Medium	ttnn	94.636	0.094636	2.6226043701171875e-06	0.9999999999997128	True	
1d	lwt+ilwt_roundtrip	sym11	zero	Medium	ttnn	94.636	0.094636	2.6226043701171875e-06	0.9999999999997122	True	
1d	lwt+ilwt_roundtrip	sym11	constant	Medium	ttnn	94.636	0.094636	2.6226043701171875e-06	0.9999999999997123	True	
1d	lwt+ilwt_roundtrip	sym11	periodic	Medium	ttnn	94.636	0.094636	1.9984606504440308	0.7745558902857239	False	
1d	lwt+ilwt_roundtrip	sym11	antisymmetric	Medium	ttnn	94.636	0.094636	2.6226043701171875e-06	0.9999999999997119	True	
1d	lwt+ilwt_roundtrip	sym11	smooth	Medium	ttnn	94.636	0.094636	2.6226043701171875e-06	0.9999999999997122	True	
1d	lwt+ilwt_roundtrip	sym11	reflect	Medium	ttnn	94.636	0.094636	2.6226043701171875e-06	0.9999999999997126	True	
1d	lwt+ilwt_roundtrip	sym11	antireflect	Medium	ttnn	94.636	0.094636	2.6226043701171875e-06	0.9999999999997126	True	
1d	lwt+ilwt_roundtrip	sym12	symmetric	Medium	ttnn	32.8267	0.0328267	1.1920928955078125e-06	0.9999999999999205	True	
1d	lwt+ilwt_roundtrip	sym12	zero	Medium	ttnn	32.8267	0.0328267	1.1920928955078125e-06	0.9999999999999201	True	
1d	lwt+ilwt_roundtrip	sym12	constant	Medium	ttnn	32.8267	0.0328267	1.1920928955078125e-06	0.9999999999999205	True	
1d	lwt+ilwt_roundtrip	sym12	periodic	Medium	ttnn	32.8267	0.0328267	1.9988377690315247	0.7720189655780053	False	
1d	lwt+ilwt_roundtrip	sym12	antisymmetric	Medium	ttnn	32.8267	0.0328267	1.1920928955078125e-06	0.9999999999999203	True	
1d	lwt+ilwt_roundtrip	sym12	smooth	Medium	ttnn	32.8267	0.0328267	1.1920928955078125e-06	0.9999999999999203	True	
1d	lwt+ilwt_roundtrip	sym12	reflect	Medium	ttnn	32.8267	0.0328267	1.1920928955078125e-06	0.99999999999992	True	
1d	lwt+ilwt_roundtrip	sym12	antireflect	Medium	ttnn	32.8267	0.0328267	1.1920928955078125e-06	0.99999999999992	True	
1d	lwt+ilwt_roundtrip	sym13	symmetric	Large / Sensitive	ttnn	4896790.0	24483.95	3.135204315185547e-05	0.9999999999615721	True	
1d	lwt+ilwt_roundtrip	sym13	zero	Large / Sensitive	ttnn	4896790.0	24483.95	3.135204315185547e-05	0.9999999999615795	True	
1d	lwt+ilwt_roundtrip	sym13	constant	Large / Sensitive	ttnn	4896790.0	24483.95	3.135204315185547e-05	0.9999999999615371	True	
1d	lwt+ilwt_roundtrip	sym13	periodic	Large / Sensitive	ttnn	4896790.0	24483.95	1.9998525977134705	0.7689072351423575	True	
1d	lwt+ilwt_roundtrip	sym13	antisymmetric	Large / Sensitive	ttnn	4896790.0	24483.95	3.135204315185547e-05	0.9999999999616281	True	
1d	lwt+ilwt_roundtrip	sym13	smooth	Large / Sensitive	ttnn	4896790.0	24483.95	3.135204315185547e-05	0.999999999961447	True	
1d	lwt+ilwt_roundtrip	sym13	reflect	Large / Sensitive	ttnn	4896790.0	24483.95	3.135204315185547e-05	0.9999999999616346	True	
1d	lwt+ilwt_roundtrip	sym13	antireflect	Large / Sensitive	ttnn	4896790.0	24483.95	3.135204315185547e-05	0.9999999999614598	True	
1d	lwt+ilwt_roundtrip	sym14	symmetric	Large / Sensitive	ttnn	2592.45	12.96225	8.463859558105469e-06	0.999999999998427	True	
1d	lwt+ilwt_roundtrip	sym14	zero	Large / Sensitive	ttnn	2592.45	12.96225	8.463859558105469e-06	0.9999999999984238	True	
1d	lwt+ilwt_roundtrip	sym14	constant	Large / Sensitive	ttnn	2592.45	12.96225	8.463859558105469e-06	0.9999999999984232	True	
1d	lwt+ilwt_roundtrip	sym14	periodic	Large / Sensitive	ttnn	2592.45	12.96225	1.9991674423217773	0.7641898901929394	True	
1d	lwt+ilwt_roundtrip	sym14	antisymmetric	Large / Sensitive	ttnn	2592.45	12.96225	8.463859558105469e-06	0.999999999998426	True	
1d	lwt+ilwt_roundtrip	sym14	smooth	Large / Sensitive	ttnn	2592.45	12.96225	8.463859558105469e-06	0.9999999999984257	True	
1d	lwt+ilwt_roundtrip	sym14	reflect	Large / Sensitive	ttnn	2592.45	12.96225	8.463859558105469e-06	0.9999999999984246	True	
1d	lwt+ilwt_roundtrip	sym14	antireflect	Large / Sensitive	ttnn	2592.45	12.96225	8.463859558105469e-06	0.9999999999984241	True	
1d	lwt+ilwt_roundtrip	sym15	symmetric	Large / Sensitive	ttnn	68.4772	0.34238599999999997	1.0132789611816406e-06	0.9999999999999254	True	
1d	lwt+ilwt_roundtrip	sym15	zero	Large / Sensitive	ttnn	68.4772	0.34238599999999997	1.0132789611816406e-06	0.9999999999999254	True	
1d	lwt+ilwt_roundtrip	sym15	constant	Large / Sensitive	ttnn	68.4772	0.34238599999999997	1.0132789611816406e-06	0.9999999999999253	True	
1d	lwt+ilwt_roundtrip	sym15	periodic	Large / Sensitive	ttnn	68.4772	0.34238599999999997	1.9975185990333557	0.761544652614146	False	
1d	lwt+ilwt_roundtrip	sym15	antisymmetric	Large / Sensitive	ttnn	68.4772	0.34238599999999997	1.0132789611816406e-06	0.9999999999999257	True	
1d	lwt+ilwt_roundtrip	sym15	smooth	Large / Sensitive	ttnn	68.4772	0.34238599999999997	1.0132789611816406e-06	0.9999999999999253	True	
1d	lwt+ilwt_roundtrip	sym15	reflect	Large / Sensitive	ttnn	68.4772	0.34238599999999997	1.0132789611816406e-06	0.9999999999999253	True	
1d	lwt+ilwt_roundtrip	sym15	antireflect	Large / Sensitive	ttnn	68.4772	0.34238599999999997	1.0132789611816406e-06	0.9999999999999254	True	
1d	lwt+ilwt_roundtrip	sym16	symmetric	Large / Sensitive	ttnn	19.8683	0.09934150000000001	7.152557373046875e-07	0.9999999999999803	True	
1d	lwt+ilwt_roundtrip	sym16	zero	Large / Sensitive	ttnn	19.8683	0.09934150000000001	7.152557373046875e-07	0.9999999999999799	True	
1d	lwt+ilwt_roundtrip	sym16	constant	Large / Sensitive	ttnn	19.8683	0.09934150000000001	7.152557373046875e-07	0.9999999999999808	True	
1d	lwt+ilwt_roundtrip	sym16	periodic	Large / Sensitive	ttnn	19.8683	0.09934150000000001	1.9949281215667725	0.7599338041352695	False	
1d	lwt+ilwt_roundtrip	sym16	antisymmetric	Large / Sensitive	ttnn	19.8683	0.09934150000000001	7.152557373046875e-07	0.9999999999999807	True	
1d	lwt+ilwt_roundtrip	sym16	smooth	Large / Sensitive	ttnn	19.8683	0.09934150000000001	7.152557373046875e-07	0.9999999999999799	True	
1d	lwt+ilwt_roundtrip	sym16	reflect	Large / Sensitive	ttnn	19.8683	0.09934150000000001	7.152557373046875e-07	0.9999999999999803	True	
1d	lwt+ilwt_roundtrip	sym16	antireflect	Large / Sensitive	ttnn	19.8683	0.09934150000000001	7.152557373046875e-07	0.9999999999999799	True	
1d	lwt+ilwt_roundtrip	sym17	symmetric	Large / Sensitive	ttnn	1070.37	5.35185	5.960464477539062e-07	0.9999999999999787	True	
1d	lwt+ilwt_roundtrip	sym17	zero	Large / Sensitive	ttnn	1070.37	5.35185	5.960464477539062e-07	0.9999999999999785	True	
1d	lwt+ilwt_roundtrip	sym17	constant	Large / Sensitive	ttnn	1070.37	5.35185	5.960464477539062e-07	0.9999999999999787	True	
1d	lwt+ilwt_roundtrip	sym17	periodic	Large / Sensitive	ttnn	1070.37	5.35185	1.992194414138794	0.7579697963516588	True	
1d	lwt+ilwt_roundtrip	sym17	antisymmetric	Large / Sensitive	ttnn	1070.37	5.35185	5.960464477539062e-07	0.9999999999999787	True	
1d	lwt+ilwt_roundtrip	sym17	smooth	Large / Sensitive	ttnn	1070.37	5.35185	5.960464477539062e-07	0.999999999999978	True	
1d	lwt+ilwt_roundtrip	sym17	reflect	Large / Sensitive	ttnn	1070.37	5.35185	5.960464477539062e-07	0.9999999999999785	True	
1d	lwt+ilwt_roundtrip	sym17	antireflect	Large / Sensitive	ttnn	1070.37	5.35185	5.960464477539062e-07	0.9999999999999781	True	
1d	lwt+ilwt_roundtrip	sym18	symmetric	Large / Sensitive	ttnn	28.6658	0.143329	6.556510925292969e-07	0.9999999999999744	True	
1d	lwt+ilwt_roundtrip	sym18	zero	Large / Sensitive	ttnn	28.6658	0.143329	6.556510925292969e-07	0.9999999999999746	True	
1d	lwt+ilwt_roundtrip	sym18	constant	Large / Sensitive	ttnn	28.6658	0.143329	6.556510925292969e-07	0.9999999999999744	True	
1d	lwt+ilwt_roundtrip	sym18	periodic	Large / Sensitive	ttnn	28.6658	0.143329	1.776938021183014	0.8535763023020355	False	
1d	lwt+ilwt_roundtrip	sym18	antisymmetric	Large / Sensitive	ttnn	28.6658	0.143329	6.556510925292969e-07	0.9999999999999747	True	
1d	lwt+ilwt_roundtrip	sym18	smooth	Large / Sensitive	ttnn	28.6658	0.143329	6.556510925292969e-07	0.9999999999999741	True	
1d	lwt+ilwt_roundtrip	sym18	reflect	Large / Sensitive	ttnn	28.6658	0.143329	6.556510925292969e-07	0.9999999999999742	True	
1d	lwt+ilwt_roundtrip	sym18	antireflect	Large / Sensitive	ttnn	28.6658	0.143329	6.556510925292969e-07	0.9999999999999747	True	
1d	lwt+ilwt_roundtrip	sym19	symmetric	Large / Sensitive	ttnn	1849.14	9.245700000000001	1.2516975402832031e-06	0.999999999999912	True	
1d	lwt+ilwt_roundtrip	sym19	zero	Large / Sensitive	ttnn	1849.14	9.245700000000001	1.2516975402832031e-06	0.9999999999999113	True	
1d	lwt+ilwt_roundtrip	sym19	constant	Large / Sensitive	ttnn	1849.14	9.245700000000001	1.2516975402832031e-06	0.9999999999999121	True	
1d	lwt+ilwt_roundtrip	sym19	periodic	Large / Sensitive	ttnn	1849.14	9.245700000000001	1.7593915462493896	0.8523459647772503	True	
1d	lwt+ilwt_roundtrip	sym19	antisymmetric	Large / Sensitive	ttnn	1849.14	9.245700000000001	1.2516975402832031e-06	0.9999999999999114	True	
1d	lwt+ilwt_roundtrip	sym19	smooth	Large / Sensitive	ttnn	1849.14	9.245700000000001	1.2516975402832031e-06	0.999999999999912	True	
1d	lwt+ilwt_roundtrip	sym19	reflect	Large / Sensitive	ttnn	1849.14	9.245700000000001	1.2516975402832031e-06	0.9999999999999117	True	
1d	lwt+ilwt_roundtrip	sym19	antireflect	Large / Sensitive	ttnn	1849.14	9.245700000000001	1.2516975402832031e-06	0.9999999999999125	True	
1d	lwt+ilwt_roundtrip	sym2	symmetric	Compact	ttnn	1.11536	0.000111536	1.7881393432617188e-07	0.9999999999999986	True	
1d	lwt+ilwt_roundtrip	sym2	zero	Compact	ttnn	1.11536	0.000111536	1.7881393432617188e-07	0.9999999999999986	True	
1d	lwt+ilwt_roundtrip	sym2	constant	Compact	ttnn	1.11536	0.000111536	1.7881393432617188e-07	0.9999999999999986	True	
1d	lwt+ilwt_roundtrip	sym2	periodic	Compact	ttnn	1.11536	0.000111536	1.8590136766433716	0.8731470083891628	False	
1d	lwt+ilwt_roundtrip	sym2	antisymmetric	Compact	ttnn	1.11536	0.000111536	1.7881393432617188e-07	0.9999999999999986	True	
1d	lwt+ilwt_roundtrip	sym2	smooth	Compact	ttnn	1.11536	0.000111536	1.7881393432617188e-07	0.9999999999999981	True	
1d	lwt+ilwt_roundtrip	sym2	reflect	Compact	ttnn	1.11536	0.000111536	1.7881393432617188e-07	0.9999999999999986	True	
1d	lwt+ilwt_roundtrip	sym2	antireflect	Compact	ttnn	1.11536	0.000111536	1.987526774406433	0.7001591624537595	False	
1d	lwt+ilwt_roundtrip	sym20	symmetric	Large / Sensitive	ttnn	16728.7	83.6435	3.2186508178710938e-06	0.9999999999996091	True	
1d	lwt+ilwt_roundtrip	sym20	zero	Large / Sensitive	ttnn	16728.7	83.6435	3.2186508178710938e-06	0.9999999999996104	True	
1d	lwt+ilwt_roundtrip	sym20	constant	Large / Sensitive	ttnn	16728.7	83.6435	3.2186508178710938e-06	0.9999999999996106	True	
1d	lwt+ilwt_roundtrip	sym20	periodic	Large / Sensitive	ttnn	16728.7	83.6435	1.7789421677589417	0.851775771074624	True	
1d	lwt+ilwt_roundtrip	sym20	antisymmetric	Large / Sensitive	ttnn	16728.7	83.6435	3.2186508178710938e-06	0.9999999999996089	True	
1d	lwt+ilwt_roundtrip	sym20	smooth	Large / Sensitive	ttnn	16728.7	83.6435	3.2186508178710938e-06	0.9999999999996099	True	
1d	lwt+ilwt_roundtrip	sym20	reflect	Large / Sensitive	ttnn	16728.7	83.6435	3.2186508178710938e-06	0.9999999999996096	True	
1d	lwt+ilwt_roundtrip	sym20	antireflect	Large / Sensitive	ttnn	16728.7	83.6435	3.2186508178710938e-06	0.99999999999961	True	
1d	lwt+ilwt_roundtrip	sym3	symmetric	Compact	ttnn	14.932	0.0014932	1.3113021850585938e-06	0.9999999999999036	True	
1d	lwt+ilwt_roundtrip	sym3	zero	Compact	ttnn	14.932	0.0014932	1.3113021850585938e-06	0.999999999999904	True	
1d	lwt+ilwt_roundtrip	sym3	constant	Compact	ttnn	14.932	0.0014932	1.3113021850585938e-06	0.999999999999904	True	
1d	lwt+ilwt_roundtrip	sym3	periodic	Compact	ttnn	14.932	0.0014932	1.8294590711593628	0.8791394629424352	False	
1d	lwt+ilwt_roundtrip	sym3	antisymmetric	Compact	ttnn	14.932	0.0014932	1.3113021850585938e-06	0.9999999999999036	True	
1d	lwt+ilwt_roundtrip	sym3	smooth	Compact	ttnn	14.932	0.0014932	1.3113021850585938e-06	0.9999999999999036	True	
1d	lwt+ilwt_roundtrip	sym3	reflect	Compact	ttnn	14.932	0.0014932	1.3113021850585938e-06	0.9999999999999037	True	
1d	lwt+ilwt_roundtrip	sym3	antireflect	Compact	ttnn	14.932	0.0014932	1.995642364025116	0.5854872975236862	False	
1d	lwt+ilwt_roundtrip	sym4	symmetric	Compact	ttnn	5.87693	0.000587693	4.76837158203125e-07	0.9999999999999887	True	
1d	lwt+ilwt_roundtrip	sym4	zero	Compact	ttnn	5.87693	0.000587693	4.76837158203125e-07	0.9999999999999887	True	
1d	lwt+ilwt_roundtrip	sym4	constant	Compact	ttnn	5.87693	0.000587693	4.76837158203125e-07	0.9999999999999891	True	
1d	lwt+ilwt_roundtrip	sym4	periodic	Compact	ttnn	5.87693	0.000587693	1.9706788659095764	0.8064764253895169	False	
1d	lwt+ilwt_roundtrip	sym4	antisymmetric	Compact	ttnn	5.87693	0.000587693	4.76837158203125e-07	0.999999999999989	True	
1d	lwt+ilwt_roundtrip	sym4	smooth	Compact	ttnn	5.87693	0.000587693	4.76837158203125e-07	0.9999999999999895	True	
1d	lwt+ilwt_roundtrip	sym4	reflect	Compact	ttnn	5.87693	0.000587693	4.76837158203125e-07	0.9999999999999889	True	
1d	lwt+ilwt_roundtrip	sym4	antireflect	Compact	ttnn	5.87693	0.000587693	1.8901233673095703	0.5468243623954985	False	
1d	lwt+ilwt_roundtrip	sym5	symmetric	Compact	ttnn	3.32658	0.000332658	3.5762786865234375e-07	0.9999999999999951	True	
1d	lwt+ilwt_roundtrip	sym5	zero	Compact	ttnn	3.32658	0.000332658	3.5762786865234375e-07	0.9999999999999953	True	
1d	lwt+ilwt_roundtrip	sym5	constant	Compact	ttnn	3.32658	0.000332658	3.5762786865234375e-07	0.9999999999999954	True	
1d	lwt+ilwt_roundtrip	sym5	periodic	Compact	ttnn	3.32658	0.000332658	1.9785135388374329	0.8026768613394515	False	
1d	lwt+ilwt_roundtrip	sym5	antisymmetric	Compact	ttnn	3.32658	0.000332658	3.5762786865234375e-07	0.9999999999999948	True	
1d	lwt+ilwt_roundtrip	sym5	smooth	Compact	ttnn	3.32658	0.000332658	3.5762786865234375e-07	0.9999999999999948	True	
1d	lwt+ilwt_roundtrip	sym5	reflect	Compact	ttnn	3.32658	0.000332658	3.5762786865234375e-07	0.9999999999999959	True	
1d	lwt+ilwt_roundtrip	sym5	antireflect	Compact	ttnn	3.32658	0.000332658	1.8770243525505066	0.5452962132643109	False	
1d	lwt+ilwt_roundtrip	sym6	symmetric	Compact	ttnn	13.9887	0.00139887	5.960464477539062e-07	0.9999999999999815	True	
1d	lwt+ilwt_roundtrip	sym6	zero	Compact	ttnn	13.9887	0.00139887	5.960464477539062e-07	0.9999999999999806	True	
1d	lwt+ilwt_roundtrip	sym6	constant	Compact	ttnn	13.9887	0.00139887	5.960464477539062e-07	0.999999999999981	True	
1d	lwt+ilwt_roundtrip	sym6	periodic	Compact	ttnn	13.9887	0.00139887	1.9833176136016846	0.7980361733942678	False	
1d	lwt+ilwt_roundtrip	sym6	antisymmetric	Compact	ttnn	13.9887	0.00139887	5.960464477539062e-07	0.999999999999981	True	
1d	lwt+ilwt_roundtrip	sym6	smooth	Compact	ttnn	13.9887	0.00139887	5.960464477539062e-07	0.9999999999999811	True	
1d	lwt+ilwt_roundtrip	sym6	reflect	Compact	ttnn	13.9887	0.00139887	5.960464477539062e-07	0.9999999999999808	True	
1d	lwt+ilwt_roundtrip	sym6	antireflect	Compact	ttnn	13.9887	0.00139887	1.8630789518356323	0.5264071845894757	False	
1d	lwt+ilwt_roundtrip	sym7	symmetric	Large / Sensitive	ttnn	17127.2	85.63600000000001	3.594160079956055e-05	0.9999999999423468	True	
1d	lwt+ilwt_roundtrip	sym7	zero	Large / Sensitive	ttnn	17127.2	85.63600000000001	3.594160079956055e-05	0.999999999942282	True	
1d	lwt+ilwt_roundtrip	sym7	constant	Large / Sensitive	ttnn	17127.2	85.63600000000001	3.594160079956055e-05	0.999999999942283	True	
1d	lwt+ilwt_roundtrip	sym7	periodic	Large / Sensitive	ttnn	17127.2	85.63600000000001	1.9874396324157715	0.7942262870157805	True	
1d	lwt+ilwt_roundtrip	sym7	antisymmetric	Large / Sensitive	ttnn	17127.2	85.63600000000001	3.594160079956055e-05	0.9999999999423915	True	
1d	lwt+ilwt_roundtrip	sym7	smooth	Large / Sensitive	ttnn	17127.2	85.63600000000001	3.594160079956055e-05	0.9999999999423741	True	
1d	lwt+ilwt_roundtrip	sym7	reflect	Large / Sensitive	ttnn	17127.2	85.63600000000001	3.594160079956055e-05	0.9999999999423778	True	
1d	lwt+ilwt_roundtrip	sym7	antireflect	Large / Sensitive	ttnn	17127.2	85.63600000000001	1.975470244884491	0.5224150168088973	True	
1d	lwt+ilwt_roundtrip	sym8	symmetric	Large / Sensitive	ttnn	19.0019	0.0950095	7.748603820800781e-07	0.9999999999999678	True	
1d	lwt+ilwt_roundtrip	sym8	zero	Large / Sensitive	ttnn	19.0019	0.0950095	7.748603820800781e-07	0.9999999999999674	True	
1d	lwt+ilwt_roundtrip	sym8	constant	Large / Sensitive	ttnn	19.0019	0.0950095	7.748603820800781e-07	0.9999999999999671	True	
1d	lwt+ilwt_roundtrip	sym8	periodic	Large / Sensitive	ttnn	19.0019	0.0950095	1.9922435879707336	0.7914803858034369	False	
1d	lwt+ilwt_roundtrip	sym8	antisymmetric	Large / Sensitive	ttnn	19.0019	0.0950095	7.748603820800781e-07	0.9999999999999674	True	
1d	lwt+ilwt_roundtrip	sym8	smooth	Large / Sensitive	ttnn	19.0019	0.0950095	7.748603820800781e-07	0.9999999999999669	True	
1d	lwt+ilwt_roundtrip	sym8	reflect	Large / Sensitive	ttnn	19.0019	0.0950095	7.748603820800781e-07	0.999999999999967	True	
1d	lwt+ilwt_roundtrip	sym8	antireflect	Large / Sensitive	ttnn	19.0019	0.0950095	1.9933714866638184	0.7875560641974934	False	
1d	lwt+ilwt_roundtrip	sym9	symmetric	Medium	ttnn	309.77	0.30977	1.3113021850585938e-06	0.9999999999999044	True	
1d	lwt+ilwt_roundtrip	sym9	zero	Medium	ttnn	309.77	0.30977	1.3113021850585938e-06	0.9999999999999047	True	
1d	lwt+ilwt_roundtrip	sym9	constant	Medium	ttnn	309.77	0.30977	1.3113021850585938e-06	0.9999999999999045	True	
1d	lwt+ilwt_roundtrip	sym9	periodic	Medium	ttnn	309.77	0.30977	1.993281066417694	0.7879249048218212	False	
1d	lwt+ilwt_roundtrip	sym9	antisymmetric	Medium	ttnn	309.77	0.30977	1.3113021850585938e-06	0.9999999999999047	True	
1d	lwt+ilwt_roundtrip	sym9	smooth	Medium	ttnn	309.77	0.30977	1.3113021850585938e-06	0.9999999999999042	True	
1d	lwt+ilwt_roundtrip	sym9	reflect	Medium	ttnn	309.77	0.30977	1.3113021850585938e-06	0.999999999999905	True	
1d	lwt+ilwt_roundtrip	sym9	antireflect	Medium	ttnn	309.77	0.30977	1.3113021850585938e-06	0.9999999999999045	True	
2d	lwt2d+ilwt2d_roundtrip	bior1.1	symmetric	Compact	ttnn	1.41421	0.000141421	1.7881393432617188e-07	0.9999999999999981	True	
2d	lwt2d+ilwt2d_roundtrip	bior1.1	zero	Compact	ttnn	1.41421	0.000141421	1.7881393432617188e-07	0.9999999999999981	True	
2d	lwt2d+ilwt2d_roundtrip	bior1.1	constant	Compact	ttnn	1.41421	0.000141421	1.7881393432617188e-07	0.9999999999999981	True	
2d	lwt2d+ilwt2d_roundtrip	bior1.1	periodic	Compact	ttnn	1.41421	0.000141421	1.7881393432617188e-07	0.9999999999999981	True	
2d	lwt2d+ilwt2d_roundtrip	bior1.1	antisymmetric	Compact	ttnn	1.41421	0.000141421	1.7881393432617188e-07	0.9999999999999981	True	
2d	lwt2d+ilwt2d_roundtrip	bior1.1	smooth	Compact	ttnn	1.41421	0.000141421	1.7881393432617188e-07	0.9999999999999981	True	
2d	lwt2d+ilwt2d_roundtrip	bior1.1	reflect	Compact	ttnn	1.41421	0.000141421	1.7881393432617188e-07	0.9999999999999981	True	
2d	lwt2d+ilwt2d_roundtrip	bior1.1	antireflect	Compact	ttnn	1.41421	0.000141421	1.7881393432617188e-07	0.9999999999999981	True	
2d	lwt2d+ilwt2d_roundtrip	bior1.3	symmetric	Compact	ttnn	1.41421	0.000141421	2.980232238769531e-07	0.9999999999999973	True	
2d	lwt2d+ilwt2d_roundtrip	bior1.3	zero	Compact	ttnn	1.41421	0.000141421	2.980232238769531e-07	0.9999999999999972	True	
2d	lwt2d+ilwt2d_roundtrip	bior1.3	constant	Compact	ttnn	1.41421	0.000141421	2.980232238769531e-07	0.9999999999999972	True	
2d	lwt2d+ilwt2d_roundtrip	bior1.3	periodic	Compact	ttnn	1.41421	0.000141421	2.980232238769531e-07	0.9999999999999977	True	
2d	lwt2d+ilwt2d_roundtrip	bior1.3	antisymmetric	Compact	ttnn	1.41421	0.000141421	2.980232238769531e-07	0.9999999999999976	True	
2d	lwt2d+ilwt2d_roundtrip	bior1.3	smooth	Compact	ttnn	1.41421	0.000141421	2.980232238769531e-07	0.999999999999998	True	
2d	lwt2d+ilwt2d_roundtrip	bior1.3	reflect	Compact	ttnn	1.41421	0.000141421	2.980232238769531e-07	0.9999999999999976	True	
2d	lwt2d+ilwt2d_roundtrip	bior1.3	antireflect	Compact	ttnn	1.41421	0.000141421	2.980232238769531e-07	0.9999999999999976	True	
2d	lwt2d+ilwt2d_roundtrip	bior1.5	symmetric	Compact	ttnn	1.41421	0.000141421	2.384185791015625e-07	0.9999999999999968	True	
2d	lwt2d+ilwt2d_roundtrip	bior1.5	zero	Compact	ttnn	1.41421	0.000141421	2.384185791015625e-07	0.9999999999999966	True	
2d	lwt2d+ilwt2d_roundtrip	bior1.5	constant	Compact	ttnn	1.41421	0.000141421	2.384185791015625e-07	0.9999999999999966	True	
2d	lwt2d+ilwt2d_roundtrip	bior1.5	periodic	Compact	ttnn	1.41421	0.000141421	2.384185791015625e-07	0.9999999999999968	True	
2d	lwt2d+ilwt2d_roundtrip	bior1.5	antisymmetric	Compact	ttnn	1.41421	0.000141421	2.384185791015625e-07	0.9999999999999962	True	
2d	lwt2d+ilwt2d_roundtrip	bior1.5	smooth	Compact	ttnn	1.41421	0.000141421	2.384185791015625e-07	0.9999999999999963	True	
2d	lwt2d+ilwt2d_roundtrip	bior1.5	reflect	Compact	ttnn	1.41421	0.000141421	2.384185791015625e-07	0.9999999999999968	True	
2d	lwt2d+ilwt2d_roundtrip	bior1.5	antireflect	Compact	ttnn	1.41421	0.000141421	2.384185791015625e-07	0.9999999999999962	True	
2d	lwt2d+ilwt2d_roundtrip	bior2.2	symmetric	Compact	ttnn	1.41421	0.000141421	1.7881393432617188e-07	0.999999999999999	True	
2d	lwt2d+ilwt2d_roundtrip	bior2.2	zero	Compact	ttnn	1.41421	0.000141421	1.7881393432617188e-07	0.9999999999999988	True	
2d	lwt2d+ilwt2d_roundtrip	bior2.2	constant	Compact	ttnn	1.41421	0.000141421	1.7881393432617188e-07	0.9999999999999991	True	
2d	lwt2d+ilwt2d_roundtrip	bior2.2	periodic	Compact	ttnn	1.41421	0.000141421	1.7881393432617188e-07	0.9999999999999986	True	
2d	lwt2d+ilwt2d_roundtrip	bior2.2	antisymmetric	Compact	ttnn	1.41421	0.000141421	2.384185791015625e-07	0.9999999999999983	True	
2d	lwt2d+ilwt2d_roundtrip	bior2.2	smooth	Compact	ttnn	1.41421	0.000141421	2.384185791015625e-07	0.9999999999999988	True	
2d	lwt2d+ilwt2d_roundtrip	bior2.2	reflect	Compact	ttnn	1.41421	0.000141421	1.7881393432617188e-07	0.9999999999999987	True	
2d	lwt2d+ilwt2d_roundtrip	bior2.2	antireflect	Compact	ttnn	1.41421	0.000141421	2.384185791015625e-07	0.999999999999999	True	
2d	lwt2d+ilwt2d_roundtrip	bior2.4	symmetric	Compact	ttnn	1.41421	0.000141421	2.384185791015625e-07	0.9999999999999992	True	
2d	lwt2d+ilwt2d_roundtrip	bior2.4	zero	Compact	ttnn	1.41421	0.000141421	2.384185791015625e-07	0.9999999999999988	True	
2d	lwt2d+ilwt2d_roundtrip	bior2.4	constant	Compact	ttnn	1.41421	0.000141421	2.384185791015625e-07	0.9999999999999993	True	
2d	lwt2d+ilwt2d_roundtrip	bior2.4	periodic	Compact	ttnn	1.41421	0.000141421	2.384185791015625e-07	0.999999999999999	True	
2d	lwt2d+ilwt2d_roundtrip	bior2.4	antisymmetric	Compact	ttnn	1.41421	0.000141421	2.384185791015625e-07	0.9999999999999989	True	
2d	lwt2d+ilwt2d_roundtrip	bior2.4	smooth	Compact	ttnn	1.41421	0.000141421	2.384185791015625e-07	0.9999999999999988	True	
2d	lwt2d+ilwt2d_roundtrip	bior2.4	reflect	Compact	ttnn	1.41421	0.000141421	2.384185791015625e-07	0.9999999999999991	True	
2d	lwt2d+ilwt2d_roundtrip	bior2.4	antireflect	Compact	ttnn	1.41421	0.000141421	1.7881393432617188e-07	0.9999999999999989	True	
2d	lwt2d+ilwt2d_roundtrip	bior2.6	symmetric	Large / Sensitive	ttnn	1.41421	0.00707105	4.172325134277344e-07	0.9999999999999986	True	
2d	lwt2d+ilwt2d_roundtrip	bior2.6	zero	Large / Sensitive	ttnn	1.41421	0.00707105	4.172325134277344e-07	0.9999999999999991	True	
2d	lwt2d+ilwt2d_roundtrip	bior2.6	constant	Large / Sensitive	ttnn	1.41421	0.00707105	4.172325134277344e-07	0.9999999999999986	True	
2d	lwt2d+ilwt2d_roundtrip	bior2.6	periodic	Large / Sensitive	ttnn	1.41421	0.00707105	4.172325134277344e-07	0.9999999999999986	True	
2d	lwt2d+ilwt2d_roundtrip	bior2.6	antisymmetric	Large / Sensitive	ttnn	1.41421	0.00707105	5.364418029785156e-07	0.9999999999999984	True	
2d	lwt2d+ilwt2d_roundtrip	bior2.6	smooth	Large / Sensitive	ttnn	1.41421	0.00707105	4.172325134277344e-07	0.9999999999999987	True	
2d	lwt2d+ilwt2d_roundtrip	bior2.6	reflect	Large / Sensitive	ttnn	1.41421	0.00707105	4.172325134277344e-07	0.9999999999999984	True	
2d	lwt2d+ilwt2d_roundtrip	bior2.6	antireflect	Large / Sensitive	ttnn	1.41421	0.00707105	4.172325134277344e-07	0.9999999999999986	True	
2d	lwt2d+ilwt2d_roundtrip	bior2.8	symmetric	Large / Sensitive	ttnn	1.41421	0.00707105	2.980232238769531e-07	0.9999999999999989	True	
2d	lwt2d+ilwt2d_roundtrip	bior2.8	zero	Large / Sensitive	ttnn	1.41421	0.00707105	2.980232238769531e-07	0.9999999999999989	True	
2d	lwt2d+ilwt2d_roundtrip	bior2.8	constant	Large / Sensitive	ttnn	1.41421	0.00707105	2.980232238769531e-07	0.9999999999999992	True	
2d	lwt2d+ilwt2d_roundtrip	bior2.8	periodic	Large / Sensitive	ttnn	1.41421	0.00707105	3.5762786865234375e-07	0.999999999999999	True	
2d	lwt2d+ilwt2d_roundtrip	bior2.8	antisymmetric	Large / Sensitive	ttnn	1.41421	0.00707105	3.5762786865234375e-07	0.999999999999999	True	
2d	lwt2d+ilwt2d_roundtrip	bior2.8	smooth	Large / Sensitive	ttnn	1.41421	0.00707105	2.980232238769531e-07	0.999999999999999	True	
2d	lwt2d+ilwt2d_roundtrip	bior2.8	reflect	Large / Sensitive	ttnn	1.41421	0.00707105	2.980232238769531e-07	0.9999999999999997	True	
2d	lwt2d+ilwt2d_roundtrip	bior2.8	antireflect	Large / Sensitive	ttnn	1.41421	0.00707105	2.980232238769531e-07	0.999999999999999	True	
2d	lwt2d+ilwt2d_roundtrip	bior3.1	symmetric	Compact	ttnn	1.125	0.00011250000000000001	2.980232238769531e-07	0.9999999999999977	True	
2d	lwt2d+ilwt2d_roundtrip	bior3.1	zero	Compact	ttnn	1.125	0.00011250000000000001	2.980232238769531e-07	0.9999999999999973	True	
2d	lwt2d+ilwt2d_roundtrip	bior3.1	constant	Compact	ttnn	1.125	0.00011250000000000001	2.980232238769531e-07	0.9999999999999967	True	
2d	lwt2d+ilwt2d_roundtrip	bior3.1	periodic	Compact	ttnn	1.125	0.00011250000000000001	2.980232238769531e-07	0.9999999999999974	True	
2d	lwt2d+ilwt2d_roundtrip	bior3.1	antisymmetric	Compact	ttnn	1.125	0.00011250000000000001	2.980232238769531e-07	0.999999999999997	True	
2d	lwt2d+ilwt2d_roundtrip	bior3.1	smooth	Compact	ttnn	1.125	0.00011250000000000001	2.980232238769531e-07	0.9999999999999972	True	
2d	lwt2d+ilwt2d_roundtrip	bior3.1	reflect	Compact	ttnn	1.125	0.00011250000000000001	2.980232238769531e-07	0.9999999999999973	True	
2d	lwt2d+ilwt2d_roundtrip	bior3.1	antireflect	Compact	ttnn	1.125	0.00011250000000000001	2.980232238769531e-07	0.9999999999999971	True	
2d	lwt2d+ilwt2d_roundtrip	bior3.3	symmetric	Compact	ttnn	2.12132	0.000212132	1.7881393432617188e-07	1.0	True	
2d	lwt2d+ilwt2d_roundtrip	bior3.3	zero	Compact	ttnn	2.12132	0.000212132	1.7881393432617188e-07	0.9999999999999996	True	
2d	lwt2d+ilwt2d_roundtrip	bior3.3	constant	Compact	ttnn	2.12132	0.000212132	1.1920928955078125e-07	0.9999999999999998	True	
2d	lwt2d+ilwt2d_roundtrip	bior3.3	periodic	Compact	ttnn	2.12132	0.000212132	1.7881393432617188e-07	0.9999999999999993	True	
2d	lwt2d+ilwt2d_roundtrip	bior3.3	antisymmetric	Compact	ttnn	2.12132	0.000212132	2.980232238769531e-07	0.9999999999999991	True	
2d	lwt2d+ilwt2d_roundtrip	bior3.3	smooth	Compact	ttnn	2.12132	0.000212132	1.7881393432617188e-07	0.9999999999999996	True	
2d	lwt2d+ilwt2d_roundtrip	bior3.3	reflect	Compact	ttnn	2.12132	0.000212132	1.7881393432617188e-07	0.9999999999999996	True	
2d	lwt2d+ilwt2d_roundtrip	bior3.3	antireflect	Compact	ttnn	2.12132	0.000212132	1.1920928955078125e-07	0.9999999999999996	True	
2d	lwt2d+ilwt2d_roundtrip	bior3.5	symmetric	Compact	ttnn	2.12132	0.000212132	1.7881393432617188e-07	0.9999999999999993	True	
2d	lwt2d+ilwt2d_roundtrip	bior3.5	zero	Compact	ttnn	2.12132	0.000212132	1.7881393432617188e-07	0.9999999999999996	True	
2d	lwt2d+ilwt2d_roundtrip	bior3.5	constant	Compact	ttnn	2.12132	0.000212132	1.7881393432617188e-07	0.9999999999999996	True	
2d	lwt2d+ilwt2d_roundtrip	bior3.5	periodic	Compact	ttnn	2.12132	0.000212132	1.7881393432617188e-07	0.9999999999999996	True	
2d	lwt2d+ilwt2d_roundtrip	bior3.5	antisymmetric	Compact	ttnn	2.12132	0.000212132	2.384185791015625e-07	0.9999999999999996	True	
2d	lwt2d+ilwt2d_roundtrip	bior3.5	smooth	Compact	ttnn	2.12132	0.000212132	1.7881393432617188e-07	0.9999999999999996	True	
2d	lwt2d+ilwt2d_roundtrip	bior3.5	reflect	Compact	ttnn	2.12132	0.000212132	2.384185791015625e-07	0.9999999999999996	True	
2d	lwt2d+ilwt2d_roundtrip	bior3.5	antireflect	Compact	ttnn	2.12132	0.000212132	2.384185791015625e-07	0.9999999999999989	True	
2d	lwt2d+ilwt2d_roundtrip	bior3.7	symmetric	Large / Sensitive	ttnn	2.12132	0.010606599999999999	1.7881393432617188e-07	0.9999999999999998	True	
2d	lwt2d+ilwt2d_roundtrip	bior3.7	zero	Large / Sensitive	ttnn	2.12132	0.010606599999999999	2.384185791015625e-07	0.9999999999999991	True	
2d	lwt2d+ilwt2d_roundtrip	bior3.7	constant	Large / Sensitive	ttnn	2.12132	0.010606599999999999	1.7881393432617188e-07	0.9999999999999993	True	
2d	lwt2d+ilwt2d_roundtrip	bior3.7	periodic	Large / Sensitive	ttnn	2.12132	0.010606599999999999	1.7881393432617188e-07	0.9999999999999996	True	
2d	lwt2d+ilwt2d_roundtrip	bior3.7	antisymmetric	Large / Sensitive	ttnn	2.12132	0.010606599999999999	2.980232238769531e-07	0.9999999999999987	True	
2d	lwt2d+ilwt2d_roundtrip	bior3.7	smooth	Large / Sensitive	ttnn	2.12132	0.010606599999999999	1.7881393432617188e-07	0.9999999999999996	True	
2d	lwt2d+ilwt2d_roundtrip	bior3.7	reflect	Large / Sensitive	ttnn	2.12132	0.010606599999999999	1.7881393432617188e-07	0.9999999999999998	True	
2d	lwt2d+ilwt2d_roundtrip	bior3.7	antireflect	Large / Sensitive	ttnn	2.12132	0.010606599999999999	1.7881393432617188e-07	0.9999999999999993	True	
2d	lwt2d+ilwt2d_roundtrip	bior3.9	symmetric	Large / Sensitive	ttnn	2.12132	0.010606599999999999	1.7881393432617188e-07	0.9999999999999993	True	
2d	lwt2d+ilwt2d_roundtrip	bior3.9	zero	Large / Sensitive	ttnn	2.12132	0.010606599999999999	2.384185791015625e-07	0.9999999999999989	True	
2d	lwt2d+ilwt2d_roundtrip	bior3.9	constant	Large / Sensitive	ttnn	2.12132	0.010606599999999999	1.7881393432617188e-07	1.0	True	
2d	lwt2d+ilwt2d_roundtrip	bior3.9	periodic	Large / Sensitive	ttnn	2.12132	0.010606599999999999	1.7881393432617188e-07	0.9999999999999989	True	
2d	lwt2d+ilwt2d_roundtrip	bior3.9	antisymmetric	Large / Sensitive	ttnn	2.12132	0.010606599999999999	2.384185791015625e-07	0.9999999999999991	True	
2d	lwt2d+ilwt2d_roundtrip	bior3.9	smooth	Large / Sensitive	ttnn	2.12132	0.010606599999999999	1.7881393432617188e-07	0.9999999999999998	True	
2d	lwt2d+ilwt2d_roundtrip	bior3.9	reflect	Large / Sensitive	ttnn	2.12132	0.010606599999999999	1.7881393432617188e-07	0.9999999999999996	True	
2d	lwt2d+ilwt2d_roundtrip	bior3.9	antireflect	Large / Sensitive	ttnn	2.12132	0.010606599999999999	1.7881393432617188e-07	0.9999999999999998	True	
2d	lwt2d+ilwt2d_roundtrip	bior4.4	symmetric	Compact	ttnn	1.58613	0.00015861300000000002	5.364418029785156e-07	0.9999999999999899	True	
2d	lwt2d+ilwt2d_roundtrip	bior4.4	zero	Compact	ttnn	1.58613	0.00015861300000000002	5.364418029785156e-07	0.9999999999999902	True	
2d	lwt2d+ilwt2d_roundtrip	bior4.4	constant	Compact	ttnn	1.58613	0.00015861300000000002	5.364418029785156e-07	0.9999999999999902	True	
2d	lwt2d+ilwt2d_roundtrip	bior4.4	periodic	Compact	ttnn	1.58613	0.00015861300000000002	5.364418029785156e-07	0.9999999999999901	True	
2d	lwt2d+ilwt2d_roundtrip	bior4.4	antisymmetric	Compact	ttnn	1.58613	0.00015861300000000002	5.960464477539062e-07	0.9999999999999887	True	
2d	lwt2d+ilwt2d_roundtrip	bior4.4	smooth	Compact	ttnn	1.58613	0.00015861300000000002	5.364418029785156e-07	0.9999999999999897	True	
2d	lwt2d+ilwt2d_roundtrip	bior4.4	reflect	Compact	ttnn	1.58613	0.00015861300000000002	5.364418029785156e-07	0.9999999999999898	True	
2d	lwt2d+ilwt2d_roundtrip	bior4.4	antireflect	Compact	ttnn	1.58613	0.00015861300000000002	5.364418029785156e-07	0.9999999999999896	True	
2d	lwt2d+ilwt2d_roundtrip	bior5.5	symmetric	Compact	ttnn	5.58579	0.000558579	1.7881393432617188e-06	0.9999999999998401	True	
2d	lwt2d+ilwt2d_roundtrip	bior5.5	zero	Compact	ttnn	5.58579	0.000558579	1.7881393432617188e-06	0.9999999999998479	True	
2d	lwt2d+ilwt2d_roundtrip	bior5.5	constant	Compact	ttnn	5.58579	0.000558579	1.9073486328125e-06	0.9999999999998435	True	
2d	lwt2d+ilwt2d_roundtrip	bior5.5	periodic	Compact	ttnn	5.58579	0.000558579	1.7881393432617188e-06	0.9999999999998392	True	
2d	lwt2d+ilwt2d_roundtrip	bior5.5	antisymmetric	Compact	ttnn	5.58579	0.000558579	1.7881393432617188e-06	0.9999999999998421	True	
2d	lwt2d+ilwt2d_roundtrip	bior5.5	smooth	Compact	ttnn	5.58579	0.000558579	1.7881393432617188e-06	0.999999999999839	True	
2d	lwt2d+ilwt2d_roundtrip	bior5.5	reflect	Compact	ttnn	5.58579	0.000558579	1.7881393432617188e-06	0.9999999999998384	True	
2d	lwt2d+ilwt2d_roundtrip	bior5.5	antireflect	Compact	ttnn	5.58579	0.000558579	1.7881393432617188e-06	0.9999999999998377	True	
2d	lwt2d+ilwt2d_roundtrip	bior6.8	symmetric	Large / Sensitive	ttnn	1.15131	0.00575655	3.5762786865234375e-07	0.9999999999999933	True	
2d	lwt2d+ilwt2d_roundtrip	bior6.8	zero	Large / Sensitive	ttnn	1.15131	0.00575655	3.5762786865234375e-07	0.999999999999992	True	
2d	lwt2d+ilwt2d_roundtrip	bior6.8	constant	Large / Sensitive	ttnn	1.15131	0.00575655	3.5762786865234375e-07	0.999999999999993	True	
2d	lwt2d+ilwt2d_roundtrip	bior6.8	periodic	Large / Sensitive	ttnn	1.15131	0.00575655	3.5762786865234375e-07	0.9999999999999927	True	
2d	lwt2d+ilwt2d_roundtrip	bior6.8	antisymmetric	Large / Sensitive	ttnn	1.15131	0.00575655	4.76837158203125e-07	0.9999999999999921	True	
2d	lwt2d+ilwt2d_roundtrip	bior6.8	smooth	Large / Sensitive	ttnn	1.15131	0.00575655	3.5762786865234375e-07	0.9999999999999927	True	
2d	lwt2d+ilwt2d_roundtrip	bior6.8	reflect	Large / Sensitive	ttnn	1.15131	0.00575655	3.5762786865234375e-07	0.9999999999999925	True	
2d	lwt2d+ilwt2d_roundtrip	bior6.8	antireflect	Large / Sensitive	ttnn	1.15131	0.00575655	3.5762786865234375e-07	0.9999999999999925	True	
2d	lwt2d+ilwt2d_roundtrip	coif1	symmetric	Compact	ttnn	91.8006	0.00918006	1.0132789611816406e-06	0.9999999999999354	True	
2d	lwt2d+ilwt2d_roundtrip	coif1	zero	Compact	ttnn	91.8006	0.00918006	1.0132789611816406e-06	0.9999999999999376	True	
2d	lwt2d+ilwt2d_roundtrip	coif1	constant	Compact	ttnn	91.8006	0.00918006	1.0132789611816406e-06	0.9999999999999367	True	
2d	lwt2d+ilwt2d_roundtrip	coif1	periodic	Compact	ttnn	91.8006	0.00918006	1.0132789611816406e-06	0.9999999999999363	True	
2d	lwt2d+ilwt2d_roundtrip	coif1	antisymmetric	Compact	ttnn	91.8006	0.00918006	1.0132789611816406e-06	0.9999999999999376	True	
2d	lwt2d+ilwt2d_roundtrip	coif1	smooth	Compact	ttnn	91.8006	0.00918006	1.0132789611816406e-06	0.9999999999999354	True	
2d	lwt2d+ilwt2d_roundtrip	coif1	reflect	Compact	ttnn	91.8006	0.00918006	1.0132789611816406e-06	0.9999999999999358	True	
2d	lwt2d+ilwt2d_roundtrip	coif1	antireflect	Compact	ttnn	91.8006	0.00918006	1.0132789611816406e-06	0.9999999999999358	True	
2d	lwt2d+ilwt2d_roundtrip	coif10	symmetric	Large / Sensitive	ttnn	2437.12	12.185599999999999	0.0005679726600646973	0.999999996320552	True	
2d	lwt2d+ilwt2d_roundtrip	coif10	zero	Large / Sensitive	ttnn	2437.12	12.185599999999999	0.004517257213592529	0.9999998124998399	True	
2d	lwt2d+ilwt2d_roundtrip	coif10	constant	Large / Sensitive	ttnn	2437.12	12.185599999999999	0.000967860221862793	0.999999993770985	True	
2d	lwt2d+ilwt2d_roundtrip	coif10	periodic	Large / Sensitive	ttnn	2437.12	12.185599999999999	0.0010505914688110352	0.9999999897382197	True	
2d	lwt2d+ilwt2d_roundtrip	coif10	antisymmetric	Large / Sensitive	ttnn	2437.12	12.185599999999999	0.007103681564331055	0.9999995839999327	True	
2d	lwt2d+ilwt2d_roundtrip	coif10	smooth	Large / Sensitive	ttnn	2437.12	12.185599999999999	5.7756900787353516e-05	0.999999999973938	True	
2d	lwt2d+ilwt2d_roundtrip	coif10	reflect	Large / Sensitive	ttnn	2437.12	12.185599999999999	0.0021072030067443848	0.9999999768130741	True	
2d	lwt2d+ilwt2d_roundtrip	coif10	antireflect	Large / Sensitive	ttnn	2437.12	12.185599999999999	1.5854835510253906e-05	0.9999999999945819	True	
2d	lwt2d+ilwt2d_roundtrip	coif11	symmetric	Large / Sensitive	ttnn	16170.8	80.854	1.9674197435379028	0.7759684837813482	True	
2d	lwt2d+ilwt2d_roundtrip	coif11	zero	Large / Sensitive	ttnn	16170.8	80.854	1.8881946206092834	0.8444410451400691	True	
2d	lwt2d+ilwt2d_roundtrip	coif11	constant	Large / Sensitive	ttnn	16170.8	80.854	2.491717576980591	0.7995522616300976	True	
2d	lwt2d+ilwt2d_roundtrip	coif11	periodic	Large / Sensitive	ttnn	16170.8	80.854	2.553873360157013	0.7779438835885275	True	
2d	lwt2d+ilwt2d_roundtrip	coif11	antisymmetric	Large / Sensitive	ttnn	16170.8	80.854	2.3846195340156555	0.7802640738920683	True	
2d	lwt2d+ilwt2d_roundtrip	coif11	smooth	Large / Sensitive	ttnn	16170.8	80.854	15.314255893230438	0.4059441034994879	True	
2d	lwt2d+ilwt2d_roundtrip	coif11	reflect	Large / Sensitive	ttnn	16170.8	80.854	1.9478794932365417	0.7816802419477029	True	
2d	lwt2d+ilwt2d_roundtrip	coif11	antireflect	Large / Sensitive	ttnn	16170.8	80.854	4.57823246717453	0.618111847135646	True	
2d	lwt2d+ilwt2d_roundtrip	coif12	symmetric	Large / Sensitive	ttnn	2116.57	10.58285	0.008297443389892578	0.9999991250924083	True	
2d	lwt2d+ilwt2d_roundtrip	coif12	zero	Large / Sensitive	ttnn	2116.57	10.58285	0.048163801431655884	0.9999772560521322	True	
2d	lwt2d+ilwt2d_roundtrip	coif12	constant	Large / Sensitive	ttnn	2116.57	10.58285	0.011600615456700766	0.9999988435856745	True	
2d	lwt2d+ilwt2d_roundtrip	coif12	periodic	Large / Sensitive	ttnn	2116.57	10.58285	0.010903323069215196	0.9999986875107596	True	
2d	lwt2d+ilwt2d_roundtrip	coif12	antisymmetric	Large / Sensitive	ttnn	2116.57	10.58285	0.10457324981689453	0.9999257170620551	True	
2d	lwt2d+ilwt2d_roundtrip	coif12	smooth	Large / Sensitive	ttnn	2116.57	10.58285	0.0004912614822387695	0.9999999966698816	True	
2d	lwt2d+ilwt2d_roundtrip	coif12	reflect	Large / Sensitive	ttnn	2116.57	10.58285	0.01769217662513305	0.9999975046013859	True	
2d	lwt2d+ilwt2d_roundtrip	coif12	antireflect	Large / Sensitive	ttnn	2116.57	10.58285	0.00027954578399658203	0.9999999990666922	True	
2d	lwt2d+ilwt2d_roundtrip	coif13	symmetric	Large / Sensitive	ttnn	23489.6	117.448	301.6872757151723	0.012786939595578726	False	
2d	lwt2d+ilwt2d_roundtrip	coif13	zero	Large / Sensitive	ttnn	23489.6	117.448	338.26959228515625	0.019551606670529388	False	
2d	lwt2d+ilwt2d_roundtrip	coif13	constant	Large / Sensitive	ttnn	23489.6	117.448	354.9859408736229	0.013366938330698599	False	
2d	lwt2d+ilwt2d_roundtrip	coif13	periodic	Large / Sensitive	ttnn	23489.6	117.448	292.98309476673603	0.012856356720562543	False	
2d	lwt2d+ilwt2d_roundtrip	coif13	antisymmetric	Large / Sensitive	ttnn	23489.6	117.448	345.8304380499758	0.012720456149050876	False	
2d	lwt2d+ilwt2d_roundtrip	coif13	smooth	Large / Sensitive	ttnn	23489.6	117.448	2989.0822345018387	0.0026655796915571934	False	
2d	lwt2d+ilwt2d_roundtrip	coif13	reflect	Large / Sensitive	ttnn	23489.6	117.448	367.3970261067152	0.011297283081669645	False	
2d	lwt2d+ilwt2d_roundtrip	coif13	antireflect	Large / Sensitive	ttnn	23489.6	117.448	771.1115781385452	0.005824859060995426	False	
2d	lwt2d+ilwt2d_roundtrip	coif14	symmetric	Large / Sensitive	ttnn	3417.27	17.08635	0.1572076678276062	0.9997833141008259	True	
2d	lwt2d+ilwt2d_roundtrip	coif14	zero	Large / Sensitive	ttnn	3417.27	17.08635	0.6201669573783875	0.9970439496237351	True	
2d	lwt2d+ilwt2d_roundtrip	coif14	constant	Large / Sensitive	ttnn	3417.27	17.08635	0.15585464239120483	0.9997910983544974	True	
2d	lwt2d+ilwt2d_roundtrip	coif14	periodic	Large / Sensitive	ttnn	3417.27	17.08635	0.3751363158226013	0.9992876053755058	True	
2d	lwt2d+ilwt2d_roundtrip	coif14	antisymmetric	Large / Sensitive	ttnn	3417.27	17.08635	1.1681948602199554	0.9845960776205008	True	
2d	lwt2d+ilwt2d_roundtrip	coif14	smooth	Large / Sensitive	ttnn	3417.27	17.08635	0.009266451001167297	0.9999988297291632	True	
2d	lwt2d+ilwt2d_roundtrip	coif14	reflect	Large / Sensitive	ttnn	3417.27	17.08635	0.3983672857284546	0.9990949772950173	True	
2d	lwt2d+ilwt2d_roundtrip	coif14	antireflect	Large / Sensitive	ttnn	3417.27	17.08635	0.006488345563411713	0.9999997083161731	True	
2d	lwt2d+ilwt2d_roundtrip	coif15	symmetric	Large / Sensitive	ttnn	36169.8	180.84900000000002	172476.6905889511	8.392039671175514e-05	False	
2d	lwt2d+ilwt2d_roundtrip	coif15	zero	Large / Sensitive	ttnn	36169.8	180.84900000000002	177265.19862055779	0.00022391516710060038	False	
2d	lwt2d+ilwt2d_roundtrip	coif15	constant	Large / Sensitive	ttnn	36169.8	180.84900000000002	219118.31120234728	-5.52566199770236e-05	False	
2d	lwt2d+ilwt2d_roundtrip	coif15	periodic	Large / Sensitive	ttnn	36169.8	180.84900000000002	208056.97895747423	-0.00025467382729926037	False	
2d	lwt2d+ilwt2d_roundtrip	coif15	antisymmetric	Large / Sensitive	ttnn	36169.8	180.84900000000002	251878.15398979187	-0.0002665048407679851	False	
2d	lwt2d+ilwt2d_roundtrip	coif15	smooth	Large / Sensitive	ttnn	36169.8	180.84900000000002	1432572.588349048	-2.3040099795000815e-05	False	
2d	lwt2d+ilwt2d_roundtrip	coif15	reflect	Large / Sensitive	ttnn	36169.8	180.84900000000002	141901.36629199982	3.9353401229847375e-05	False	
2d	lwt2d+ilwt2d_roundtrip	coif15	antireflect	Large / Sensitive	ttnn	36169.8	180.84900000000002	437318.7484880984	0.00014956521351237458	False	
2d	lwt2d+ilwt2d_roundtrip	coif16	symmetric	Large / Sensitive	ttnn	4375.36	21.8768	18.40481263399124	0.39073354893463846	True	
2d	lwt2d+ilwt2d_roundtrip	coif16	zero	Large / Sensitive	ttnn	4375.36	21.8768	15.487834692001343	0.45579378083498445	True	
2d	lwt2d+ilwt2d_roundtrip	coif16	constant	Large / Sensitive	ttnn	4375.36	21.8768	23.913215398788452	0.4843617050806046	False	
2d	lwt2d+ilwt2d_roundtrip	coif16	periodic	Large / Sensitive	ttnn	4375.36	21.8768	17.017171755433083	0.45121900812874793	True	
2d	lwt2d+ilwt2d_roundtrip	coif16	antisymmetric	Large / Sensitive	ttnn	4375.36	21.8768	65.18258011341095	0.22407503370629003	False	
2d	lwt2d+ilwt2d_roundtrip	coif16	smooth	Large / Sensitive	ttnn	4375.36	21.8768	2.080001652240753	0.9812839087820473	True	
2d	lwt2d+ilwt2d_roundtrip	coif16	reflect	Large / Sensitive	ttnn	4375.36	21.8768	64.5487071275711	0.1911359115837912	False	
2d	lwt2d+ilwt2d_roundtrip	coif16	antireflect	Large / Sensitive	ttnn	4375.36	21.8768	0.0678943395614624	0.9999307865422774	True	
2d	lwt2d+ilwt2d_roundtrip	coif17	symmetric	Large / Sensitive	ttnn	34912.6	174.563	25555593.480913937	2.9115505112787216e-06	False	
2d	lwt2d+ilwt2d_roundtrip	coif17	zero	Large / Sensitive	ttnn	34912.6	174.563	22801572.454935014	-0.0005364030647965462	False	
2d	lwt2d+ilwt2d_roundtrip	coif17	constant	Large / Sensitive	ttnn	34912.6	174.563	38832848.918899596	-0.00022146441784732975	False	
2d	lwt2d+ilwt2d_roundtrip	coif17	periodic	Large / Sensitive	ttnn	34912.6	174.563	28999028.902088583	-5.097802179593286e-05	False	
2d	lwt2d+ilwt2d_roundtrip	coif17	antisymmetric	Large / Sensitive	ttnn	34912.6	174.563	33691571.233670294	-0.0002648492158668943	False	
2d	lwt2d+ilwt2d_roundtrip	coif17	smooth	Large / Sensitive	ttnn	34912.6	174.563	292200351.9254789	-0.00043013529355820303	False	
2d	lwt2d+ilwt2d_roundtrip	coif17	reflect	Large / Sensitive	ttnn	34912.6	174.563	18267505.309662998	1.518005415304715e-06	False	
2d	lwt2d+ilwt2d_roundtrip	coif17	antireflect	Large / Sensitive	ttnn	34912.6	174.563	67543784.6671297	-0.0003612553889558813	False	
2d	lwt2d+ilwt2d_roundtrip	coif2	symmetric	Compact	ttnn	3.57823	0.000357823	5.364418029785156e-07	0.99999999999999	True	
2d	lwt2d+ilwt2d_roundtrip	coif2	zero	Compact	ttnn	3.57823	0.000357823	4.172325134277344e-07	0.9999999999999908	True	
2d	lwt2d+ilwt2d_roundtrip	coif2	constant	Compact	ttnn	3.57823	0.000357823	4.172325134277344e-07	0.9999999999999907	True	
2d	lwt2d+ilwt2d_roundtrip	coif2	periodic	Compact	ttnn	3.57823	0.000357823	4.172325134277344e-07	0.9999999999999906	True	
2d	lwt2d+ilwt2d_roundtrip	coif2	antisymmetric	Compact	ttnn	3.57823	0.000357823	5.364418029785156e-07	0.9999999999999893	True	
2d	lwt2d+ilwt2d_roundtrip	coif2	smooth	Compact	ttnn	3.57823	0.000357823	4.172325134277344e-07	0.999999999999991	True	
2d	lwt2d+ilwt2d_roundtrip	coif2	reflect	Compact	ttnn	3.57823	0.000357823	4.76837158203125e-07	0.9999999999999909	True	
2d	lwt2d+ilwt2d_roundtrip	coif2	antireflect	Compact	ttnn	3.57823	0.000357823	4.172325134277344e-07	0.9999999999999902	True	
2d	lwt2d+ilwt2d_roundtrip	coif3	symmetric	Medium	ttnn	42.7863	0.0427863	nan	0.0	False	TT_FATAL @ /home/user/tt-wavelet/tt-metal/tt_metal/impl/program/program.cpp:2752: state.offset <= max_size
info:
Program size (70816) too large for kernel config buffer (70656) on TENSIX
backtrace:
 --- /home/user/tt-wavelet/build/tt-metal/tt_metal/libtt_metal.so(+0x9b44ab) [0x78f10a8ae4ab]
 --- /home/user/tt-wavelet/build/tt-metal/tt_metal/libtt_metal.so(_ZN2tt8tt_metal6detail11ProgramImpl24finalize_program_offsetsEN4ttsl10StrongTypeIiNS0_12ContextIdTagEEEPNS0_7IDeviceERKSt8functionIFRSt13unordered_mapIjSt10shared_ptrINS0_6KernelEESt4hashIjESt8equal_toIjESaISt4pairIKjSD_EEEjEERKS9_IFRSt6vectorISB_INS0_11KernelGroupEESaISU_EEjEERKS9_IFRKSS_INS0_9SemaphoreESaIS12_EEvEESt4spanIPS2_Lm18446744073709551615EE+0xa7b) [0x78f10a892c1b]
 --- tt::tt_metal::distributed::MeshWorkloadImpl::finalize_offsets(tt::tt_metal::distributed::MeshDevice*)
 --- tt::tt_metal::distributed::MeshWorkloadImpl::compile(tt::tt_metal::distributed::MeshDevice*)
 --- tt::tt_metal::distributed::EnqueueMeshWorkload(tt::tt_metal::distributed::MeshCommandQueue&, tt::tt_metal::distributed::MeshWorkload&, bool)
 --- /home/user/tt-metal/build/lib/_ttnncpp.so(_ZN4ttnn16device_operation6detail21enqueue_mesh_workloadITkNS0_36DeviceOperationWithMeshDeviceAdapterENS0_26MeshDeviceOperationAdapterINS_4prim20Lwt2DDeviceOperationEEEEEvRKNT_22operation_attributes_tERKNS7_13tensor_args_tERNS7_21tensor_return_value_tEPN2tt8tt_metal11distributed10MeshDeviceERNSI_12MeshWorkloadEb+0x284) [0x78f10c7c56c4]
 --- /home/user/tt-metal/build/lib/_ttnncpp.so(+0x14603f3) [0x78f10c7c63f3]
 --- /home/user/tt-metal/build/lib/_ttnncpp.so(_ZN4ttnn16device_operation6detail29launch_operation_with_adapterITkNS0_36DeviceOperationWithMeshDeviceAdapterENS0_26MeshDeviceOperationAdapterINS_4prim20Lwt2DDeviceOperationEEEEEvRKNT_22operation_attributes_tERKNS7_13tensor_args_tERNS7_21tensor_return_value_tEPN2tt8tt_metal11distributed10MeshDeviceE+0x245) [0x78f10c7c2275]
 --- /home/user/tt-metal/build/lib/_ttnncpp.so(_ZN4ttnn16device_operation6detail6launchITkNS0_22DeviceOperationConceptENS_4prim20Lwt2DDeviceOperationEEENT_21tensor_return_value_tERKNS5_22operation_attributes_tERKNS5_13tensor_args_tE+0x3aa) [0x78f10c78e77a]
 --- ttnn::prim::lwt_2d(ttnn::Tensor const&, ttnn::operations::wavelet::SchemeId, ttnn::operations::wavelet::BoundaryMode, tt::tt_metal::MemoryConfig const&, std::optional<std::array<ttnn::Tensor, 4ul> > const&)
 --- ttnn::dwt_2d(ttnn::Tensor const&, std::basic_string_view<char, std::char_traits<char> >, std::basic_string_view<char, std::char_traits<char> >, std::optional<tt::tt_metal::MemoryConfig> const&, std::optional<std::array<ttnn::Tensor, 4ul> > const&)
 --- /home/user/tt-wavelet/tt-metal/ttnn/ttnn/_ttnn.so(+0x6e6f2d) [0x78f10de48f2d]
 --- /home/user/tt-wavelet/tt-metal/ttnn/ttnn/_ttnn.so(+0x3591e5) [0x78f10dabb1e5]
 --- .venv/bin/python3(_PyObject_Call_Prepend+0x115) [0x5f001a16ac65]
 --- .venv/bin/python3(+0x3a2b46) [0x5f001a19eb46]
 --- .venv/bin/python3(_PyEval_EvalFrameDefault+0xa16c) [0x5f001a0cc87c]
 --- .venv/bin/python3(_PyFunction_Vectorcall+0x202) [0x5f001a06d352]
 --- .venv/bin/python3(_PyObject_Call_Prepend+0x115) [0x5f001a16ac65]
 --- .venv/bin/python3(+0x3a2b46) [0x5f001a19eb46]
 --- .venv/bin/python3(+0x2fd2a2) [0x5f001a0f92a2]
 --- .venv/bin/python3(_PyEval_EvalFrameDefault+0x3eef) [0x5f001a0c65ff]
 --- .venv/bin/python3(_PyFunction_Vectorcall+0x202) [0x5f001a06d352]
 --- .venv/bin/python3(+0x2fd0b9) [0x5f001a0f90b9]
 --- .venv/bin/python3(_PyEval_EvalFrameDefault+0x4068) [0x5f001a0c6778]
 --- .venv/bin/python3(_PyFunction_Vectorcall+0x202) [0x5f001a06d352]
 --- .venv/bin/python3(+0x2fd0b9) [0x5f001a0f90b9]
 --- .venv/bin/python3(_PyEval_EvalFrameDefault+0x4068) [0x5f001a0c6778]
 --- .venv/bin/python3(+0x3d4a54) [0x5f001a1d0a54]
 --- .venv/bin/python3(+0x40a643) [0x5f001a206643]
 --- .venv/bin/python3(+0x1b35b2) [0x5f0019faf5b2]
 --- .venv/bin/python3(_PyRun_SimpleFileObject+0x109) [0x5f0019faf0e9]
 --- .venv/bin/python3(_PyRun_AnyFileObject+0xa5) [0x5f0019faeae5]
 --- .venv/bin/python3(+0x1bcda9) [0x5f0019fb8da9]
 --- .venv/bin/python3(+0x1bc912) [0x5f0019fb8912]
 --- .venv/bin/python3(Py_RunMain+0x680) [0x5f001a212030]
 --- .venv/bin/python3(+0x148028) [0x5f0019f44028]
 --- /lib/x86_64-linux-gnu/libc.so.6(+0x29d90) [0x78f25e6a6d90]
 --- /lib/x86_64-linux-gnu/libc.so.6(__libc_start_main+0x80) [0x78f25e6a6e40]
 --- .venv/bin/python3(+0x34616b) [0x5f001a14216b]

2d	lwt2d+ilwt2d_roundtrip	coif3	zero	Medium	ttnn	42.7863	0.0427863	nan	0.0	False	TT_FATAL @ /home/user/tt-wavelet/tt-metal/tt_metal/impl/program/program.cpp:2752: state.offset <= max_size
info:
Program size (70896) too large for kernel config buffer (70656) on TENSIX
backtrace:
 --- /home/user/tt-wavelet/build/tt-metal/tt_metal/libtt_metal.so(+0x9b44ab) [0x78f10a8ae4ab]
 --- /home/user/tt-wavelet/build/tt-metal/tt_metal/libtt_metal.so(_ZN2tt8tt_metal6detail11ProgramImpl24finalize_program_offsetsEN4ttsl10StrongTypeIiNS0_12ContextIdTagEEEPNS0_7IDeviceERKSt8functionIFRSt13unordered_mapIjSt10shared_ptrINS0_6KernelEESt4hashIjESt8equal_toIjESaISt4pairIKjSD_EEEjEERKS9_IFRSt6vectorISB_INS0_11KernelGroupEESaISU_EEjEERKS9_IFRKSS_INS0_9SemaphoreESaIS12_EEvEESt4spanIPS2_Lm18446744073709551615EE+0xa7b) [0x78f10a892c1b]
 --- tt::tt_metal::distributed::MeshWorkloadImpl::finalize_offsets(tt::tt_metal::distributed::MeshDevice*)
 --- tt::tt_metal::distributed::MeshWorkloadImpl::compile(tt::tt_metal::distributed::MeshDevice*)
 --- tt::tt_metal::distributed::EnqueueMeshWorkload(tt::tt_metal::distributed::MeshCommandQueue&, tt::tt_metal::distributed::MeshWorkload&, bool)
 --- /home/user/tt-metal/build/lib/_ttnncpp.so(_ZN4ttnn16device_operation6detail21enqueue_mesh_workloadITkNS0_36DeviceOperationWithMeshDeviceAdapterENS0_26MeshDeviceOperationAdapterINS_4prim20Lwt2DDeviceOperationEEEEEvRKNT_22operation_attributes_tERKNS7_13tensor_args_tERNS7_21tensor_return_value_tEPN2tt8tt_metal11distributed10MeshDeviceERNSI_12MeshWorkloadEb+0x284) [0x78f10c7c56c4]
 --- /home/user/tt-metal/build/lib/_ttnncpp.so(+0x14603f3) [0x78f10c7c63f3]
 --- /home/user/tt-metal/build/lib/_ttnncpp.so(_ZN4ttnn16device_operation6detail29launch_operation_with_adapterITkNS0_36DeviceOperationWithMeshDeviceAdapterENS0_26MeshDeviceOperationAdapterINS_4prim20Lwt2DDeviceOperationEEEEEvRKNT_22operation_attributes_tERKNS7_13tensor_args_tERNS7_21tensor_return_value_tEPN2tt8tt_metal11distributed10MeshDeviceE+0x245) [0x78f10c7c2275]
 --- /home/user/tt-metal/build/lib/_ttnncpp.so(_ZN4ttnn16device_operation6detail6launchITkNS0_22DeviceOperationConceptENS_4prim20Lwt2DDeviceOperationEEENT_21tensor_return_value_tERKNS5_22operation_attributes_tERKNS5_13tensor_args_tE+0x3aa) [0x78f10c78e77a]
 --- ttnn::prim::lwt_2d(ttnn::Tensor const&, ttnn::operations::wavelet::SchemeId, ttnn::operations::wavelet::BoundaryMode, tt::tt_metal::MemoryConfig const&, std::optional<std::array<ttnn::Tensor, 4ul> > const&)
 --- ttnn::dwt_2d(ttnn::Tensor const&, std::basic_string_view<char, std::char_traits<char> >, std::basic_string_view<char, std::char_traits<char> >, std::optional<tt::tt_metal::MemoryConfig> const&, std::optional<std::array<ttnn::Tensor, 4ul> > const&)
 --- /home/user/tt-wavelet/tt-metal/ttnn/ttnn/_ttnn.so(+0x6e6f2d) [0x78f10de48f2d]
 --- /home/user/tt-wavelet/tt-metal/ttnn/ttnn/_ttnn.so(+0x3591e5) [0x78f10dabb1e5]
 --- .venv/bin/python3(_PyObject_Call_Prepend+0x115) [0x5f001a16ac65]
 --- .venv/bin/python3(+0x3a2b46) [0x5f001a19eb46]
 --- .venv/bin/python3(_PyEval_EvalFrameDefault+0xa16c) [0x5f001a0cc87c]
 --- .venv/bin/python3(_PyFunction_Vectorcall+0x202) [0x5f001a06d352]
 --- .venv/bin/python3(_PyObject_Call_Prepend+0x115) [0x5f001a16ac65]
 --- .venv/bin/python3(+0x3a2b46) [0x5f001a19eb46]
 --- .venv/bin/python3(+0x2fd2a2) [0x5f001a0f92a2]
 --- .venv/bin/python3(_PyEval_EvalFrameDefault+0x3eef) [0x5f001a0c65ff]
 --- .venv/bin/python3(_PyFunction_Vectorcall+0x202) [0x5f001a06d352]
 --- .venv/bin/python3(+0x2fd0b9) [0x5f001a0f90b9]
 --- .venv/bin/python3(_PyEval_EvalFrameDefault+0x4068) [0x5f001a0c6778]
 --- .venv/bin/python3(_PyFunction_Vectorcall+0x202) [0x5f001a06d352]
 --- .venv/bin/python3(+0x2fd0b9) [0x5f001a0f90b9]
 --- .venv/bin/python3(_PyEval_EvalFrameDefault+0x4068) [0x5f001a0c6778]
 --- .venv/bin/python3(+0x3d4a54) [0x5f001a1d0a54]
 --- .venv/bin/python3(+0x40a643) [0x5f001a206643]
 --- .venv/bin/python3(+0x1b35b2) [0x5f0019faf5b2]
 --- .venv/bin/python3(_PyRun_SimpleFileObject+0x109) [0x5f0019faf0e9]
 --- .venv/bin/python3(_PyRun_AnyFileObject+0xa5) [0x5f0019faeae5]
 --- .venv/bin/python3(+0x1bcda9) [0x5f0019fb8da9]
 --- .venv/bin/python3(+0x1bc912) [0x5f0019fb8912]
 --- .venv/bin/python3(Py_RunMain+0x680) [0x5f001a212030]
 --- .venv/bin/python3(+0x148028) [0x5f0019f44028]
 --- /lib/x86_64-linux-gnu/libc.so.6(+0x29d90) [0x78f25e6a6d90]
 --- /lib/x86_64-linux-gnu/libc.so.6(__libc_start_main+0x80) [0x78f25e6a6e40]
 --- .venv/bin/python3(+0x34616b) [0x5f001a14216b]

2d	lwt2d+ilwt2d_roundtrip	coif3	constant	Medium	ttnn	42.7863	0.0427863	nan	0.0	False	TT_FATAL @ /home/user/tt-wavelet/tt-metal/tt_metal/impl/program/program.cpp:2752: state.offset <= max_size
info:
Program size (70848) too large for kernel config buffer (70656) on TENSIX
backtrace:
 --- /home/user/tt-wavelet/build/tt-metal/tt_metal/libtt_metal.so(+0x9b44ab) [0x78f10a8ae4ab]
 --- /home/user/tt-wavelet/build/tt-metal/tt_metal/libtt_metal.so(_ZN2tt8tt_metal6detail11ProgramImpl24finalize_program_offsetsEN4ttsl10StrongTypeIiNS0_12ContextIdTagEEEPNS0_7IDeviceERKSt8functionIFRSt13unordered_mapIjSt10shared_ptrINS0_6KernelEESt4hashIjESt8equal_toIjESaISt4pairIKjSD_EEEjEERKS9_IFRSt6vectorISB_INS0_11KernelGroupEESaISU_EEjEERKS9_IFRKSS_INS0_9SemaphoreESaIS12_EEvEESt4spanIPS2_Lm18446744073709551615EE+0xa7b) [0x78f10a892c1b]
 --- tt::tt_metal::distributed::MeshWorkloadImpl::finalize_offsets(tt::tt_metal::distributed::MeshDevice*)
 --- tt::tt_metal::distributed::MeshWorkloadImpl::compile(tt::tt_metal::distributed::MeshDevice*)
 --- tt::tt_metal::distributed::EnqueueMeshWorkload(tt::tt_metal::distributed::MeshCommandQueue&, tt::tt_metal::distributed::MeshWorkload&, bool)
 --- /home/user/tt-metal/build/lib/_ttnncpp.so(_ZN4ttnn16device_operation6detail21enqueue_mesh_workloadITkNS0_36DeviceOperationWithMeshDeviceAdapterENS0_26MeshDeviceOperationAdapterINS_4prim20Lwt2DDeviceOperationEEEEEvRKNT_22operation_attributes_tERKNS7_13tensor_args_tERNS7_21tensor_return_value_tEPN2tt8tt_metal11distributed10MeshDeviceERNSI_12MeshWorkloadEb+0x284) [0x78f10c7c56c4]
 --- /home/user/tt-metal/build/lib/_ttnncpp.so(+0x14603f3) [0x78f10c7c63f3]
 --- /home/user/tt-metal/build/lib/_ttnncpp.so(_ZN4ttnn16device_operation6detail29launch_operation_with_adapterITkNS0_36DeviceOperationWithMeshDeviceAdapterENS0_26MeshDeviceOperationAdapterINS_4prim20Lwt2DDeviceOperationEEEEEvRKNT_22operation_attributes_tERKNS7_13tensor_args_tERNS7_21tensor_return_value_tEPN2tt8tt_metal11distributed10MeshDeviceE+0x245) [0x78f10c7c2275]
 --- /home/user/tt-metal/build/lib/_ttnncpp.so(_ZN4ttnn16device_operation6detail6launchITkNS0_22DeviceOperationConceptENS_4prim20Lwt2DDeviceOperationEEENT_21tensor_return_value_tERKNS5_22operation_attributes_tERKNS5_13tensor_args_tE+0x3aa) [0x78f10c78e77a]
 --- ttnn::prim::lwt_2d(ttnn::Tensor const&, ttnn::operations::wavelet::SchemeId, ttnn::operations::wavelet::BoundaryMode, tt::tt_metal::MemoryConfig const&, std::optional<std::array<ttnn::Tensor, 4ul> > const&)
 --- ttnn::dwt_2d(ttnn::Tensor const&, std::basic_string_view<char, std::char_traits<char> >, std::basic_string_view<char, std::char_traits<char> >, std::optional<tt::tt_metal::MemoryConfig> const&, std::optional<std::array<ttnn::Tensor, 4ul> > const&)
 --- /home/user/tt-wavelet/tt-metal/ttnn/ttnn/_ttnn.so(+0x6e6f2d) [0x78f10de48f2d]
 --- /home/user/tt-wavelet/tt-metal/ttnn/ttnn/_ttnn.so(+0x3591e5) [0x78f10dabb1e5]
 --- .venv/bin/python3(_PyObject_Call_Prepend+0x115) [0x5f001a16ac65]
 --- .venv/bin/python3(+0x3a2b46) [0x5f001a19eb46]
 --- .venv/bin/python3(_PyEval_EvalFrameDefault+0xa16c) [0x5f001a0cc87c]
 --- .venv/bin/python3(_PyFunction_Vectorcall+0x202) [0x5f001a06d352]
 --- .venv/bin/python3(_PyObject_Call_Prepend+0x115) [0x5f001a16ac65]
 --- .venv/bin/python3(+0x3a2b46) [0x5f001a19eb46]
 --- .venv/bin/python3(+0x2fd2a2) [0x5f001a0f92a2]
 --- .venv/bin/python3(_PyEval_EvalFrameDefault+0x3eef) [0x5f001a0c65ff]
 --- .venv/bin/python3(_PyFunction_Vectorcall+0x202) [0x5f001a06d352]
 --- .venv/bin/python3(+0x2fd0b9) [0x5f001a0f90b9]
 --- .venv/bin/python3(_PyEval_EvalFrameDefault+0x4068) [0x5f001a0c6778]
 --- .venv/bin/python3(_PyFunction_Vectorcall+0x202) [0x5f001a06d352]
 --- .venv/bin/python3(+0x2fd0b9) [0x5f001a0f90b9]
 --- .venv/bin/python3(_PyEval_EvalFrameDefault+0x4068) [0x5f001a0c6778]
 --- .venv/bin/python3(+0x3d4a54) [0x5f001a1d0a54]
 --- .venv/bin/python3(+0x40a643) [0x5f001a206643]
 --- .venv/bin/python3(+0x1b35b2) [0x5f0019faf5b2]
 --- .venv/bin/python3(_PyRun_SimpleFileObject+0x109) [0x5f0019faf0e9]
 --- .venv/bin/python3(_PyRun_AnyFileObject+0xa5) [0x5f0019faeae5]
 --- .venv/bin/python3(+0x1bcda9) [0x5f0019fb8da9]
 --- .venv/bin/python3(+0x1bc912) [0x5f0019fb8912]
 --- .venv/bin/python3(Py_RunMain+0x680) [0x5f001a212030]
 --- .venv/bin/python3(+0x148028) [0x5f0019f44028]
 --- /lib/x86_64-linux-gnu/libc.so.6(+0x29d90) [0x78f25e6a6d90]
 --- /lib/x86_64-linux-gnu/libc.so.6(__libc_start_main+0x80) [0x78f25e6a6e40]
 --- .venv/bin/python3(+0x34616b) [0x5f001a14216b]

2d	lwt2d+ilwt2d_roundtrip	coif3	periodic	Medium	ttnn	42.7863	0.0427863	nan	0.0	False	TT_FATAL @ /home/user/tt-wavelet/tt-metal/tt_metal/impl/program/program.cpp:2752: state.offset <= max_size
info:
Program size (72416) too large for kernel config buffer (70656) on TENSIX
backtrace:
 --- /home/user/tt-wavelet/build/tt-metal/tt_metal/libtt_metal.so(+0x9b44ab) [0x78f10a8ae4ab]
 --- /home/user/tt-wavelet/build/tt-metal/tt_metal/libtt_metal.so(_ZN2tt8tt_metal6detail11ProgramImpl24finalize_program_offsetsEN4ttsl10StrongTypeIiNS0_12ContextIdTagEEEPNS0_7IDeviceERKSt8functionIFRSt13unordered_mapIjSt10shared_ptrINS0_6KernelEESt4hashIjESt8equal_toIjESaISt4pairIKjSD_EEEjEERKS9_IFRSt6vectorISB_INS0_11KernelGroupEESaISU_EEjEERKS9_IFRKSS_INS0_9SemaphoreESaIS12_EEvEESt4spanIPS2_Lm18446744073709551615EE+0xa7b) [0x78f10a892c1b]
 --- tt::tt_metal::distributed::MeshWorkloadImpl::finalize_offsets(tt::tt_metal::distributed::MeshDevice*)
 --- tt::tt_metal::distributed::MeshWorkloadImpl::compile(tt::tt_metal::distributed::MeshDevice*)
 --- tt::tt_metal::distributed::EnqueueMeshWorkload(tt::tt_metal::distributed::MeshCommandQueue&, tt::tt_metal::distributed::MeshWorkload&, bool)
 --- /home/user/tt-metal/build/lib/_ttnncpp.so(_ZN4ttnn16device_operation6detail21enqueue_mesh_workloadITkNS0_36DeviceOperationWithMeshDeviceAdapterENS0_26MeshDeviceOperationAdapterINS_4prim20Lwt2DDeviceOperationEEEEEvRKNT_22operation_attributes_tERKNS7_13tensor_args_tERNS7_21tensor_return_value_tEPN2tt8tt_metal11distributed10MeshDeviceERNSI_12MeshWorkloadEb+0x284) [0x78f10c7c56c4]
 --- /home/user/tt-metal/build/lib/_ttnncpp.so(+0x14603f3) [0x78f10c7c63f3]
 --- /home/user/tt-metal/build/lib/_ttnncpp.so(_ZN4ttnn16device_operation6detail29launch_operation_with_adapterITkNS0_36DeviceOperationWithMeshDeviceAdapterENS0_26MeshDeviceOperationAdapterINS_4prim20Lwt2DDeviceOperationEEEEEvRKNT_22operation_attributes_tERKNS7_13tensor_args_tERNS7_21tensor_return_value_tEPN2tt8tt_metal11distributed10MeshDeviceE+0x245) [0x78f10c7c2275]
 --- /home/user/tt-metal/build/lib/_ttnncpp.so(_ZN4ttnn16device_operation6detail6launchITkNS0_22DeviceOperationConceptENS_4prim20Lwt2DDeviceOperationEEENT_21tensor_return_value_tERKNS5_22operation_attributes_tERKNS5_13tensor_args_tE+0x3aa) [0x78f10c78e77a]
 --- ttnn::prim::lwt_2d(ttnn::Tensor const&, ttnn::operations::wavelet::SchemeId, ttnn::operations::wavelet::BoundaryMode, tt::tt_metal::MemoryConfig const&, std::optional<std::array<ttnn::Tensor, 4ul> > const&)
 --- ttnn::dwt_2d(ttnn::Tensor const&, std::basic_string_view<char, std::char_traits<char> >, std::basic_string_view<char, std::char_traits<char> >, std::optional<tt::tt_metal::MemoryConfig> const&, std::optional<std::array<ttnn::Tensor, 4ul> > const&)
 --- /home/user/tt-wavelet/tt-metal/ttnn/ttnn/_ttnn.so(+0x6e6f2d) [0x78f10de48f2d]
 --- /home/user/tt-wavelet/tt-metal/ttnn/ttnn/_ttnn.so(+0x3591e5) [0x78f10dabb1e5]
 --- .venv/bin/python3(_PyObject_Call_Prepend+0x115) [0x5f001a16ac65]
 --- .venv/bin/python3(+0x3a2b46) [0x5f001a19eb46]
 --- .venv/bin/python3(_PyEval_EvalFrameDefault+0xa16c) [0x5f001a0cc87c]
 --- .venv/bin/python3(_PyFunction_Vectorcall+0x202) [0x5f001a06d352]
 --- .venv/bin/python3(_PyObject_Call_Prepend+0x115) [0x5f001a16ac65]
 --- .venv/bin/python3(+0x3a2b46) [0x5f001a19eb46]
 --- .venv/bin/python3(+0x2fd2a2) [0x5f001a0f92a2]
 --- .venv/bin/python3(_PyEval_EvalFrameDefault+0x3eef) [0x5f001a0c65ff]
 --- .venv/bin/python3(_PyFunction_Vectorcall+0x202) [0x5f001a06d352]
 --- .venv/bin/python3(+0x2fd0b9) [0x5f001a0f90b9]
 --- .venv/bin/python3(_PyEval_EvalFrameDefault+0x4068) [0x5f001a0c6778]
 --- .venv/bin/python3(_PyFunction_Vectorcall+0x202) [0x5f001a06d352]
 --- .venv/bin/python3(+0x2fd0b9) [0x5f001a0f90b9]
 --- .venv/bin/python3(_PyEval_EvalFrameDefault+0x4068) [0x5f001a0c6778]
 --- .venv/bin/python3(+0x3d4a54) [0x5f001a1d0a54]
 --- .venv/bin/python3(+0x40a643) [0x5f001a206643]
 --- .venv/bin/python3(+0x1b35b2) [0x5f0019faf5b2]
 --- .venv/bin/python3(_PyRun_SimpleFileObject+0x109) [0x5f0019faf0e9]
 --- .venv/bin/python3(_PyRun_AnyFileObject+0xa5) [0x5f0019faeae5]
 --- .venv/bin/python3(+0x1bcda9) [0x5f0019fb8da9]
 --- .venv/bin/python3(+0x1bc912) [0x5f0019fb8912]
 --- .venv/bin/python3(Py_RunMain+0x680) [0x5f001a212030]
 --- .venv/bin/python3(+0x148028) [0x5f0019f44028]
 --- /lib/x86_64-linux-gnu/libc.so.6(+0x29d90) [0x78f25e6a6d90]
 --- /lib/x86_64-linux-gnu/libc.so.6(__libc_start_main+0x80) [0x78f25e6a6e40]
 --- .venv/bin/python3(+0x34616b) [0x5f001a14216b]

2d	lwt2d+ilwt2d_roundtrip	coif3	antisymmetric	Medium	ttnn	42.7863	0.0427863	nan	0.0	False	TT_FATAL @ /home/user/tt-wavelet/tt-metal/tt_metal/impl/program/program.cpp:2752: state.offset <= max_size
info:
Program size (73088) too large for kernel config buffer (70656) on TENSIX
backtrace:
 --- /home/user/tt-wavelet/build/tt-metal/tt_metal/libtt_metal.so(+0x9b44ab) [0x78f10a8ae4ab]
 --- /home/user/tt-wavelet/build/tt-metal/tt_metal/libtt_metal.so(_ZN2tt8tt_metal6detail11ProgramImpl24finalize_program_offsetsEN4ttsl10StrongTypeIiNS0_12ContextIdTagEEEPNS0_7IDeviceERKSt8functionIFRSt13unordered_mapIjSt10shared_ptrINS0_6KernelEESt4hashIjESt8equal_toIjESaISt4pairIKjSD_EEEjEERKS9_IFRSt6vectorISB_INS0_11KernelGroupEESaISU_EEjEERKS9_IFRKSS_INS0_9SemaphoreESaIS12_EEvEESt4spanIPS2_Lm18446744073709551615EE+0xa7b) [0x78f10a892c1b]
 --- tt::tt_metal::distributed::MeshWorkloadImpl::finalize_offsets(tt::tt_metal::distributed::MeshDevice*)
 --- tt::tt_metal::distributed::MeshWorkloadImpl::compile(tt::tt_metal::distributed::MeshDevice*)
 --- tt::tt_metal::distributed::EnqueueMeshWorkload(tt::tt_metal::distributed::MeshCommandQueue&, tt::tt_metal::distributed::MeshWorkload&, bool)
 --- /home/user/tt-metal/build/lib/_ttnncpp.so(_ZN4ttnn16device_operation6detail21enqueue_mesh_workloadITkNS0_36DeviceOperationWithMeshDeviceAdapterENS0_26MeshDeviceOperationAdapterINS_4prim20Lwt2DDeviceOperationEEEEEvRKNT_22operation_attributes_tERKNS7_13tensor_args_tERNS7_21tensor_return_value_tEPN2tt8tt_metal11distributed10MeshDeviceERNSI_12MeshWorkloadEb+0x284) [0x78f10c7c56c4]
 --- /home/user/tt-metal/build/lib/_ttnncpp.so(+0x14603f3) [0x78f10c7c63f3]
 --- /home/user/tt-metal/build/lib/_ttnncpp.so(_ZN4ttnn16device_operation6detail29launch_operation_with_adapterITkNS0_36DeviceOperationWithMeshDeviceAdapterENS0_26MeshDeviceOperationAdapterINS_4prim20Lwt2DDeviceOperationEEEEEvRKNT_22operation_attributes_tERKNS7_13tensor_args_tERNS7_21tensor_return_value_tEPN2tt8tt_metal11distributed10MeshDeviceE+0x245) [0x78f10c7c2275]
 --- /home/user/tt-metal/build/lib/_ttnncpp.so(_ZN4ttnn16device_operation6detail6launchITkNS0_22DeviceOperationConceptENS_4prim20Lwt2DDeviceOperationEEENT_21tensor_return_value_tERKNS5_22operation_attributes_tERKNS5_13tensor_args_tE+0x3aa) [0x78f10c78e77a]
 --- ttnn::prim::lwt_2d(ttnn::Tensor const&, ttnn::operations::wavelet::SchemeId, ttnn::operations::wavelet::BoundaryMode, tt::tt_metal::MemoryConfig const&, std::optional<std::array<ttnn::Tensor, 4ul> > const&)
 --- ttnn::dwt_2d(ttnn::Tensor const&, std::basic_string_view<char, std::char_traits<char> >, std::basic_string_view<char, std::char_traits<char> >, std::optional<tt::tt_metal::MemoryConfig> const&, std::optional<std::array<ttnn::Tensor, 4ul> > const&)
 --- /home/user/tt-wavelet/tt-metal/ttnn/ttnn/_ttnn.so(+0x6e6f2d) [0x78f10de48f2d]
 --- /home/user/tt-wavelet/tt-metal/ttnn/ttnn/_ttnn.so(+0x3591e5) [0x78f10dabb1e5]
 --- .venv/bin/python3(_PyObject_Call_Prepend+0x115) [0x5f001a16ac65]
 --- .venv/bin/python3(+0x3a2b46) [0x5f001a19eb46]
 --- .venv/bin/python3(_PyEval_EvalFrameDefault+0xa16c) [0x5f001a0cc87c]
 --- .venv/bin/python3(_PyFunction_Vectorcall+0x202) [0x5f001a06d352]
 --- .venv/bin/python3(_PyObject_Call_Prepend+0x115) [0x5f001a16ac65]
 --- .venv/bin/python3(+0x3a2b46) [0x5f001a19eb46]
 --- .venv/bin/python3(+0x2fd2a2) [0x5f001a0f92a2]
 --- .venv/bin/python3(_PyEval_EvalFrameDefault+0x3eef) [0x5f001a0c65ff]
 --- .venv/bin/python3(_PyFunction_Vectorcall+0x202) [0x5f001a06d352]
 --- .venv/bin/python3(+0x2fd0b9) [0x5f001a0f90b9]
 --- .venv/bin/python3(_PyEval_EvalFrameDefault+0x4068) [0x5f001a0c6778]
 --- .venv/bin/python3(_PyFunction_Vectorcall+0x202) [0x5f001a06d352]
 --- .venv/bin/python3(+0x2fd0b9) [0x5f001a0f90b9]
 --- .venv/bin/python3(_PyEval_EvalFrameDefault+0x4068) [0x5f001a0c6778]
 --- .venv/bin/python3(+0x3d4a54) [0x5f001a1d0a54]
 --- .venv/bin/python3(+0x40a643) [0x5f001a206643]
 --- .venv/bin/python3(+0x1b35b2) [0x5f0019faf5b2]
 --- .venv/bin/python3(_PyRun_SimpleFileObject+0x109) [0x5f0019faf0e9]
 --- .venv/bin/python3(_PyRun_AnyFileObject+0xa5) [0x5f0019faeae5]
 --- .venv/bin/python3(+0x1bcda9) [0x5f0019fb8da9]
 --- .venv/bin/python3(+0x1bc912) [0x5f0019fb8912]
 --- .venv/bin/python3(Py_RunMain+0x680) [0x5f001a212030]
 --- .venv/bin/python3(+0x148028) [0x5f0019f44028]
 --- /lib/x86_64-linux-gnu/libc.so.6(+0x29d90) [0x78f25e6a6d90]
 --- /lib/x86_64-linux-gnu/libc.so.6(__libc_start_main+0x80) [0x78f25e6a6e40]
 --- .venv/bin/python3(+0x34616b) [0x5f001a14216b]

2d	lwt2d+ilwt2d_roundtrip	coif3	smooth	Medium	ttnn	42.7863	0.0427863	nan	0.0	False	TT_FATAL @ /home/user/tt-wavelet/tt-metal/tt_metal/impl/program/program.cpp:2752: state.offset <= max_size
info:
Program size (74752) too large for kernel config buffer (70656) on TENSIX
backtrace:
 --- /home/user/tt-wavelet/build/tt-metal/tt_metal/libtt_metal.so(+0x9b44ab) [0x78f10a8ae4ab]
 --- /home/user/tt-wavelet/build/tt-metal/tt_metal/libtt_metal.so(_ZN2tt8tt_metal6detail11ProgramImpl24finalize_program_offsetsEN4ttsl10StrongTypeIiNS0_12ContextIdTagEEEPNS0_7IDeviceERKSt8functionIFRSt13unordered_mapIjSt10shared_ptrINS0_6KernelEESt4hashIjESt8equal_toIjESaISt4pairIKjSD_EEEjEERKS9_IFRSt6vectorISB_INS0_11KernelGroupEESaISU_EEjEERKS9_IFRKSS_INS0_9SemaphoreESaIS12_EEvEESt4spanIPS2_Lm18446744073709551615EE+0xa7b) [0x78f10a892c1b]
 --- tt::tt_metal::distributed::MeshWorkloadImpl::finalize_offsets(tt::tt_metal::distributed::MeshDevice*)
 --- tt::tt_metal::distributed::MeshWorkloadImpl::compile(tt::tt_metal::distributed::MeshDevice*)
 --- tt::tt_metal::distributed::EnqueueMeshWorkload(tt::tt_metal::distributed::MeshCommandQueue&, tt::tt_metal::distributed::MeshWorkload&, bool)
 --- /home/user/tt-metal/build/lib/_ttnncpp.so(_ZN4ttnn16device_operation6detail21enqueue_mesh_workloadITkNS0_36DeviceOperationWithMeshDeviceAdapterENS0_26MeshDeviceOperationAdapterINS_4prim20Lwt2DDeviceOperationEEEEEvRKNT_22operation_attributes_tERKNS7_13tensor_args_tERNS7_21tensor_return_value_tEPN2tt8tt_metal11distributed10MeshDeviceERNSI_12MeshWorkloadEb+0x284) [0x78f10c7c56c4]
 --- /home/user/tt-metal/build/lib/_ttnncpp.so(+0x14603f3) [0x78f10c7c63f3]
 --- /home/user/tt-metal/build/lib/_ttnncpp.so(_ZN4ttnn16device_operation6detail29launch_operation_with_adapterITkNS0_36DeviceOperationWithMeshDeviceAdapterENS0_26MeshDeviceOperationAdapterINS_4prim20Lwt2DDeviceOperationEEEEEvRKNT_22operation_attributes_tERKNS7_13tensor_args_tERNS7_21tensor_return_value_tEPN2tt8tt_metal11distributed10MeshDeviceE+0x245) [0x78f10c7c2275]
 --- /home/user/tt-metal/build/lib/_ttnncpp.so(_ZN4ttnn16device_operation6detail6launchITkNS0_22DeviceOperationConceptENS_4prim20Lwt2DDeviceOperationEEENT_21tensor_return_value_tERKNS5_22operation_attributes_tERKNS5_13tensor_args_tE+0x3aa) [0x78f10c78e77a]
 --- ttnn::prim::lwt_2d(ttnn::Tensor const&, ttnn::operations::wavelet::SchemeId, ttnn::operations::wavelet::BoundaryMode, tt::tt_metal::MemoryConfig const&, std::optional<std::array<ttnn::Tensor, 4ul> > const&)
 --- ttnn::dwt_2d(ttnn::Tensor const&, std::basic_string_view<char, std::char_traits<char> >, std::basic_string_view<char, std::char_traits<char> >, std::optional<tt::tt_metal::MemoryConfig> const&, std::optional<std::array<ttnn::Tensor, 4ul> > const&)
 --- /home/user/tt-wavelet/tt-metal/ttnn/ttnn/_ttnn.so(+0x6e6f2d) [0x78f10de48f2d]
 --- /home/user/tt-wavelet/tt-metal/ttnn/ttnn/_ttnn.so(+0x3591e5) [0x78f10dabb1e5]
 --- .venv/bin/python3(_PyObject_Call_Prepend+0x115) [0x5f001a16ac65]
 --- .venv/bin/python3(+0x3a2b46) [0x5f001a19eb46]
 --- .venv/bin/python3(_PyEval_EvalFrameDefault+0xa16c) [0x5f001a0cc87c]
 --- .venv/bin/python3(_PyFunction_Vectorcall+0x202) [0x5f001a06d352]
 --- .venv/bin/python3(_PyObject_Call_Prepend+0x115) [0x5f001a16ac65]
 --- .venv/bin/python3(+0x3a2b46) [0x5f001a19eb46]
 --- .venv/bin/python3(+0x2fd2a2) [0x5f001a0f92a2]
 --- .venv/bin/python3(_PyEval_EvalFrameDefault+0x3eef) [0x5f001a0c65ff]
 --- .venv/bin/python3(_PyFunction_Vectorcall+0x202) [0x5f001a06d352]
 --- .venv/bin/python3(+0x2fd0b9) [0x5f001a0f90b9]
 --- .venv/bin/python3(_PyEval_EvalFrameDefault+0x4068) [0x5f001a0c6778]
 --- .venv/bin/python3(_PyFunction_Vectorcall+0x202) [0x5f001a06d352]
 --- .venv/bin/python3(+0x2fd0b9) [0x5f001a0f90b9]
 --- .venv/bin/python3(_PyEval_EvalFrameDefault+0x4068) [0x5f001a0c6778]
 --- .venv/bin/python3(+0x3d4a54) [0x5f001a1d0a54]
 --- .venv/bin/python3(+0x40a643) [0x5f001a206643]
 --- .venv/bin/python3(+0x1b35b2) [0x5f0019faf5b2]
 --- .venv/bin/python3(_PyRun_SimpleFileObject+0x109) [0x5f0019faf0e9]
 --- .venv/bin/python3(_PyRun_AnyFileObject+0xa5) [0x5f0019faeae5]
 --- .venv/bin/python3(+0x1bcda9) [0x5f0019fb8da9]
 --- .venv/bin/python3(+0x1bc912) [0x5f0019fb8912]
 --- .venv/bin/python3(Py_RunMain+0x680) [0x5f001a212030]
 --- .venv/bin/python3(+0x148028) [0x5f0019f44028]
 --- /lib/x86_64-linux-gnu/libc.so.6(+0x29d90) [0x78f25e6a6d90]
 --- /lib/x86_64-linux-gnu/libc.so.6(__libc_start_main+0x80) [0x78f25e6a6e40]
 --- .venv/bin/python3(+0x34616b) [0x5f001a14216b]

2d	lwt2d+ilwt2d_roundtrip	coif3	reflect	Medium	ttnn	42.7863	0.0427863	nan	0.0	False	TT_FATAL @ /home/user/tt-wavelet/tt-metal/tt_metal/impl/program/program.cpp:2752: state.offset <= max_size
info:
Program size (72752) too large for kernel config buffer (70656) on TENSIX
backtrace:
 --- /home/user/tt-wavelet/build/tt-metal/tt_metal/libtt_metal.so(+0x9b44ab) [0x78f10a8ae4ab]
 --- /home/user/tt-wavelet/build/tt-metal/tt_metal/libtt_metal.so(_ZN2tt8tt_metal6detail11ProgramImpl24finalize_program_offsetsEN4ttsl10StrongTypeIiNS0_12ContextIdTagEEEPNS0_7IDeviceERKSt8functionIFRSt13unordered_mapIjSt10shared_ptrINS0_6KernelEESt4hashIjESt8equal_toIjESaISt4pairIKjSD_EEEjEERKS9_IFRSt6vectorISB_INS0_11KernelGroupEESaISU_EEjEERKS9_IFRKSS_INS0_9SemaphoreESaIS12_EEvEESt4spanIPS2_Lm18446744073709551615EE+0xa7b) [0x78f10a892c1b]
 --- tt::tt_metal::distributed::MeshWorkloadImpl::finalize_offsets(tt::tt_metal::distributed::MeshDevice*)
 --- tt::tt_metal::distributed::MeshWorkloadImpl::compile(tt::tt_metal::distributed::MeshDevice*)
 --- tt::tt_metal::distributed::EnqueueMeshWorkload(tt::tt_metal::distributed::MeshCommandQueue&, tt::tt_metal::distributed::MeshWorkload&, bool)
 --- /home/user/tt-metal/build/lib/_ttnncpp.so(_ZN4ttnn16device_operation6detail21enqueue_mesh_workloadITkNS0_36DeviceOperationWithMeshDeviceAdapterENS0_26MeshDeviceOperationAdapterINS_4prim20Lwt2DDeviceOperationEEEEEvRKNT_22operation_attributes_tERKNS7_13tensor_args_tERNS7_21tensor_return_value_tEPN2tt8tt_metal11distributed10MeshDeviceERNSI_12MeshWorkloadEb+0x284) [0x78f10c7c56c4]
 --- /home/user/tt-metal/build/lib/_ttnncpp.so(+0x14603f3) [0x78f10c7c63f3]
 --- /home/user/tt-metal/build/lib/_ttnncpp.so(_ZN4ttnn16device_operation6detail29launch_operation_with_adapterITkNS0_36DeviceOperationWithMeshDeviceAdapterENS0_26MeshDeviceOperationAdapterINS_4prim20Lwt2DDeviceOperationEEEEEvRKNT_22operation_attributes_tERKNS7_13tensor_args_tERNS7_21tensor_return_value_tEPN2tt8tt_metal11distributed10MeshDeviceE+0x245) [0x78f10c7c2275]
 --- /home/user/tt-metal/build/lib/_ttnncpp.so(_ZN4ttnn16device_operation6detail6launchITkNS0_22DeviceOperationConceptENS_4prim20Lwt2DDeviceOperationEEENT_21tensor_return_value_tERKNS5_22operation_attributes_tERKNS5_13tensor_args_tE+0x3aa) [0x78f10c78e77a]
 --- ttnn::prim::lwt_2d(ttnn::Tensor const&, ttnn::operations::wavelet::SchemeId, ttnn::operations::wavelet::BoundaryMode, tt::tt_metal::MemoryConfig const&, std::optional<std::array<ttnn::Tensor, 4ul> > const&)
 --- ttnn::dwt_2d(ttnn::Tensor const&, std::basic_string_view<char, std::char_traits<char> >, std::basic_string_view<char, std::char_traits<char> >, std::optional<tt::tt_metal::MemoryConfig> const&, std::optional<std::array<ttnn::Tensor, 4ul> > const&)
 --- /home/user/tt-wavelet/tt-metal/ttnn/ttnn/_ttnn.so(+0x6e6f2d) [0x78f10de48f2d]
 --- /home/user/tt-wavelet/tt-metal/ttnn/ttnn/_ttnn.so(+0x3591e5) [0x78f10dabb1e5]
 --- .venv/bin/python3(_PyObject_Call_Prepend+0x115) [0x5f001a16ac65]
 --- .venv/bin/python3(+0x3a2b46) [0x5f001a19eb46]
 --- .venv/bin/python3(_PyEval_EvalFrameDefault+0xa16c) [0x5f001a0cc87c]
 --- .venv/bin/python3(_PyFunction_Vectorcall+0x202) [0x5f001a06d352]
 --- .venv/bin/python3(_PyObject_Call_Prepend+0x115) [0x5f001a16ac65]
 --- .venv/bin/python3(+0x3a2b46) [0x5f001a19eb46]
 --- .venv/bin/python3(+0x2fd2a2) [0x5f001a0f92a2]
 --- .venv/bin/python3(_PyEval_EvalFrameDefault+0x3eef) [0x5f001a0c65ff]
 --- .venv/bin/python3(_PyFunction_Vectorcall+0x202) [0x5f001a06d352]
 --- .venv/bin/python3(+0x2fd0b9) [0x5f001a0f90b9]
 --- .venv/bin/python3(_PyEval_EvalFrameDefault+0x4068) [0x5f001a0c6778]
 --- .venv/bin/python3(_PyFunction_Vectorcall+0x202) [0x5f001a06d352]
 --- .venv/bin/python3(+0x2fd0b9) [0x5f001a0f90b9]
 --- .venv/bin/python3(_PyEval_EvalFrameDefault+0x4068) [0x5f001a0c6778]
 --- .venv/bin/python3(+0x3d4a54) [0x5f001a1d0a54]
 --- .venv/bin/python3(+0x40a643) [0x5f001a206643]
 --- .venv/bin/python3(+0x1b35b2) [0x5f0019faf5b2]
 --- .venv/bin/python3(_PyRun_SimpleFileObject+0x109) [0x5f0019faf0e9]
 --- .venv/bin/python3(_PyRun_AnyFileObject+0xa5) [0x5f0019faeae5]
 --- .venv/bin/python3(+0x1bcda9) [0x5f0019fb8da9]
 --- .venv/bin/python3(+0x1bc912) [0x5f0019fb8912]
 --- .venv/bin/python3(Py_RunMain+0x680) [0x5f001a212030]
 --- .venv/bin/python3(+0x148028) [0x5f0019f44028]
 --- /lib/x86_64-linux-gnu/libc.so.6(+0x29d90) [0x78f25e6a6d90]
 --- /lib/x86_64-linux-gnu/libc.so.6(__libc_start_main+0x80) [0x78f25e6a6e40]
 --- .venv/bin/python3(+0x34616b) [0x5f001a14216b]

2d	lwt2d+ilwt2d_roundtrip	coif3	antireflect	Medium	ttnn	42.7863	0.0427863	nan	0.0	False	TT_FATAL @ /home/user/tt-wavelet/tt-metal/tt_metal/impl/program/program.cpp:2752: state.offset <= max_size
info:
Program size (75008) too large for kernel config buffer (70656) on TENSIX
backtrace:
 --- /home/user/tt-wavelet/build/tt-metal/tt_metal/libtt_metal.so(+0x9b44ab) [0x78f10a8ae4ab]
 --- /home/user/tt-wavelet/build/tt-metal/tt_metal/libtt_metal.so(_ZN2tt8tt_metal6detail11ProgramImpl24finalize_program_offsetsEN4ttsl10StrongTypeIiNS0_12ContextIdTagEEEPNS0_7IDeviceERKSt8functionIFRSt13unordered_mapIjSt10shared_ptrINS0_6KernelEESt4hashIjESt8equal_toIjESaISt4pairIKjSD_EEEjEERKS9_IFRSt6vectorISB_INS0_11KernelGroupEESaISU_EEjEERKS9_IFRKSS_INS0_9SemaphoreESaIS12_EEvEESt4spanIPS2_Lm18446744073709551615EE+0xa7b) [0x78f10a892c1b]
 --- tt::tt_metal::distributed::MeshWorkloadImpl::finalize_offsets(tt::tt_metal::distributed::MeshDevice*)
 --- tt::tt_metal::distributed::MeshWorkloadImpl::compile(tt::tt_metal::distributed::MeshDevice*)
 --- tt::tt_metal::distributed::EnqueueMeshWorkload(tt::tt_metal::distributed::MeshCommandQueue&, tt::tt_metal::distributed::MeshWorkload&, bool)
 --- /home/user/tt-metal/build/lib/_ttnncpp.so(_ZN4ttnn16device_operation6detail21enqueue_mesh_workloadITkNS0_36DeviceOperationWithMeshDeviceAdapterENS0_26MeshDeviceOperationAdapterINS_4prim20Lwt2DDeviceOperationEEEEEvRKNT_22operation_attributes_tERKNS7_13tensor_args_tERNS7_21tensor_return_value_tEPN2tt8tt_metal11distributed10MeshDeviceERNSI_12MeshWorkloadEb+0x284) [0x78f10c7c56c4]
 --- /home/user/tt-metal/build/lib/_ttnncpp.so(+0x14603f3) [0x78f10c7c63f3]
 --- /home/user/tt-metal/build/lib/_ttnncpp.so(_ZN4ttnn16device_operation6detail29launch_operation_with_adapterITkNS0_36DeviceOperationWithMeshDeviceAdapterENS0_26MeshDeviceOperationAdapterINS_4prim20Lwt2DDeviceOperationEEEEEvRKNT_22operation_attributes_tERKNS7_13tensor_args_tERNS7_21tensor_return_value_tEPN2tt8tt_metal11distributed10MeshDeviceE+0x245) [0x78f10c7c2275]
 --- /home/user/tt-metal/build/lib/_ttnncpp.so(_ZN4ttnn16device_operation6detail6launchITkNS0_22DeviceOperationConceptENS_4prim20Lwt2DDeviceOperationEEENT_21tensor_return_value_tERKNS5_22operation_attributes_tERKNS5_13tensor_args_tE+0x3aa) [0x78f10c78e77a]
 --- ttnn::prim::lwt_2d(ttnn::Tensor const&, ttnn::operations::wavelet::SchemeId, ttnn::operations::wavelet::BoundaryMode, tt::tt_metal::MemoryConfig const&, std::optional<std::array<ttnn::Tensor, 4ul> > const&)
 --- ttnn::dwt_2d(ttnn::Tensor const&, std::basic_string_view<char, std::char_traits<char> >, std::basic_string_view<char, std::char_traits<char> >, std::optional<tt::tt_metal::MemoryConfig> const&, std::optional<std::array<ttnn::Tensor, 4ul> > const&)
 --- /home/user/tt-wavelet/tt-metal/ttnn/ttnn/_ttnn.so(+0x6e6f2d) [0x78f10de48f2d]
 --- /home/user/tt-wavelet/tt-metal/ttnn/ttnn/_ttnn.so(+0x3591e5) [0x78f10dabb1e5]
 --- .venv/bin/python3(_PyObject_Call_Prepend+0x115) [0x5f001a16ac65]
 --- .venv/bin/python3(+0x3a2b46) [0x5f001a19eb46]
 --- .venv/bin/python3(_PyEval_EvalFrameDefault+0xa16c) [0x5f001a0cc87c]
 --- .venv/bin/python3(_PyFunction_Vectorcall+0x202) [0x5f001a06d352]
 --- .venv/bin/python3(_PyObject_Call_Prepend+0x115) [0x5f001a16ac65]
 --- .venv/bin/python3(+0x3a2b46) [0x5f001a19eb46]
 --- .venv/bin/python3(+0x2fd2a2) [0x5f001a0f92a2]
 --- .venv/bin/python3(_PyEval_EvalFrameDefault+0x3eef) [0x5f001a0c65ff]
 --- .venv/bin/python3(_PyFunction_Vectorcall+0x202) [0x5f001a06d352]
 --- .venv/bin/python3(+0x2fd0b9) [0x5f001a0f90b9]
 --- .venv/bin/python3(_PyEval_EvalFrameDefault+0x4068) [0x5f001a0c6778]
 --- .venv/bin/python3(_PyFunction_Vectorcall+0x202) [0x5f001a06d352]
 --- .venv/bin/python3(+0x2fd0b9) [0x5f001a0f90b9]
 --- .venv/bin/python3(_PyEval_EvalFrameDefault+0x4068) [0x5f001a0c6778]
 --- .venv/bin/python3(+0x3d4a54) [0x5f001a1d0a54]
 --- .venv/bin/python3(+0x40a643) [0x5f001a206643]
 --- .venv/bin/python3(+0x1b35b2) [0x5f0019faf5b2]
 --- .venv/bin/python3(_PyRun_SimpleFileObject+0x109) [0x5f0019faf0e9]
 --- .venv/bin/python3(_PyRun_AnyFileObject+0xa5) [0x5f0019faeae5]
 --- .venv/bin/python3(+0x1bcda9) [0x5f0019fb8da9]
 --- .venv/bin/python3(+0x1bc912) [0x5f0019fb8912]
 --- .venv/bin/python3(Py_RunMain+0x680) [0x5f001a212030]
 --- .venv/bin/python3(+0x148028) [0x5f0019f44028]
 --- /lib/x86_64-linux-gnu/libc.so.6(+0x29d90) [0x78f25e6a6d90]
 --- /lib/x86_64-linux-gnu/libc.so.6(__libc_start_main+0x80) [0x78f25e6a6e40]
 --- .venv/bin/python3(+0x34616b) [0x5f001a14216b]

2d	lwt2d+ilwt2d_roundtrip	coif4	symmetric	Medium	ttnn	14.799	0.014799	5.960464477539062e-07	0.9999999999999756	True	
2d	lwt2d+ilwt2d_roundtrip	coif4	zero	Medium	ttnn	14.799	0.014799	2.205371856689453e-06	0.9999999999999524	True	
2d	lwt2d+ilwt2d_roundtrip	coif4	constant	Medium	ttnn	14.799	0.014799	7.748603820800781e-07	0.9999999999999746	True	
2d	lwt2d+ilwt2d_roundtrip	coif4	periodic	Medium	ttnn	14.799	0.014799	8.344650268554688e-07	0.999999999999973	True	
2d	lwt2d+ilwt2d_roundtrip	coif4	antisymmetric	Medium	ttnn	14.799	0.014799	1.9669532775878906e-06	0.9999999999999466	True	
2d	lwt2d+ilwt2d_roundtrip	coif4	smooth	Medium	ttnn	14.799	0.014799	6.556510925292969e-07	0.9999999999999745	True	
2d	lwt2d+ilwt2d_roundtrip	coif4	reflect	Medium	ttnn	14.799	0.014799	1.0132789611816406e-06	0.9999999999999711	True	
2d	lwt2d+ilwt2d_roundtrip	coif4	antireflect	Medium	ttnn	14.799	0.014799	5.960464477539062e-07	0.999999999999975	True	
2d	lwt2d+ilwt2d_roundtrip	coif5	symmetric	Large / Sensitive	ttnn	283.731	1.418655	0.0003713369369506836	0.9999999907208096	True	
2d	lwt2d+ilwt2d_roundtrip	coif5	zero	Large / Sensitive	ttnn	283.731	1.418655	0.0003216862678527832	0.9999999918445053	True	
2d	lwt2d+ilwt2d_roundtrip	coif5	constant	Large / Sensitive	ttnn	283.731	1.418655	0.00030928850173950195	0.9999999902345338	True	
2d	lwt2d+ilwt2d_roundtrip	coif5	periodic	Large / Sensitive	ttnn	283.731	1.418655	0.00033229589462280273	0.9999999902377507	True	
2d	lwt2d+ilwt2d_roundtrip	coif5	antisymmetric	Large / Sensitive	ttnn	283.731	1.418655	0.00029927492141723633	0.9999999900311602	True	
2d	lwt2d+ilwt2d_roundtrip	coif5	smooth	Large / Sensitive	ttnn	283.731	1.418655	0.0005624890327453613	0.9999999872509403	True	
2d	lwt2d+ilwt2d_roundtrip	coif5	reflect	Large / Sensitive	ttnn	283.731	1.418655	0.00030744075775146484	0.9999999907287067	True	
2d	lwt2d+ilwt2d_roundtrip	coif5	antireflect	Large / Sensitive	ttnn	283.731	1.418655	0.00036710500717163086	0.9999999894470707	True	
2d	lwt2d+ilwt2d_roundtrip	coif6	symmetric	Large / Sensitive	ttnn	93.4704	0.467352	3.159046173095703e-06	0.9999999999998257	True	
2d	lwt2d+ilwt2d_roundtrip	coif6	zero	Large / Sensitive	ttnn	93.4704	0.467352	1.4439225196838379e-05	0.999999999998294	True	
2d	lwt2d+ilwt2d_roundtrip	coif6	constant	Large / Sensitive	ttnn	93.4704	0.467352	5.0961971282958984e-06	0.99999999999968	True	
2d	lwt2d+ilwt2d_roundtrip	coif6	periodic	Large / Sensitive	ttnn	93.4704	0.467352	7.18235969543457e-06	0.9999999999996942	True	
2d	lwt2d+ilwt2d_roundtrip	coif6	antisymmetric	Large / Sensitive	ttnn	93.4704	0.467352	4.267692565917969e-05	0.9999999999892295	True	
2d	lwt2d+ilwt2d_roundtrip	coif6	smooth	Large / Sensitive	ttnn	93.4704	0.467352	8.344650268554688e-07	0.9999999999999474	True	
2d	lwt2d+ilwt2d_roundtrip	coif6	reflect	Large / Sensitive	ttnn	93.4704	0.467352	8.016824722290039e-06	0.9999999999992755	True	
2d	lwt2d+ilwt2d_roundtrip	coif6	antireflect	Large / Sensitive	ttnn	93.4704	0.467352	8.344650268554688e-07	0.99999999999995	True	
2d	lwt2d+ilwt2d_roundtrip	coif7	symmetric	Large / Sensitive	ttnn	1724.88	8.624400000000001	0.006983160972595215	0.9999970291859558	True	
2d	lwt2d+ilwt2d_roundtrip	coif7	zero	Large / Sensitive	ttnn	1724.88	8.624400000000001	0.0067511796951293945	0.9999974664654887	True	
2d	lwt2d+ilwt2d_roundtrip	coif7	constant	Large / Sensitive	ttnn	1724.88	8.624400000000001	0.007620811462402344	0.9999970719060854	True	
2d	lwt2d+ilwt2d_roundtrip	coif7	periodic	Large / Sensitive	ttnn	1724.88	8.624400000000001	0.007142186164855957	0.9999970141081206	True	
2d	lwt2d+ilwt2d_roundtrip	coif7	antisymmetric	Large / Sensitive	ttnn	1724.88	8.624400000000001	0.0065552592277526855	0.9999970127541797	True	
2d	lwt2d+ilwt2d_roundtrip	coif7	smooth	Large / Sensitive	ttnn	1724.88	8.624400000000001	0.020170439034700394	0.9999935045667905	True	
2d	lwt2d+ilwt2d_roundtrip	coif7	reflect	Large / Sensitive	ttnn	1724.88	8.624400000000001	0.0075151920318603516	0.9999969603651228	True	
2d	lwt2d+ilwt2d_roundtrip	coif7	antireflect	Large / Sensitive	ttnn	1724.88	8.624400000000001	0.012267649173736572	0.9999951640399284	True	
2d	lwt2d+ilwt2d_roundtrip	coif8	symmetric	Large / Sensitive	ttnn	828.314	4.14157	4.3720006942749023e-05	0.9999999999796361	True	
2d	lwt2d+ilwt2d_roundtrip	coif8	zero	Large / Sensitive	ttnn	828.314	4.14157	0.0001913309097290039	0.9999999996551999	True	
2d	lwt2d+ilwt2d_roundtrip	coif8	constant	Large / Sensitive	ttnn	828.314	4.14157	4.118680953979492e-05	0.999999999982288	True	
2d	lwt2d+ilwt2d_roundtrip	coif8	periodic	Large / Sensitive	ttnn	828.314	4.14157	9.894371032714844e-05	0.9999999999461002	True	
2d	lwt2d+ilwt2d_roundtrip	coif8	antisymmetric	Large / Sensitive	ttnn	828.314	4.14157	0.00039499998092651367	0.9999999982088382	True	
2d	lwt2d+ilwt2d_roundtrip	coif8	smooth	Large / Sensitive	ttnn	828.314	4.14157	3.4570693969726562e-06	0.999999999999752	True	
2d	lwt2d+ilwt2d_roundtrip	coif8	reflect	Large / Sensitive	ttnn	828.314	4.14157	0.000118255615234375	0.9999999999213474	True	
2d	lwt2d+ilwt2d_roundtrip	coif8	antireflect	Large / Sensitive	ttnn	828.314	4.14157	1.6093254089355469e-06	0.9999999999998295	True	
2d	lwt2d+ilwt2d_roundtrip	coif9	symmetric	Large / Sensitive	ttnn	306199	1530.9950000000001	0.09055989980697632	0.9990205154605063	True	
2d	lwt2d+ilwt2d_roundtrip	coif9	zero	Large / Sensitive	ttnn	306199	1530.9950000000001	0.08418380469083767	0.9993185550432963	True	
2d	lwt2d+ilwt2d_roundtrip	coif9	constant	Large / Sensitive	ttnn	306199	1530.9950000000001	0.11043322086334229	0.9990447525550571	True	
2d	lwt2d+ilwt2d_roundtrip	coif9	periodic	Large / Sensitive	ttnn	306199	1530.9950000000001	0.09912991523742676	0.9990536067071212	True	
2d	lwt2d+ilwt2d_roundtrip	coif9	antisymmetric	Large / Sensitive	ttnn	306199	1530.9950000000001	0.10650080442428589	0.9990144523547466	True	
2d	lwt2d+ilwt2d_roundtrip	coif9	smooth	Large / Sensitive	ttnn	306199	1530.9950000000001	0.47983402013778687	0.996137043904448	True	
2d	lwt2d+ilwt2d_roundtrip	coif9	reflect	Large / Sensitive	ttnn	306199	1530.9950000000001	0.09072870016098022	0.9990601148372134	True	
2d	lwt2d+ilwt2d_roundtrip	coif9	antireflect	Large / Sensitive	ttnn	306199	1530.9950000000001	0.15548175573349	0.9983061825923778	True	
2d	lwt2d+ilwt2d_roundtrip	db1	symmetric	Compact	ttnn	1.41421	0.000141421	1.7881393432617188e-07	0.9999999999999981	True	
2d	lwt2d+ilwt2d_roundtrip	db1	zero	Compact	ttnn	1.41421	0.000141421	1.7881393432617188e-07	0.9999999999999981	True	
2d	lwt2d+ilwt2d_roundtrip	db1	constant	Compact	ttnn	1.41421	0.000141421	1.7881393432617188e-07	0.9999999999999981	True	
2d	lwt2d+ilwt2d_roundtrip	db1	periodic	Compact	ttnn	1.41421	0.000141421	1.7881393432617188e-07	0.9999999999999981	True	
2d	lwt2d+ilwt2d_roundtrip	db1	antisymmetric	Compact	ttnn	1.41421	0.000141421	1.7881393432617188e-07	0.9999999999999981	True	
2d	lwt2d+ilwt2d_roundtrip	db1	smooth	Compact	ttnn	1.41421	0.000141421	1.7881393432617188e-07	0.9999999999999981	True	
2d	lwt2d+ilwt2d_roundtrip	db1	reflect	Compact	ttnn	1.41421	0.000141421	1.7881393432617188e-07	0.9999999999999981	True	
2d	lwt2d+ilwt2d_roundtrip	db1	antireflect	Compact	ttnn	1.41421	0.000141421	1.7881393432617188e-07	0.9999999999999981	True	
2d	lwt2d+ilwt2d_roundtrip	db10	symmetric	Medium	ttnn	21.6996	0.0216996	5.662441253662109e-07	0.9999999999999871	True	
2d	lwt2d+ilwt2d_roundtrip	db10	zero	Medium	ttnn	21.6996	0.0216996	3.3173710107803345e-06	0.9999999999997864	True	
2d	lwt2d+ilwt2d_roundtrip	db10	constant	Medium	ttnn	21.6996	0.0216996	5.513429641723633e-07	0.9999999999999873	True	
2d	lwt2d+ilwt2d_roundtrip	db10	periodic	Medium	ttnn	21.6996	0.0216996	1.3709068298339844e-06	0.9999999999999618	True	
2d	lwt2d+ilwt2d_roundtrip	db10	antisymmetric	Medium	ttnn	21.6996	0.0216996	7.569789886474609e-06	0.9999999999990798	True	
2d	lwt2d+ilwt2d_roundtrip	db10	smooth	Medium	ttnn	21.6996	0.0216996	4.172325134277344e-07	0.9999999999999909	True	
2d	lwt2d+ilwt2d_roundtrip	db10	reflect	Medium	ttnn	21.6996	0.0216996	1.1622905731201172e-06	0.9999999999999722	True	
2d	lwt2d+ilwt2d_roundtrip	db10	antireflect	Medium	ttnn	21.6996	0.0216996	3.5762786865234375e-07	0.9999999999999911	True	
2d	lwt2d+ilwt2d_roundtrip	db11	symmetric	Medium	ttnn	1039.05	1.03905	0.000704348087310791	0.9999999657504918	True	
2d	lwt2d+ilwt2d_roundtrip	db11	zero	Medium	ttnn	1039.05	1.03905	0.0006490051746368408	0.9999999751217038	True	
2d	lwt2d+ilwt2d_roundtrip	db11	constant	Medium	ttnn	1039.05	1.03905	0.0006832480430603027	0.9999999672955128	True	
2d	lwt2d+ilwt2d_roundtrip	db11	periodic	Medium	ttnn	1039.05	1.03905	0.000704348087310791	0.9999999661583177	True	
2d	lwt2d+ilwt2d_roundtrip	db11	antisymmetric	Medium	ttnn	1039.05	1.03905	0.0006490051746368408	0.999999966988794	True	
2d	lwt2d+ilwt2d_roundtrip	db11	smooth	Medium	ttnn	1039.05	1.03905	0.001446366310119629	0.999999901004249	True	
2d	lwt2d+ilwt2d_roundtrip	db11	reflect	Medium	ttnn	1039.05	1.03905	0.0006490051746368408	0.9999999654973898	True	
2d	lwt2d+ilwt2d_roundtrip	db11	antireflect	Medium	ttnn	1039.05	1.03905	0.0008476972579956055	0.9999999404512522	True	
2d	lwt2d+ilwt2d_roundtrip	db12	symmetric	Medium	ttnn	43.1261	0.0431261	1.5497207641601562e-06	0.999999999999948	True	
2d	lwt2d+ilwt2d_roundtrip	db12	zero	Medium	ttnn	43.1261	0.0431261	1.5556812286376953e-05	0.9999999999972009	True	
2d	lwt2d+ilwt2d_roundtrip	db12	constant	Medium	ttnn	43.1261	0.0431261	2.682209014892578e-06	0.9999999999998623	True	
2d	lwt2d+ilwt2d_roundtrip	db12	periodic	Medium	ttnn	43.1261	0.0431261	4.708766937255859e-06	0.9999999999997184	True	
2d	lwt2d+ilwt2d_roundtrip	db12	antisymmetric	Medium	ttnn	43.1261	0.0431261	2.7954578399658203e-05	0.9999999999917835	True	
2d	lwt2d+ilwt2d_roundtrip	db12	smooth	Medium	ttnn	43.1261	0.0431261	4.76837158203125e-07	0.9999999999999882	True	
2d	lwt2d+ilwt2d_roundtrip	db12	reflect	Medium	ttnn	43.1261	0.0431261	5.304813385009766e-06	0.9999999999994879	True	
2d	lwt2d+ilwt2d_roundtrip	db12	antireflect	Medium	ttnn	43.1261	0.0431261	4.172325134277344e-07	0.9999999999999876	True	
2d	lwt2d+ilwt2d_roundtrip	db13	symmetric	Large / Sensitive	ttnn	2596.18	12.9809	0.002597033977508545	0.9999993518052551	True	
2d	lwt2d+ilwt2d_roundtrip	db13	zero	Large / Sensitive	ttnn	2596.18	12.9809	0.003159463405609131	0.9999995259577278	True	
2d	lwt2d+ilwt2d_roundtrip	db13	constant	Large / Sensitive	ttnn	2596.18	12.9809	0.0028716325759887695	0.9999993368126657	True	
2d	lwt2d+ilwt2d_roundtrip	db13	periodic	Large / Sensitive	ttnn	2596.18	12.9809	0.002674579620361328	0.9999993197501794	True	
2d	lwt2d+ilwt2d_roundtrip	db13	antisymmetric	Large / Sensitive	ttnn	2596.18	12.9809	0.0028594136238098145	0.9999993354724098	True	
2d	lwt2d+ilwt2d_roundtrip	db13	smooth	Large / Sensitive	ttnn	2596.18	12.9809	0.010373979806900024	0.9999966753304463	True	
2d	lwt2d+ilwt2d_roundtrip	db13	reflect	Large / Sensitive	ttnn	2596.18	12.9809	0.002706468105316162	0.9999993874685884	True	
2d	lwt2d+ilwt2d_roundtrip	db13	antireflect	Large / Sensitive	ttnn	2596.18	12.9809	0.004919528961181641	0.9999986884339004	True	
2d	lwt2d+ilwt2d_roundtrip	db14	symmetric	Large / Sensitive	ttnn	85.6274	0.428137	1.1920928955078125e-05	0.9999999999982997	True	
2d	lwt2d+ilwt2d_roundtrip	db14	zero	Large / Sensitive	ttnn	85.6274	0.428137	5.328655242919922e-05	0.99999999997837	True	
2d	lwt2d+ilwt2d_roundtrip	db14	constant	Large / Sensitive	ttnn	85.6274	0.428137	9.059906005859375e-06	0.9999999999985865	True	
2d	lwt2d+ilwt2d_roundtrip	db14	periodic	Large / Sensitive	ttnn	85.6274	0.428137	2.09808349609375e-05	0.9999999999964495	True	
2d	lwt2d+ilwt2d_roundtrip	db14	antisymmetric	Large / Sensitive	ttnn	85.6274	0.428137	0.00010120868682861328	0.9999999999143185	True	
2d	lwt2d+ilwt2d_roundtrip	db14	smooth	Large / Sensitive	ttnn	85.6274	0.428137	7.748603820800781e-07	0.9999999999999776	True	
2d	lwt2d+ilwt2d_roundtrip	db14	reflect	Large / Sensitive	ttnn	85.6274	0.428137	1.901388168334961e-05	0.9999999999941667	True	
2d	lwt2d+ilwt2d_roundtrip	db14	antireflect	Large / Sensitive	ttnn	85.6274	0.428137	5.960464477539062e-07	0.9999999999999835	True	
2d	lwt2d+ilwt2d_roundtrip	db15	symmetric	Large / Sensitive	ttnn	6283.63	31.41815	0.009980261325836182	0.9999904263191577	True	
2d	lwt2d+ilwt2d_roundtrip	db15	zero	Large / Sensitive	ttnn	6283.63	31.41815	0.009965956211090088	0.9999936458098222	True	
2d	lwt2d+ilwt2d_roundtrip	db15	constant	Large / Sensitive	ttnn	6283.63	31.41815	0.009965956211090088	0.9999913655059013	True	
2d	lwt2d+ilwt2d_roundtrip	db15	periodic	Large / Sensitive	ttnn	6283.63	31.41815	0.009659826755523682	0.9999904835381728	True	
2d	lwt2d+ilwt2d_roundtrip	db15	antisymmetric	Large / Sensitive	ttnn	6283.63	31.41815	0.009665191173553467	0.9999906729910842	True	
2d	lwt2d+ilwt2d_roundtrip	db15	smooth	Large / Sensitive	ttnn	6283.63	31.41815	0.04763677716255188	0.9999320899488718	True	
2d	lwt2d+ilwt2d_roundtrip	db15	reflect	Large / Sensitive	ttnn	6283.63	31.41815	0.010351359844207764	0.9999900851239342	True	
2d	lwt2d+ilwt2d_roundtrip	db15	antireflect	Large / Sensitive	ttnn	6283.63	31.41815	0.02093982696533203	0.9999772159233736	True	
2d	lwt2d+ilwt2d_roundtrip	db16	symmetric	Large / Sensitive	ttnn	170.158	0.8507899999999999	3.1828880310058594e-05	0.9999999999242288	True	
2d	lwt2d+ilwt2d_roundtrip	db16	zero	Large / Sensitive	ttnn	170.158	0.8507899999999999	0.00020074844360351562	0.9999999996175023	True	
2d	lwt2d+ilwt2d_roundtrip	db16	constant	Large / Sensitive	ttnn	170.158	0.8507899999999999	3.851251676629672e-05	0.9999999999366238	True	
2d	lwt2d+ilwt2d_roundtrip	db16	periodic	Large / Sensitive	ttnn	170.158	0.8507899999999999	5.340133793696192e-05	0.9999999999068204	True	
2d	lwt2d+ilwt2d_roundtrip	db16	antisymmetric	Large / Sensitive	ttnn	170.158	0.8507899999999999	0.00018227100372314453	0.999999999056147	True	
2d	lwt2d+ilwt2d_roundtrip	db16	smooth	Large / Sensitive	ttnn	170.158	0.8507899999999999	0.0001432835124426136	0.9999999996159236	True	
2d	lwt2d+ilwt2d_roundtrip	db16	reflect	Large / Sensitive	ttnn	170.158	0.8507899999999999	3.94259113822921e-05	0.9999999999220002	True	
2d	lwt2d+ilwt2d_roundtrip	db16	antireflect	Large / Sensitive	ttnn	170.158	0.8507899999999999	5.316734313964844e-05	0.9999999998432099	True	
2d	lwt2d+ilwt2d_roundtrip	db17	symmetric	Large / Sensitive	ttnn	15893.3	79.4665	0.05543893575668335	0.9997407180748159	True	
2d	lwt2d+ilwt2d_roundtrip	db17	zero	Large / Sensitive	ttnn	15893.3	79.4665	0.04965516924858093	0.9998468577478467	True	
2d	lwt2d+ilwt2d_roundtrip	db17	constant	Large / Sensitive	ttnn	15893.3	79.4665	0.06493252515792847	0.9997462022030663	True	
2d	lwt2d+ilwt2d_roundtrip	db17	periodic	Large / Sensitive	ttnn	15893.3	79.4665	0.04724983870983124	0.999748548181968	True	
2d	lwt2d+ilwt2d_roundtrip	db17	antisymmetric	Large / Sensitive	ttnn	15893.3	79.4665	0.04655111208558154	0.9997290514563139	True	
2d	lwt2d+ilwt2d_roundtrip	db17	smooth	Large / Sensitive	ttnn	15893.3	79.4665	0.3151130676269531	0.9978493319644993	True	
2d	lwt2d+ilwt2d_roundtrip	db17	reflect	Large / Sensitive	ttnn	15893.3	79.4665	0.04546278715133667	0.9997392509038646	True	
2d	lwt2d+ilwt2d_roundtrip	db17	antireflect	Large / Sensitive	ttnn	15893.3	79.4665	0.11613047122955322	0.9993762954192691	True	
2d	lwt2d+ilwt2d_roundtrip	db18	symmetric	Large / Sensitive	ttnn	487.219	2.436095	0.0002982020378112793	0.9999999874448944	True	
2d	lwt2d+ilwt2d_roundtrip	db18	zero	Large / Sensitive	ttnn	487.219	2.436095	0.00043150782585144043	0.9999999880779767	True	
2d	lwt2d+ilwt2d_roundtrip	db18	constant	Large / Sensitive	ttnn	487.219	2.436095	0.0003173947334289551	0.9999999876318544	True	
2d	lwt2d+ilwt2d_roundtrip	db18	periodic	Large / Sensitive	ttnn	487.219	2.436095	0.0003784298896789551	0.9999999856142905	True	
2d	lwt2d+ilwt2d_roundtrip	db18	antisymmetric	Large / Sensitive	ttnn	487.219	2.436095	0.0008902847766876221	0.9999999706241609	True	
2d	lwt2d+ilwt2d_roundtrip	db18	smooth	Large / Sensitive	ttnn	487.219	2.436095	0.002323627471923828	0.9999998780286184	True	
2d	lwt2d+ilwt2d_roundtrip	db18	reflect	Large / Sensitive	ttnn	487.219	2.436095	0.00038508884608793047	0.9999999881421832	True	
2d	lwt2d+ilwt2d_roundtrip	db18	antireflect	Large / Sensitive	ttnn	487.219	2.436095	0.0007988214492797852	0.9999999612035668	True	
2d	lwt2d+ilwt2d_roundtrip	db19	symmetric	Large / Sensitive	ttnn	105101	525.505	0.1965179443359375	0.996107928806408	True	
2d	lwt2d+ilwt2d_roundtrip	db19	zero	Large / Sensitive	ttnn	105101	525.505	0.1841113567352295	0.9978118158430977	True	
2d	lwt2d+ilwt2d_roundtrip	db19	constant	Large / Sensitive	ttnn	105101	525.505	0.20134681463241577	0.996621015779051	True	
2d	lwt2d+ilwt2d_roundtrip	db19	periodic	Large / Sensitive	ttnn	105101	525.505	0.24853470921516418	0.9957058499732925	True	
2d	lwt2d+ilwt2d_roundtrip	db19	antisymmetric	Large / Sensitive	ttnn	105101	525.505	0.22563278675079346	0.9958487680286324	True	
2d	lwt2d+ilwt2d_roundtrip	db19	smooth	Large / Sensitive	ttnn	105101	525.505	1.40120130777359	0.9470145281028858	True	
2d	lwt2d+ilwt2d_roundtrip	db19	reflect	Large / Sensitive	ttnn	105101	525.505	0.25069093704223633	0.9961307715266915	True	
2d	lwt2d+ilwt2d_roundtrip	db19	antireflect	Large / Sensitive	ttnn	105101	525.505	0.4627993106842041	0.9895965075381998	True	
2d	lwt2d+ilwt2d_roundtrip	db2	symmetric	Compact	ttnn	1.11536	0.000111536	2.384185791015625e-07	0.9999999999999989	True	
2d	lwt2d+ilwt2d_roundtrip	db2	zero	Compact	ttnn	1.11536	0.000111536	2.384185791015625e-07	0.9999999999999987	True	
2d	lwt2d+ilwt2d_roundtrip	db2	constant	Compact	ttnn	1.11536	0.000111536	2.384185791015625e-07	0.9999999999999984	True	
2d	lwt2d+ilwt2d_roundtrip	db2	periodic	Compact	ttnn	1.11536	0.000111536	2.384185791015625e-07	0.999999999999999	True	
2d	lwt2d+ilwt2d_roundtrip	db2	antisymmetric	Compact	ttnn	1.11536	0.000111536	2.384185791015625e-07	0.9999999999999983	True	
2d	lwt2d+ilwt2d_roundtrip	db2	smooth	Compact	ttnn	1.11536	0.000111536	2.384185791015625e-07	0.9999999999999987	True	
2d	lwt2d+ilwt2d_roundtrip	db2	reflect	Compact	ttnn	1.11536	0.000111536	2.384185791015625e-07	0.9999999999999991	True	
2d	lwt2d+ilwt2d_roundtrip	db2	antireflect	Compact	ttnn	1.11536	0.000111536	2.384185791015625e-07	0.9999999999999992	True	
2d	lwt2d+ilwt2d_roundtrip	db20	symmetric	Large / Sensitive	ttnn	609.252	3.0462599999999997	0.0013220608234405518	0.9999998376013982	True	
2d	lwt2d+ilwt2d_roundtrip	db20	zero	Large / Sensitive	ttnn	609.252	3.0462599999999997	0.0019433200359344482	0.9999998371677581	True	
2d	lwt2d+ilwt2d_roundtrip	db20	constant	Large / Sensitive	ttnn	609.252	3.0462599999999997	0.0017060637474060059	0.9999998454237042	True	
2d	lwt2d+ilwt2d_roundtrip	db20	periodic	Large / Sensitive	ttnn	609.252	3.0462599999999997	0.0014609694480895996	0.9999998324724352	True	
2d	lwt2d+ilwt2d_roundtrip	db20	antisymmetric	Large / Sensitive	ttnn	609.252	3.0462599999999997	0.00249519944190979	0.9999996822490114	True	
2d	lwt2d+ilwt2d_roundtrip	db20	smooth	Large / Sensitive	ttnn	609.252	3.0462599999999997	0.008166581392288208	0.9999980457248387	True	
2d	lwt2d+ilwt2d_roundtrip	db20	reflect	Large / Sensitive	ttnn	609.252	3.0462599999999997	0.0015697469934816716	0.9999998194376231	True	
2d	lwt2d+ilwt2d_roundtrip	db20	antireflect	Large / Sensitive	ttnn	609.252	3.0462599999999997	0.002832472324371338	0.9999995501282497	True	
2d	lwt2d+ilwt2d_roundtrip	db21	symmetric	Large / Sensitive	ttnn	2710.08	13.5504	0.9119257405400276	0.9392895771224166	True	
2d	lwt2d+ilwt2d_roundtrip	db21	zero	Large / Sensitive	ttnn	2710.08	13.5504	0.8893403112888336	0.9662935629806363	True	
2d	lwt2d+ilwt2d_roundtrip	db21	constant	Large / Sensitive	ttnn	2710.08	13.5504	0.9862266778945923	0.9371422781959163	True	
2d	lwt2d+ilwt2d_roundtrip	db21	periodic	Large / Sensitive	ttnn	2710.08	13.5504	1.0291247367858887	0.9433409720063761	True	
2d	lwt2d+ilwt2d_roundtrip	db21	antisymmetric	Large / Sensitive	ttnn	2710.08	13.5504	1.0022906064987183	0.9415309795043632	True	
2d	lwt2d+ilwt2d_roundtrip	db21	smooth	Large / Sensitive	ttnn	2710.08	13.5504	7.223313331604004	0.5216873324136603	True	
2d	lwt2d+ilwt2d_roundtrip	db21	reflect	Large / Sensitive	ttnn	2710.08	13.5504	0.8753840923309326	0.9381086471550053	True	
2d	lwt2d+ilwt2d_roundtrip	db21	antireflect	Large / Sensitive	ttnn	2710.08	13.5504	2.0326748490333557	0.8472643098957253	True	
2d	lwt2d+ilwt2d_roundtrip	db22	symmetric	Large / Sensitive	ttnn	15693.6	78.468	0.00604093074798584	0.9999977308076128	True	
2d	lwt2d+ilwt2d_roundtrip	db22	zero	Large / Sensitive	ttnn	15693.6	78.468	0.004791378974914551	0.9999985509320919	True	
2d	lwt2d+ilwt2d_roundtrip	db22	constant	Large / Sensitive	ttnn	15693.6	78.468	0.006363570690155029	0.9999976867215176	True	
2d	lwt2d+ilwt2d_roundtrip	db22	periodic	Large / Sensitive	ttnn	15693.6	78.468	0.006278634071350098	0.9999974883933	True	
2d	lwt2d+ilwt2d_roundtrip	db22	antisymmetric	Large / Sensitive	ttnn	15693.6	78.468	0.005844175815582275	0.9999968394999182	True	
2d	lwt2d+ilwt2d_roundtrip	db22	smooth	Large / Sensitive	ttnn	15693.6	78.468	0.041334688663482666	0.9999592522926635	True	
2d	lwt2d+ilwt2d_roundtrip	db22	reflect	Large / Sensitive	ttnn	15693.6	78.468	0.004629194736480713	0.9999976743849911	True	
2d	lwt2d+ilwt2d_roundtrip	db22	antireflect	Large / Sensitive	ttnn	15693.6	78.468	0.008768200874328613	0.9999950321267619	True	
2d	lwt2d+ilwt2d_roundtrip	db23	symmetric	Large / Sensitive	ttnn	1207.55	6.03775	3.5480014979839325	0.5324231760140427	True	
2d	lwt2d+ilwt2d_roundtrip	db23	zero	Large / Sensitive	ttnn	1207.55	6.03775	3.019874095916747	0.698732762232045	True	
2d	lwt2d+ilwt2d_roundtrip	db23	constant	Large / Sensitive	ttnn	1207.55	6.03775	3.9802593532949686	0.5536741886675796	True	
2d	lwt2d+ilwt2d_roundtrip	db23	periodic	Large / Sensitive	ttnn	1207.55	6.03775	3.950908064842224	0.5280204632156633	True	
2d	lwt2d+ilwt2d_roundtrip	db23	antisymmetric	Large / Sensitive	ttnn	1207.55	6.03775	4.145107448101044	0.5293433846772879	True	
2d	lwt2d+ilwt2d_roundtrip	db23	smooth	Large / Sensitive	ttnn	1207.55	6.03775	44.28281682729721	0.09855055985147115	False	
2d	lwt2d+ilwt2d_roundtrip	db23	reflect	Large / Sensitive	ttnn	1207.55	6.03775	4.230886369943619	0.516410557860457	True	
2d	lwt2d+ilwt2d_roundtrip	db23	antireflect	Large / Sensitive	ttnn	1207.55	6.03775	7.020029008388519	0.3510174993594972	False	
2d	lwt2d+ilwt2d_roundtrip	db24	symmetric	Large / Sensitive	ttnn	840.317	4.201585	0.015585184097290039	0.9999752882216841	True	
2d	lwt2d+ilwt2d_roundtrip	db24	zero	Large / Sensitive	ttnn	840.317	4.201585	0.014747381210327148	0.9999823792925344	True	
2d	lwt2d+ilwt2d_roundtrip	db24	constant	Large / Sensitive	ttnn	840.317	4.201585	0.015026718378067017	0.9999782257668465	True	
2d	lwt2d+ilwt2d_roundtrip	db24	periodic	Large / Sensitive	ttnn	840.317	4.201585	0.0173531174659729	0.9999736884806517	True	
2d	lwt2d+ilwt2d_roundtrip	db24	antisymmetric	Large / Sensitive	ttnn	840.317	4.201585	0.038017094135284424	0.9999418677562005	True	
2d	lwt2d+ilwt2d_roundtrip	db24	smooth	Large / Sensitive	ttnn	840.317	4.201585	0.13765457272529533	0.9994044734433256	True	
2d	lwt2d+ilwt2d_roundtrip	db24	reflect	Large / Sensitive	ttnn	840.317	4.201585	0.015122458338737488	0.9999761339323704	True	
2d	lwt2d+ilwt2d_roundtrip	db24	antireflect	Large / Sensitive	ttnn	840.317	4.201585	0.03238383121788502	0.9999341957333884	True	
2d	lwt2d+ilwt2d_roundtrip	db25	symmetric	Large / Sensitive	ttnn	6606.6	33.033	71.36591590940952	0.03440382047945176	False	
2d	lwt2d+ilwt2d_roundtrip	db25	zero	Large / Sensitive	ttnn	6606.6	33.033	63.462833404541016	0.07914425348776041	False	
2d	lwt2d+ilwt2d_roundtrip	db25	constant	Large / Sensitive	ttnn	6606.6	33.033	91.95702335610986	0.043335034814107824	False	
2d	lwt2d+ilwt2d_roundtrip	db25	periodic	Large / Sensitive	ttnn	6606.6	33.033	69.22436775267124	0.03469503549579776	False	
2d	lwt2d+ilwt2d_roundtrip	db25	antisymmetric	Large / Sensitive	ttnn	6606.6	33.033	85.8214880861342	0.03591373365394146	False	
2d	lwt2d+ilwt2d_roundtrip	db25	smooth	Large / Sensitive	ttnn	6606.6	33.033	1240.3185043632984	0.0030990565909152635	False	
2d	lwt2d+ilwt2d_roundtrip	db25	reflect	Large / Sensitive	ttnn	6606.6	33.033	65.24054672941566	0.03625736446916291	False	
2d	lwt2d+ilwt2d_roundtrip	db25	antireflect	Large / Sensitive	ttnn	6606.6	33.033	190.47494506835938	0.017329274023174007	False	
2d	lwt2d+ilwt2d_roundtrip	db26	symmetric	Large / Sensitive	ttnn	55897.7	279.4885	0.047808825969696045	0.9997067757460094	True	
2d	lwt2d+ilwt2d_roundtrip	db26	zero	Large / Sensitive	ttnn	55897.7	279.4885	0.07520830631256104	0.9996877523994033	True	
2d	lwt2d+ilwt2d_roundtrip	db26	constant	Large / Sensitive	ttnn	55897.7	279.4885	0.045494139194488525	0.9997674441088236	True	
2d	lwt2d+ilwt2d_roundtrip	db26	periodic	Large / Sensitive	ttnn	55897.7	279.4885	0.060829561203718185	0.9996907054307467	True	
2d	lwt2d+ilwt2d_roundtrip	db26	antisymmetric	Large / Sensitive	ttnn	55897.7	279.4885	0.18351304531097412	0.9989616561081988	True	
2d	lwt2d+ilwt2d_roundtrip	db26	smooth	Large / Sensitive	ttnn	55897.7	279.4885	0.4330136477947235	0.9906732448096764	True	
2d	lwt2d+ilwt2d_roundtrip	db26	reflect	Large / Sensitive	ttnn	55897.7	279.4885	0.06149202585220337	0.9996754516950184	True	
2d	lwt2d+ilwt2d_roundtrip	db26	antireflect	Large / Sensitive	ttnn	55897.7	279.4885	0.10109896957874298	0.9991210043257341	True	
2d	lwt2d+ilwt2d_roundtrip	db27	symmetric	Large / Sensitive	ttnn	285776	1428.88	719.5657716668211	0.003366178141967343	True	
2d	lwt2d+ilwt2d_roundtrip	db27	zero	Large / Sensitive	ttnn	285776	1428.88	718.8688471019268	0.008430015663009693	True	
2d	lwt2d+ilwt2d_roundtrip	db27	constant	Large / Sensitive	ttnn	285776	1428.88	1116.1604132056236	0.0037775814350534745	True	
2d	lwt2d+ilwt2d_roundtrip	db27	periodic	Large / Sensitive	ttnn	285776	1428.88	708.7749423384666	0.003949958299651027	True	
2d	lwt2d+ilwt2d_roundtrip	db27	antisymmetric	Large / Sensitive	ttnn	285776	1428.88	966.6885567903519	0.003931335061217834	True	
2d	lwt2d+ilwt2d_roundtrip	db27	smooth	Large / Sensitive	ttnn	285776	1428.88	17253.71945953369	0.0004258892337135502	False	
2d	lwt2d+ilwt2d_roundtrip	db27	reflect	Large / Sensitive	ttnn	285776	1428.88	818.2576064765453	0.004089203496220043	True	
2d	lwt2d+ilwt2d_roundtrip	db27	antireflect	Large / Sensitive	ttnn	285776	1428.88	1920.807536125183	0.0020665019360609407	False	
2d	lwt2d+ilwt2d_roundtrip	db28	symmetric	Large / Sensitive	ttnn	13871.4	69.357	0.3880389928817749	0.987169833509286	True	
2d	lwt2d+ilwt2d_roundtrip	db28	zero	Large / Sensitive	ttnn	13871.4	69.357	0.3148868680000305	0.9929722248894703	True	
2d	lwt2d+ilwt2d_roundtrip	db28	constant	Large / Sensitive	ttnn	13871.4	69.357	0.3486051559448242	0.9894337596289837	True	
2d	lwt2d+ilwt2d_roundtrip	db28	periodic	Large / Sensitive	ttnn	13871.4	69.357	0.376548420637846	0.9852544277968511	True	
2d	lwt2d+ilwt2d_roundtrip	db28	antisymmetric	Large / Sensitive	ttnn	13871.4	69.357	0.6919710338115692	0.9768174155397357	True	
2d	lwt2d+ilwt2d_roundtrip	db28	smooth	Large / Sensitive	ttnn	13871.4	69.357	5.06704443693161	0.6327657874038585	True	
2d	lwt2d+ilwt2d_roundtrip	db28	reflect	Large / Sensitive	ttnn	13871.4	69.357	0.312772274017334	0.987305935686724	True	
2d	lwt2d+ilwt2d_roundtrip	db28	antireflect	Large / Sensitive	ttnn	13871.4	69.357	1.1057675927877426	0.9529945506050396	True	
2d	lwt2d+ilwt2d_roundtrip	db29	symmetric	Large / Sensitive	ttnn	2022890.0	10114.45	30468.17011886835	0.0010558454155739836	False	
2d	lwt2d+ilwt2d_roundtrip	db29	zero	Large / Sensitive	ttnn	2022890.0	10114.45	24496.52271169424	0.0004114733354787984	False	
2d	lwt2d+ilwt2d_roundtrip	db29	constant	Large / Sensitive	ttnn	2022890.0	10114.45	35637.52903394401	0.00022141137523570457	False	
2d	lwt2d+ilwt2d_roundtrip	db29	periodic	Large / Sensitive	ttnn	2022890.0	10114.45	32076.436204493046	-0.0017114377453658406	False	
2d	lwt2d+ilwt2d_roundtrip	db29	antisymmetric	Large / Sensitive	ttnn	2022890.0	10114.45	27308.562143862247	-0.0007325900013840452	False	
2d	lwt2d+ilwt2d_roundtrip	db29	smooth	Large / Sensitive	ttnn	2022890.0	10114.45	745756.0878837258	-0.0012122589220226912	False	
2d	lwt2d+ilwt2d_roundtrip	db29	reflect	Large / Sensitive	ttnn	2022890.0	10114.45	30135.734132379293	0.000776204519647246	False	
2d	lwt2d+ilwt2d_roundtrip	db29	antireflect	Large / Sensitive	ttnn	2022890.0	10114.45	108820.77570277452	-0.00016860567530309063	False	
2d	lwt2d+ilwt2d_roundtrip	db3	symmetric	Compact	ttnn	14.932	0.0014932	1.6987323760986328e-06	0.9999999999997966	True	
2d	lwt2d+ilwt2d_roundtrip	db3	zero	Compact	ttnn	14.932	0.0014932	1.6987323760986328e-06	0.9999999999998048	True	
2d	lwt2d+ilwt2d_roundtrip	db3	constant	Compact	ttnn	14.932	0.0014932	1.6987323760986328e-06	0.9999999999997999	True	
2d	lwt2d+ilwt2d_roundtrip	db3	periodic	Compact	ttnn	14.932	0.0014932	1.6987323760986328e-06	0.9999999999997975	True	
2d	lwt2d+ilwt2d_roundtrip	db3	antisymmetric	Compact	ttnn	14.932	0.0014932	1.6987323760986328e-06	0.9999999999997962	True	
2d	lwt2d+ilwt2d_roundtrip	db3	smooth	Compact	ttnn	14.932	0.0014932	1.6987323760986328e-06	0.9999999999997864	True	
2d	lwt2d+ilwt2d_roundtrip	db3	reflect	Compact	ttnn	14.932	0.0014932	1.6987323760986328e-06	0.9999999999997868	True	
2d	lwt2d+ilwt2d_roundtrip	db3	antireflect	Compact	ttnn	14.932	0.0014932	1.6987323760986328e-06	0.9999999999997919	True	
2d	lwt2d+ilwt2d_roundtrip	db30	symmetric	Large / Sensitive	ttnn	132646	663.23	3.2078846096992493	0.7023055968013525	True	
2d	lwt2d+ilwt2d_roundtrip	db30	zero	Large / Sensitive	ttnn	132646	663.23	1.331342875957489	0.9035961855599647	True	
2d	lwt2d+ilwt2d_roundtrip	db30	constant	Large / Sensitive	ttnn	132646	663.23	1.4198209047317505	0.8553478992668099	True	
2d	lwt2d+ilwt2d_roundtrip	db30	periodic	Large / Sensitive	ttnn	132646	663.23	3.8208159804344177	0.7222048554269791	True	
2d	lwt2d+ilwt2d_roundtrip	db30	antisymmetric	Large / Sensitive	ttnn	132646	663.23	2.8053682446479797	0.6961815983867411	True	
2d	lwt2d+ilwt2d_roundtrip	db30	smooth	Large / Sensitive	ttnn	132646	663.23	41.56400924921036	0.08268376021291687	True	
2d	lwt2d+ilwt2d_roundtrip	db30	reflect	Large / Sensitive	ttnn	132646	663.23	2.429694890975952	0.6895730252859895	True	
2d	lwt2d+ilwt2d_roundtrip	db30	antireflect	Large / Sensitive	ttnn	132646	663.23	5.865604370832443	0.4574532667669179	True	
2d	lwt2d+ilwt2d_roundtrip	db31	symmetric	Large / Sensitive	ttnn	57852.8	289.264	313545.15771734715	0.00012622693291637	False	
2d	lwt2d+ilwt2d_roundtrip	db31	zero	Large / Sensitive	ttnn	57852.8	289.264	190867.6332977414	-0.0006026634187568492	False	
2d	lwt2d+ilwt2d_roundtrip	db31	constant	Large / Sensitive	ttnn	57852.8	289.264	432338.2446309179	-9.115661743402854e-05	False	
2d	lwt2d+ilwt2d_roundtrip	db31	periodic	Large / Sensitive	ttnn	57852.8	289.264	438110.21285787225	-0.0006575089264828882	False	
2d	lwt2d+ilwt2d_roundtrip	db31	antisymmetric	Large / Sensitive	ttnn	57852.8	289.264	333838.19942587614	-0.0001682029791412253	False	
2d	lwt2d+ilwt2d_roundtrip	db31	smooth	Large / Sensitive	ttnn	57852.8	289.264	9018898.0	0.0013202782520371683	False	
2d	lwt2d+ilwt2d_roundtrip	db31	reflect	Large / Sensitive	ttnn	57852.8	289.264	338583.7769792676	0.00015773993045158527	False	
2d	lwt2d+ilwt2d_roundtrip	db31	antireflect	Large / Sensitive	ttnn	57852.8	289.264	862453.7195736691	0.000793697268266121	False	
2d	lwt2d+ilwt2d_roundtrip	db32	symmetric	Large / Sensitive	ttnn	2473.4	12.367	26.977646380662918	0.08085163329462294	False	
2d	lwt2d+ilwt2d_roundtrip	db32	zero	Large / Sensitive	ttnn	2473.4	12.367	24.20595321059227	0.22877047209568965	False	
2d	lwt2d+ilwt2d_roundtrip	db32	constant	Large / Sensitive	ttnn	2473.4	12.367	21.734372705221176	0.22280297128601856	False	
2d	lwt2d+ilwt2d_roundtrip	db32	periodic	Large / Sensitive	ttnn	2473.4	12.367	23.14987275004387	0.08977137369847561	False	
2d	lwt2d+ilwt2d_roundtrip	db32	antisymmetric	Large / Sensitive	ttnn	2473.4	12.367	32.66225942969322	0.10178912150829812	False	
2d	lwt2d+ilwt2d_roundtrip	db32	smooth	Large / Sensitive	ttnn	2473.4	12.367	491.4674803316593	0.029315787500398018	False	
2d	lwt2d+ilwt2d_roundtrip	db32	reflect	Large / Sensitive	ttnn	2473.4	12.367	24.055847942829132	0.111547512892937	False	
2d	lwt2d+ilwt2d_roundtrip	db32	antireflect	Large / Sensitive	ttnn	2473.4	12.367	67.14964491128922	0.0523943454302228	False	
2d	lwt2d+ilwt2d_roundtrip	db33	symmetric	Large / Sensitive	ttnn	9281420.0	46407.1	3361235.75	-0.002661905681173515	False	
2d	lwt2d+ilwt2d_roundtrip	db33	zero	Large / Sensitive	ttnn	9281420.0	46407.1	1558178.5680592954	-0.0007641802756810825	False	
2d	lwt2d+ilwt2d_roundtrip	db33	constant	Large / Sensitive	ttnn	9281420.0	46407.1	3292804.25	-0.00045720446144851087	False	
2d	lwt2d+ilwt2d_roundtrip	db33	periodic	Large / Sensitive	ttnn	9281420.0	46407.1	3749945.747096896	-0.00038055647670232745	False	
2d	lwt2d+ilwt2d_roundtrip	db33	antisymmetric	Large / Sensitive	ttnn	9281420.0	46407.1	3059246.295594156	0.0013429300236800438	False	
2d	lwt2d+ilwt2d_roundtrip	db33	smooth	Large / Sensitive	ttnn	9281420.0	46407.1	110650775.91299751	0.0007097998805770107	False	
2d	lwt2d+ilwt2d_roundtrip	db33	reflect	Large / Sensitive	ttnn	9281420.0	46407.1	3667055.3200453	-0.00022379168659586248	False	
2d	lwt2d+ilwt2d_roundtrip	db33	antireflect	Large / Sensitive	ttnn	9281420.0	46407.1	13543271.849616274	0.0032899507520704804	False	
2d	lwt2d+ilwt2d_roundtrip	db34	symmetric	Large / Sensitive	ttnn	2249600.0	11248.0	293.57278284430504	-0.04385806905047938	True	
2d	lwt2d+ilwt2d_roundtrip	db34	zero	Large / Sensitive	ttnn	2249600.0	11248.0	229.36170953512192	0.04449767485919265	True	
2d	lwt2d+ilwt2d_roundtrip	db34	constant	Large / Sensitive	ttnn	2249600.0	11248.0	194.71955865621567	-0.0007163736363894426	True	
2d	lwt2d+ilwt2d_roundtrip	db34	periodic	Large / Sensitive	ttnn	2249600.0	11248.0	369.2385199069977	0.06384039967002131	True	
2d	lwt2d+ilwt2d_roundtrip	db34	antisymmetric	Large / Sensitive	ttnn	2249600.0	11248.0	356.9948480129242	0.004604264891062036	True	
2d	lwt2d+ilwt2d_roundtrip	db34	smooth	Large / Sensitive	ttnn	2249600.0	11248.0	6986.469408035278	-0.06807314732881968	True	
2d	lwt2d+ilwt2d_roundtrip	db34	reflect	Large / Sensitive	ttnn	2249600.0	11248.0	357.26078325510025	-0.026418192910595363	True	
2d	lwt2d+ilwt2d_roundtrip	db34	antireflect	Large / Sensitive	ttnn	2249600.0	11248.0	692.5206432342529	0.05123053153457569	True	
2d	lwt2d+ilwt2d_roundtrip	db35	symmetric	Large / Sensitive	ttnn	7971560.0	39857.8	66136711.87600399	-0.002667263019397675	False	
2d	lwt2d+ilwt2d_roundtrip	db35	zero	Large / Sensitive	ttnn	7971560.0	39857.8	36271459.79419607	0.0007188916703213736	False	
2d	lwt2d+ilwt2d_roundtrip	db35	constant	Large / Sensitive	ttnn	7971560.0	39857.8	140059871.8746495	0.0004286716705657414	False	
2d	lwt2d+ilwt2d_roundtrip	db35	periodic	Large / Sensitive	ttnn	7971560.0	39857.8	104102248.07452112	-0.0009979161800325181	False	
2d	lwt2d+ilwt2d_roundtrip	db35	antisymmetric	Large / Sensitive	ttnn	7971560.0	39857.8	73846576.23455472	-0.00037335183050673127	False	
2d	lwt2d+ilwt2d_roundtrip	db35	smooth	Large / Sensitive	ttnn	7971560.0	39857.8	1847230847.7230208	-0.0003608223067063131	False	
2d	lwt2d+ilwt2d_roundtrip	db35	reflect	Large / Sensitive	ttnn	7971560.0	39857.8	63120435.65991363	-0.00010880390355801387	False	
2d	lwt2d+ilwt2d_roundtrip	db35	antireflect	Large / Sensitive	ttnn	7971560.0	39857.8	157105375.23087603	-0.004612392532257387	False	
2d	lwt2d+ilwt2d_roundtrip	db36	symmetric	Large / Sensitive	ttnn	54462.6	272.313	4279.9661058187485	-0.020086164737121544	False	
2d	lwt2d+ilwt2d_roundtrip	db36	zero	Large / Sensitive	ttnn	54462.6	272.313	2240.366542696953	-0.04273306647090296	False	
2d	lwt2d+ilwt2d_roundtrip	db36	constant	Large / Sensitive	ttnn	54462.6	272.313	1794.9199104309082	0.002265946721995358	False	
2d	lwt2d+ilwt2d_roundtrip	db36	periodic	Large / Sensitive	ttnn	54462.6	272.313	4380.537091076374	0.025760956299573555	False	
2d	lwt2d+ilwt2d_roundtrip	db36	antisymmetric	Large / Sensitive	ttnn	54462.6	272.313	5002.857026278973	-0.00369020733914566	False	
2d	lwt2d+ilwt2d_roundtrip	db36	smooth	Large / Sensitive	ttnn	54462.6	272.313	148898.7322551608	0.05349698326024108	False	
2d	lwt2d+ilwt2d_roundtrip	db36	reflect	Large / Sensitive	ttnn	54462.6	272.313	4067.2095657885075	-0.011975094854379496	False	
2d	lwt2d+ilwt2d_roundtrip	db36	antireflect	Large / Sensitive	ttnn	54462.6	272.313	13642.14637196064	0.006758510811473288	False	
2d	lwt2d+ilwt2d_roundtrip	db37	symmetric	Large / Sensitive	ttnn	25551700.0	127758.5	2240927487.8414845	0.0019290670890881407	False	
2d	lwt2d+ilwt2d_roundtrip	db37	zero	Large / Sensitive	ttnn	25551700.0	127758.5	1258929280.0	-0.0006465988096316437	False	
2d	lwt2d+ilwt2d_roundtrip	db37	constant	Large / Sensitive	ttnn	25551700.0	127758.5	1760024703.7430074	0.0003686160142792335	False	
2d	lwt2d+ilwt2d_roundtrip	db37	periodic	Large / Sensitive	ttnn	25551700.0	127758.5	1704819455.7941961	-0.0012690979984857527	False	
2d	lwt2d+ilwt2d_roundtrip	db37	antisymmetric	Large / Sensitive	ttnn	25551700.0	127758.5	1816386688.0965483	9.13152514159027e-05	False	
2d	lwt2d+ilwt2d_roundtrip	db37	smooth	Large / Sensitive	ttnn	25551700.0	127758.5	69658370048.06558	-0.002449460305809862	False	
2d	lwt2d+ilwt2d_roundtrip	db37	reflect	Large / Sensitive	ttnn	25551700.0	127758.5	1623404928.3029537	0.0004947368298818363	False	
2d	lwt2d+ilwt2d_roundtrip	db37	antireflect	Large / Sensitive	ttnn	25551700.0	127758.5	2977026304.0	8.097765747984728e-05	False	
2d	lwt2d+ilwt2d_roundtrip	db38	symmetric	Large / Sensitive	ttnn	170662	853.3100000000001	70374.18277669698	-0.009819557507702066	False	
2d	lwt2d+ilwt2d_roundtrip	db38	zero	Large / Sensitive	ttnn	170662	853.3100000000001	82016.625	0.002554938468592751	False	
2d	lwt2d+ilwt2d_roundtrip	db38	constant	Large / Sensitive	ttnn	170662	853.3100000000001	31184.6251449883	0.0034980610222887874	False	
2d	lwt2d+ilwt2d_roundtrip	db38	periodic	Large / Sensitive	ttnn	170662	853.3100000000001	88223.16194266081	0.017113979646067423	False	
2d	lwt2d+ilwt2d_roundtrip	db38	antisymmetric	Large / Sensitive	ttnn	170662	853.3100000000001	72645.90306007862	0.05021367604798646	False	
2d	lwt2d+ilwt2d_roundtrip	db38	smooth	Large / Sensitive	ttnn	170662	853.3100000000001	3449465.250997111	-0.006274708462569993	False	
2d	lwt2d+ilwt2d_roundtrip	db38	reflect	Large / Sensitive	ttnn	170662	853.3100000000001	82047.98858363181	-0.017092207028500048	False	
2d	lwt2d+ilwt2d_roundtrip	db38	antireflect	Large / Sensitive	ttnn	170662	853.3100000000001	241271.46596811712	0.009975352972389837	False	
2d	lwt2d+ilwt2d_roundtrip	db4	symmetric	Compact	ttnn	2.63378	0.000263378	2.980232238769531e-07	0.9999999999999961	True	
2d	lwt2d+ilwt2d_roundtrip	db4	zero	Compact	ttnn	2.63378	0.000263378	2.384185791015625e-07	0.9999999999999961	True	
2d	lwt2d+ilwt2d_roundtrip	db4	constant	Compact	ttnn	2.63378	0.000263378	2.384185791015625e-07	0.9999999999999967	True	
2d	lwt2d+ilwt2d_roundtrip	db4	periodic	Compact	ttnn	2.63378	0.000263378	2.980232238769531e-07	0.9999999999999962	True	
2d	lwt2d+ilwt2d_roundtrip	db4	antisymmetric	Compact	ttnn	2.63378	0.000263378	4.76837158203125e-07	0.9999999999999957	True	
2d	lwt2d+ilwt2d_roundtrip	db4	smooth	Compact	ttnn	2.63378	0.000263378	2.980232238769531e-07	0.9999999999999961	True	
2d	lwt2d+ilwt2d_roundtrip	db4	reflect	Compact	ttnn	2.63378	0.000263378	2.384185791015625e-07	0.9999999999999958	True	
2d	lwt2d+ilwt2d_roundtrip	db4	antireflect	Compact	ttnn	2.63378	0.000263378	2.980232238769531e-07	0.999999999999996	True	
2d	lwt2d+ilwt2d_roundtrip	db5	symmetric	Compact	ttnn	46.0839	0.00460839	7.166527211908301e-06	0.9999999999947748	True	
2d	lwt2d+ilwt2d_roundtrip	db5	zero	Compact	ttnn	46.0839	0.00460839	7.166527211908301e-06	0.9999999999954763	True	
2d	lwt2d+ilwt2d_roundtrip	db5	constant	Compact	ttnn	46.0839	0.00460839	7.166527211908301e-06	0.9999999999950966	True	
2d	lwt2d+ilwt2d_roundtrip	db5	periodic	Compact	ttnn	46.0839	0.00460839	7.62939453125e-06	0.9999999999947011	True	
2d	lwt2d+ilwt2d_roundtrip	db5	antisymmetric	Compact	ttnn	46.0839	0.00460839	7.166527211908301e-06	0.9999999999950229	True	
2d	lwt2d+ilwt2d_roundtrip	db5	smooth	Compact	ttnn	46.0839	0.00460839	1.074373722076416e-05	0.9999999999939704	True	
2d	lwt2d+ilwt2d_roundtrip	db5	reflect	Compact	ttnn	46.0839	0.00460839	7.166527211908301e-06	0.9999999999945874	True	
2d	lwt2d+ilwt2d_roundtrip	db5	antireflect	Compact	ttnn	46.0839	0.00460839	1.0311603546142578e-05	0.999999999994065	True	
2d	lwt2d+ilwt2d_roundtrip	db6	symmetric	Compact	ttnn	5.42251	0.000542251	4.172325134277344e-07	0.9999999999999938	True	
2d	lwt2d+ilwt2d_roundtrip	db6	zero	Compact	ttnn	5.42251	0.000542251	4.172325134277344e-07	0.9999999999999936	True	
2d	lwt2d+ilwt2d_roundtrip	db6	constant	Compact	ttnn	5.42251	0.000542251	4.172325134277344e-07	0.9999999999999942	True	
2d	lwt2d+ilwt2d_roundtrip	db6	periodic	Compact	ttnn	5.42251	0.000542251	4.172325134277344e-07	0.9999999999999934	True	
2d	lwt2d+ilwt2d_roundtrip	db6	antisymmetric	Compact	ttnn	5.42251	0.000542251	7.152557373046875e-07	0.9999999999999896	True	
2d	lwt2d+ilwt2d_roundtrip	db6	smooth	Compact	ttnn	5.42251	0.000542251	4.172325134277344e-07	0.9999999999999942	True	
2d	lwt2d+ilwt2d_roundtrip	db6	reflect	Compact	ttnn	5.42251	0.000542251	4.172325134277344e-07	0.9999999999999933	True	
2d	lwt2d+ilwt2d_roundtrip	db6	antireflect	Compact	ttnn	5.42251	0.000542251	4.172325134277344e-07	0.9999999999999941	True	
2d	lwt2d+ilwt2d_roundtrip	db7	symmetric	Large / Sensitive	ttnn	143.003	0.715015	3.8743019104003906e-05	0.9999999998973949	True	
2d	lwt2d+ilwt2d_roundtrip	db7	zero	Large / Sensitive	ttnn	143.003	0.715015	3.8743019104003906e-05	0.9999999999118973	True	
2d	lwt2d+ilwt2d_roundtrip	db7	constant	Large / Sensitive	ttnn	143.003	0.715015	3.8743019104003906e-05	0.9999999998957748	True	
2d	lwt2d+ilwt2d_roundtrip	db7	periodic	Large / Sensitive	ttnn	143.003	0.715015	3.8743019104003906e-05	0.9999999998948518	True	
2d	lwt2d+ilwt2d_roundtrip	db7	antisymmetric	Large / Sensitive	ttnn	143.003	0.715015	3.8743019104003906e-05	0.9999999998969364	True	
2d	lwt2d+ilwt2d_roundtrip	db7	smooth	Large / Sensitive	ttnn	143.003	0.715015	4.762411117553711e-05	0.9999999998594681	True	
2d	lwt2d+ilwt2d_roundtrip	db7	reflect	Large / Sensitive	ttnn	143.003	0.715015	3.8743019104003906e-05	0.9999999998948909	True	
2d	lwt2d+ilwt2d_roundtrip	db7	antireflect	Large / Sensitive	ttnn	143.003	0.715015	5.91278076171875e-05	0.9999999998670651	True	
2d	lwt2d+ilwt2d_roundtrip	db8	symmetric	Large / Sensitive	ttnn	10.8886	0.054443000000000005	5.364418029785156e-07	0.9999999999999905	True	
2d	lwt2d+ilwt2d_roundtrip	db8	zero	Large / Sensitive	ttnn	10.8886	0.054443000000000005	8.642673492431641e-07	0.9999999999999831	True	
2d	lwt2d+ilwt2d_roundtrip	db8	constant	Large / Sensitive	ttnn	10.8886	0.054443000000000005	4.172325134277344e-07	0.9999999999999912	True	
2d	lwt2d+ilwt2d_roundtrip	db8	periodic	Large / Sensitive	ttnn	10.8886	0.054443000000000005	4.172325134277344e-07	0.9999999999999913	True	
2d	lwt2d+ilwt2d_roundtrip	db8	antisymmetric	Large / Sensitive	ttnn	10.8886	0.054443000000000005	1.0728836059570312e-06	0.9999999999999672	True	
2d	lwt2d+ilwt2d_roundtrip	db8	smooth	Large / Sensitive	ttnn	10.8886	0.054443000000000005	nan	0.0	False	TT_FATAL @ /home/user/tt-wavelet/tt-metal/tt_metal/impl/program/program.cpp:2752: state.offset <= max_size
info:
Program size (70672) too large for kernel config buffer (70656) on TENSIX
backtrace:
 --- /home/user/tt-wavelet/build/tt-metal/tt_metal/libtt_metal.so(+0x9b44ab) [0x78f10a8ae4ab]
 --- /home/user/tt-wavelet/build/tt-metal/tt_metal/libtt_metal.so(_ZN2tt8tt_metal6detail11ProgramImpl24finalize_program_offsetsEN4ttsl10StrongTypeIiNS0_12ContextIdTagEEEPNS0_7IDeviceERKSt8functionIFRSt13unordered_mapIjSt10shared_ptrINS0_6KernelEESt4hashIjESt8equal_toIjESaISt4pairIKjSD_EEEjEERKS9_IFRSt6vectorISB_INS0_11KernelGroupEESaISU_EEjEERKS9_IFRKSS_INS0_9SemaphoreESaIS12_EEvEESt4spanIPS2_Lm18446744073709551615EE+0xa7b) [0x78f10a892c1b]
 --- tt::tt_metal::distributed::MeshWorkloadImpl::finalize_offsets(tt::tt_metal::distributed::MeshDevice*)
 --- tt::tt_metal::distributed::MeshWorkloadImpl::compile(tt::tt_metal::distributed::MeshDevice*)
 --- tt::tt_metal::distributed::EnqueueMeshWorkload(tt::tt_metal::distributed::MeshCommandQueue&, tt::tt_metal::distributed::MeshWorkload&, bool)
 --- /home/user/tt-metal/build/lib/_ttnncpp.so(_ZN4ttnn16device_operation6detail21enqueue_mesh_workloadITkNS0_36DeviceOperationWithMeshDeviceAdapterENS0_26MeshDeviceOperationAdapterINS_4prim20Lwt2DDeviceOperationEEEEEvRKNT_22operation_attributes_tERKNS7_13tensor_args_tERNS7_21tensor_return_value_tEPN2tt8tt_metal11distributed10MeshDeviceERNSI_12MeshWorkloadEb+0x284) [0x78f10c7c56c4]
 --- /home/user/tt-metal/build/lib/_ttnncpp.so(+0x14603f3) [0x78f10c7c63f3]
 --- /home/user/tt-metal/build/lib/_ttnncpp.so(_ZN4ttnn16device_operation6detail29launch_operation_with_adapterITkNS0_36DeviceOperationWithMeshDeviceAdapterENS0_26MeshDeviceOperationAdapterINS_4prim20Lwt2DDeviceOperationEEEEEvRKNT_22operation_attributes_tERKNS7_13tensor_args_tERNS7_21tensor_return_value_tEPN2tt8tt_metal11distributed10MeshDeviceE+0x245) [0x78f10c7c2275]
 --- /home/user/tt-metal/build/lib/_ttnncpp.so(_ZN4ttnn16device_operation6detail6launchITkNS0_22DeviceOperationConceptENS_4prim20Lwt2DDeviceOperationEEENT_21tensor_return_value_tERKNS5_22operation_attributes_tERKNS5_13tensor_args_tE+0x3aa) [0x78f10c78e77a]
 --- ttnn::prim::lwt_2d(ttnn::Tensor const&, ttnn::operations::wavelet::SchemeId, ttnn::operations::wavelet::BoundaryMode, tt::tt_metal::MemoryConfig const&, std::optional<std::array<ttnn::Tensor, 4ul> > const&)
 --- ttnn::dwt_2d(ttnn::Tensor const&, std::basic_string_view<char, std::char_traits<char> >, std::basic_string_view<char, std::char_traits<char> >, std::optional<tt::tt_metal::MemoryConfig> const&, std::optional<std::array<ttnn::Tensor, 4ul> > const&)
 --- /home/user/tt-wavelet/tt-metal/ttnn/ttnn/_ttnn.so(+0x6e6f2d) [0x78f10de48f2d]
 --- /home/user/tt-wavelet/tt-metal/ttnn/ttnn/_ttnn.so(+0x3591e5) [0x78f10dabb1e5]
 --- .venv/bin/python3(_PyObject_Call_Prepend+0x115) [0x5f001a16ac65]
 --- .venv/bin/python3(+0x3a2b46) [0x5f001a19eb46]
 --- .venv/bin/python3(_PyEval_EvalFrameDefault+0xa16c) [0x5f001a0cc87c]
 --- .venv/bin/python3(_PyFunction_Vectorcall+0x202) [0x5f001a06d352]
 --- .venv/bin/python3(_PyObject_Call_Prepend+0x115) [0x5f001a16ac65]
 --- .venv/bin/python3(+0x3a2b46) [0x5f001a19eb46]
 --- .venv/bin/python3(+0x2fd2a2) [0x5f001a0f92a2]
 --- .venv/bin/python3(_PyEval_EvalFrameDefault+0x3eef) [0x5f001a0c65ff]
 --- .venv/bin/python3(_PyFunction_Vectorcall+0x202) [0x5f001a06d352]
 --- .venv/bin/python3(+0x2fd0b9) [0x5f001a0f90b9]
 --- .venv/bin/python3(_PyEval_EvalFrameDefault+0x4068) [0x5f001a0c6778]
 --- .venv/bin/python3(_PyFunction_Vectorcall+0x202) [0x5f001a06d352]
 --- .venv/bin/python3(+0x2fd0b9) [0x5f001a0f90b9]
 --- .venv/bin/python3(_PyEval_EvalFrameDefault+0x4068) [0x5f001a0c6778]
 --- .venv/bin/python3(+0x3d4a54) [0x5f001a1d0a54]
 --- .venv/bin/python3(+0x40a643) [0x5f001a206643]
 --- .venv/bin/python3(+0x1b35b2) [0x5f0019faf5b2]
 --- .venv/bin/python3(_PyRun_SimpleFileObject+0x109) [0x5f0019faf0e9]
 --- .venv/bin/python3(_PyRun_AnyFileObject+0xa5) [0x5f0019faeae5]
 --- .venv/bin/python3(+0x1bcda9) [0x5f0019fb8da9]
 --- .venv/bin/python3(+0x1bc912) [0x5f0019fb8912]
 --- .venv/bin/python3(Py_RunMain+0x680) [0x5f001a212030]
 --- .venv/bin/python3(+0x148028) [0x5f0019f44028]
 --- /lib/x86_64-linux-gnu/libc.so.6(+0x29d90) [0x78f25e6a6d90]
 --- /lib/x86_64-linux-gnu/libc.so.6(__libc_start_main+0x80) [0x78f25e6a6e40]
 --- .venv/bin/python3(+0x34616b) [0x5f001a14216b]

2d	lwt2d+ilwt2d_roundtrip	db8	reflect	Large / Sensitive	ttnn	10.8886	0.054443000000000005	4.470348358154297e-07	0.999999999999991	True	
2d	lwt2d+ilwt2d_roundtrip	db8	antireflect	Large / Sensitive	ttnn	10.8886	0.054443000000000005	nan	0.0	False	TT_FATAL @ /home/user/tt-wavelet/tt-metal/tt_metal/impl/program/program.cpp:2752: state.offset <= max_size
info:
Program size (70928) too large for kernel config buffer (70656) on TENSIX
backtrace:
 --- /home/user/tt-wavelet/build/tt-metal/tt_metal/libtt_metal.so(+0x9b44ab) [0x78f10a8ae4ab]
 --- /home/user/tt-wavelet/build/tt-metal/tt_metal/libtt_metal.so(_ZN2tt8tt_metal6detail11ProgramImpl24finalize_program_offsetsEN4ttsl10StrongTypeIiNS0_12ContextIdTagEEEPNS0_7IDeviceERKSt8functionIFRSt13unordered_mapIjSt10shared_ptrINS0_6KernelEESt4hashIjESt8equal_toIjESaISt4pairIKjSD_EEEjEERKS9_IFRSt6vectorISB_INS0_11KernelGroupEESaISU_EEjEERKS9_IFRKSS_INS0_9SemaphoreESaIS12_EEvEESt4spanIPS2_Lm18446744073709551615EE+0xa7b) [0x78f10a892c1b]
 --- tt::tt_metal::distributed::MeshWorkloadImpl::finalize_offsets(tt::tt_metal::distributed::MeshDevice*)
 --- tt::tt_metal::distributed::MeshWorkloadImpl::compile(tt::tt_metal::distributed::MeshDevice*)
 --- tt::tt_metal::distributed::EnqueueMeshWorkload(tt::tt_metal::distributed::MeshCommandQueue&, tt::tt_metal::distributed::MeshWorkload&, bool)
 --- /home/user/tt-metal/build/lib/_ttnncpp.so(_ZN4ttnn16device_operation6detail21enqueue_mesh_workloadITkNS0_36DeviceOperationWithMeshDeviceAdapterENS0_26MeshDeviceOperationAdapterINS_4prim20Lwt2DDeviceOperationEEEEEvRKNT_22operation_attributes_tERKNS7_13tensor_args_tERNS7_21tensor_return_value_tEPN2tt8tt_metal11distributed10MeshDeviceERNSI_12MeshWorkloadEb+0x284) [0x78f10c7c56c4]
 --- /home/user/tt-metal/build/lib/_ttnncpp.so(+0x14603f3) [0x78f10c7c63f3]
 --- /home/user/tt-metal/build/lib/_ttnncpp.so(_ZN4ttnn16device_operation6detail29launch_operation_with_adapterITkNS0_36DeviceOperationWithMeshDeviceAdapterENS0_26MeshDeviceOperationAdapterINS_4prim20Lwt2DDeviceOperationEEEEEvRKNT_22operation_attributes_tERKNS7_13tensor_args_tERNS7_21tensor_return_value_tEPN2tt8tt_metal11distributed10MeshDeviceE+0x245) [0x78f10c7c2275]
 --- /home/user/tt-metal/build/lib/_ttnncpp.so(_ZN4ttnn16device_operation6detail6launchITkNS0_22DeviceOperationConceptENS_4prim20Lwt2DDeviceOperationEEENT_21tensor_return_value_tERKNS5_22operation_attributes_tERKNS5_13tensor_args_tE+0x3aa) [0x78f10c78e77a]
 --- ttnn::prim::lwt_2d(ttnn::Tensor const&, ttnn::operations::wavelet::SchemeId, ttnn::operations::wavelet::BoundaryMode, tt::tt_metal::MemoryConfig const&, std::optional<std::array<ttnn::Tensor, 4ul> > const&)
 --- ttnn::dwt_2d(ttnn::Tensor const&, std::basic_string_view<char, std::char_traits<char> >, std::basic_string_view<char, std::char_traits<char> >, std::optional<tt::tt_metal::MemoryConfig> const&, std::optional<std::array<ttnn::Tensor, 4ul> > const&)
 --- /home/user/tt-wavelet/tt-metal/ttnn/ttnn/_ttnn.so(+0x6e6f2d) [0x78f10de48f2d]
 --- /home/user/tt-wavelet/tt-metal/ttnn/ttnn/_ttnn.so(+0x3591e5) [0x78f10dabb1e5]
 --- .venv/bin/python3(_PyObject_Call_Prepend+0x115) [0x5f001a16ac65]
 --- .venv/bin/python3(+0x3a2b46) [0x5f001a19eb46]
 --- .venv/bin/python3(_PyEval_EvalFrameDefault+0xa16c) [0x5f001a0cc87c]
 --- .venv/bin/python3(_PyFunction_Vectorcall+0x202) [0x5f001a06d352]
 --- .venv/bin/python3(_PyObject_Call_Prepend+0x115) [0x5f001a16ac65]
 --- .venv/bin/python3(+0x3a2b46) [0x5f001a19eb46]
 --- .venv/bin/python3(+0x2fd2a2) [0x5f001a0f92a2]
 --- .venv/bin/python3(_PyEval_EvalFrameDefault+0x3eef) [0x5f001a0c65ff]
 --- .venv/bin/python3(_PyFunction_Vectorcall+0x202) [0x5f001a06d352]
 --- .venv/bin/python3(+0x2fd0b9) [0x5f001a0f90b9]
 --- .venv/bin/python3(_PyEval_EvalFrameDefault+0x4068) [0x5f001a0c6778]
 --- .venv/bin/python3(_PyFunction_Vectorcall+0x202) [0x5f001a06d352]
 --- .venv/bin/python3(+0x2fd0b9) [0x5f001a0f90b9]
 --- .venv/bin/python3(_PyEval_EvalFrameDefault+0x4068) [0x5f001a0c6778]
 --- .venv/bin/python3(+0x3d4a54) [0x5f001a1d0a54]
 --- .venv/bin/python3(+0x40a643) [0x5f001a206643]
 --- .venv/bin/python3(+0x1b35b2) [0x5f0019faf5b2]
 --- .venv/bin/python3(_PyRun_SimpleFileObject+0x109) [0x5f0019faf0e9]
 --- .venv/bin/python3(_PyRun_AnyFileObject+0xa5) [0x5f0019faeae5]
 --- .venv/bin/python3(+0x1bcda9) [0x5f0019fb8da9]
 --- .venv/bin/python3(+0x1bc912) [0x5f0019fb8912]
 --- .venv/bin/python3(Py_RunMain+0x680) [0x5f001a212030]
 --- .venv/bin/python3(+0x148028) [0x5f0019f44028]
 --- /lib/x86_64-linux-gnu/libc.so.6(+0x29d90) [0x78f25e6a6d90]
 --- /lib/x86_64-linux-gnu/libc.so.6(__libc_start_main+0x80) [0x78f25e6a6e40]
 --- .venv/bin/python3(+0x34616b) [0x5f001a14216b]

2d	lwt2d+ilwt2d_roundtrip	db9	symmetric	Medium	ttnn	398.18	0.39818000000000003	nan	0.0	False	TT_FATAL @ /home/user/tt-wavelet/tt-metal/tt_metal/impl/program/program.cpp:2752: state.offset <= max_size
info:
Program size (70816) too large for kernel config buffer (70656) on TENSIX
backtrace:
 --- /home/user/tt-wavelet/build/tt-metal/tt_metal/libtt_metal.so(+0x9b44ab) [0x78f10a8ae4ab]
 --- /home/user/tt-wavelet/build/tt-metal/tt_metal/libtt_metal.so(_ZN2tt8tt_metal6detail11ProgramImpl24finalize_program_offsetsEN4ttsl10StrongTypeIiNS0_12ContextIdTagEEEPNS0_7IDeviceERKSt8functionIFRSt13unordered_mapIjSt10shared_ptrINS0_6KernelEESt4hashIjESt8equal_toIjESaISt4pairIKjSD_EEEjEERKS9_IFRSt6vectorISB_INS0_11KernelGroupEESaISU_EEjEERKS9_IFRKSS_INS0_9SemaphoreESaIS12_EEvEESt4spanIPS2_Lm18446744073709551615EE+0xa7b) [0x78f10a892c1b]
 --- tt::tt_metal::distributed::MeshWorkloadImpl::finalize_offsets(tt::tt_metal::distributed::MeshDevice*)
 --- tt::tt_metal::distributed::MeshWorkloadImpl::compile(tt::tt_metal::distributed::MeshDevice*)
 --- tt::tt_metal::distributed::EnqueueMeshWorkload(tt::tt_metal::distributed::MeshCommandQueue&, tt::tt_metal::distributed::MeshWorkload&, bool)
 --- /home/user/tt-metal/build/lib/_ttnncpp.so(_ZN4ttnn16device_operation6detail21enqueue_mesh_workloadITkNS0_36DeviceOperationWithMeshDeviceAdapterENS0_26MeshDeviceOperationAdapterINS_4prim20Lwt2DDeviceOperationEEEEEvRKNT_22operation_attributes_tERKNS7_13tensor_args_tERNS7_21tensor_return_value_tEPN2tt8tt_metal11distributed10MeshDeviceERNSI_12MeshWorkloadEb+0x284) [0x78f10c7c56c4]
 --- /home/user/tt-metal/build/lib/_ttnncpp.so(+0x14603f3) [0x78f10c7c63f3]
 --- /home/user/tt-metal/build/lib/_ttnncpp.so(_ZN4ttnn16device_operation6detail29launch_operation_with_adapterITkNS0_36DeviceOperationWithMeshDeviceAdapterENS0_26MeshDeviceOperationAdapterINS_4prim20Lwt2DDeviceOperationEEEEEvRKNT_22operation_attributes_tERKNS7_13tensor_args_tERNS7_21tensor_return_value_tEPN2tt8tt_metal11distributed10MeshDeviceE+0x245) [0x78f10c7c2275]
 --- /home/user/tt-metal/build/lib/_ttnncpp.so(_ZN4ttnn16device_operation6detail6launchITkNS0_22DeviceOperationConceptENS_4prim20Lwt2DDeviceOperationEEENT_21tensor_return_value_tERKNS5_22operation_attributes_tERKNS5_13tensor_args_tE+0x3aa) [0x78f10c78e77a]
 --- ttnn::prim::lwt_2d(ttnn::Tensor const&, ttnn::operations::wavelet::SchemeId, ttnn::operations::wavelet::BoundaryMode, tt::tt_metal::MemoryConfig const&, std::optional<std::array<ttnn::Tensor, 4ul> > const&)
 --- ttnn::dwt_2d(ttnn::Tensor const&, std::basic_string_view<char, std::char_traits<char> >, std::basic_string_view<char, std::char_traits<char> >, std::optional<tt::tt_metal::MemoryConfig> const&, std::optional<std::array<ttnn::Tensor, 4ul> > const&)
 --- /home/user/tt-wavelet/tt-metal/ttnn/ttnn/_ttnn.so(+0x6e6f2d) [0x78f10de48f2d]
 --- /home/user/tt-wavelet/tt-metal/ttnn/ttnn/_ttnn.so(+0x3591e5) [0x78f10dabb1e5]
 --- .venv/bin/python3(_PyObject_Call_Prepend+0x115) [0x5f001a16ac65]
 --- .venv/bin/python3(+0x3a2b46) [0x5f001a19eb46]
 --- .venv/bin/python3(_PyEval_EvalFrameDefault+0xa16c) [0x5f001a0cc87c]
 --- .venv/bin/python3(_PyFunction_Vectorcall+0x202) [0x5f001a06d352]
 --- .venv/bin/python3(_PyObject_Call_Prepend+0x115) [0x5f001a16ac65]
 --- .venv/bin/python3(+0x3a2b46) [0x5f001a19eb46]
 --- .venv/bin/python3(+0x2fd2a2) [0x5f001a0f92a2]
 --- .venv/bin/python3(_PyEval_EvalFrameDefault+0x3eef) [0x5f001a0c65ff]
 --- .venv/bin/python3(_PyFunction_Vectorcall+0x202) [0x5f001a06d352]
 --- .venv/bin/python3(+0x2fd0b9) [0x5f001a0f90b9]
 --- .venv/bin/python3(_PyEval_EvalFrameDefault+0x4068) [0x5f001a0c6778]
 --- .venv/bin/python3(_PyFunction_Vectorcall+0x202) [0x5f001a06d352]
 --- .venv/bin/python3(+0x2fd0b9) [0x5f001a0f90b9]
 --- .venv/bin/python3(_PyEval_EvalFrameDefault+0x4068) [0x5f001a0c6778]
 --- .venv/bin/python3(+0x3d4a54) [0x5f001a1d0a54]
 --- .venv/bin/python3(+0x40a643) [0x5f001a206643]
 --- .venv/bin/python3(+0x1b35b2) [0x5f0019faf5b2]
 --- .venv/bin/python3(_PyRun_SimpleFileObject+0x109) [0x5f0019faf0e9]
 --- .venv/bin/python3(_PyRun_AnyFileObject+0xa5) [0x5f0019faeae5]
 --- .venv/bin/python3(+0x1bcda9) [0x5f0019fb8da9]
 --- .venv/bin/python3(+0x1bc912) [0x5f0019fb8912]
 --- .venv/bin/python3(Py_RunMain+0x680) [0x5f001a212030]
 --- .venv/bin/python3(+0x148028) [0x5f0019f44028]
 --- /lib/x86_64-linux-gnu/libc.so.6(+0x29d90) [0x78f25e6a6d90]
 --- /lib/x86_64-linux-gnu/libc.so.6(__libc_start_main+0x80) [0x78f25e6a6e40]
 --- .venv/bin/python3(+0x34616b) [0x5f001a14216b]

2d	lwt2d+ilwt2d_roundtrip	db9	zero	Medium	ttnn	398.18	0.39818000000000003	nan	0.0	False	TT_FATAL @ /home/user/tt-wavelet/tt-metal/tt_metal/impl/program/program.cpp:2752: state.offset <= max_size
info:
Program size (70896) too large for kernel config buffer (70656) on TENSIX
backtrace:
 --- /home/user/tt-wavelet/build/tt-metal/tt_metal/libtt_metal.so(+0x9b44ab) [0x78f10a8ae4ab]
 --- /home/user/tt-wavelet/build/tt-metal/tt_metal/libtt_metal.so(_ZN2tt8tt_metal6detail11ProgramImpl24finalize_program_offsetsEN4ttsl10StrongTypeIiNS0_12ContextIdTagEEEPNS0_7IDeviceERKSt8functionIFRSt13unordered_mapIjSt10shared_ptrINS0_6KernelEESt4hashIjESt8equal_toIjESaISt4pairIKjSD_EEEjEERKS9_IFRSt6vectorISB_INS0_11KernelGroupEESaISU_EEjEERKS9_IFRKSS_INS0_9SemaphoreESaIS12_EEvEESt4spanIPS2_Lm18446744073709551615EE+0xa7b) [0x78f10a892c1b]
 --- tt::tt_metal::distributed::MeshWorkloadImpl::finalize_offsets(tt::tt_metal::distributed::MeshDevice*)
 --- tt::tt_metal::distributed::MeshWorkloadImpl::compile(tt::tt_metal::distributed::MeshDevice*)
 --- tt::tt_metal::distributed::EnqueueMeshWorkload(tt::tt_metal::distributed::MeshCommandQueue&, tt::tt_metal::distributed::MeshWorkload&, bool)
 --- /home/user/tt-metal/build/lib/_ttnncpp.so(_ZN4ttnn16device_operation6detail21enqueue_mesh_workloadITkNS0_36DeviceOperationWithMeshDeviceAdapterENS0_26MeshDeviceOperationAdapterINS_4prim20Lwt2DDeviceOperationEEEEEvRKNT_22operation_attributes_tERKNS7_13tensor_args_tERNS7_21tensor_return_value_tEPN2tt8tt_metal11distributed10MeshDeviceERNSI_12MeshWorkloadEb+0x284) [0x78f10c7c56c4]
 --- /home/user/tt-metal/build/lib/_ttnncpp.so(+0x14603f3) [0x78f10c7c63f3]
 --- /home/user/tt-metal/build/lib/_ttnncpp.so(_ZN4ttnn16device_operation6detail29launch_operation_with_adapterITkNS0_36DeviceOperationWithMeshDeviceAdapterENS0_26MeshDeviceOperationAdapterINS_4prim20Lwt2DDeviceOperationEEEEEvRKNT_22operation_attributes_tERKNS7_13tensor_args_tERNS7_21tensor_return_value_tEPN2tt8tt_metal11distributed10MeshDeviceE+0x245) [0x78f10c7c2275]
 --- /home/user/tt-metal/build/lib/_ttnncpp.so(_ZN4ttnn16device_operation6detail6launchITkNS0_22DeviceOperationConceptENS_4prim20Lwt2DDeviceOperationEEENT_21tensor_return_value_tERKNS5_22operation_attributes_tERKNS5_13tensor_args_tE+0x3aa) [0x78f10c78e77a]
 --- ttnn::prim::lwt_2d(ttnn::Tensor const&, ttnn::operations::wavelet::SchemeId, ttnn::operations::wavelet::BoundaryMode, tt::tt_metal::MemoryConfig const&, std::optional<std::array<ttnn::Tensor, 4ul> > const&)
 --- ttnn::dwt_2d(ttnn::Tensor const&, std::basic_string_view<char, std::char_traits<char> >, std::basic_string_view<char, std::char_traits<char> >, std::optional<tt::tt_metal::MemoryConfig> const&, std::optional<std::array<ttnn::Tensor, 4ul> > const&)
 --- /home/user/tt-wavelet/tt-metal/ttnn/ttnn/_ttnn.so(+0x6e6f2d) [0x78f10de48f2d]
 --- /home/user/tt-wavelet/tt-metal/ttnn/ttnn/_ttnn.so(+0x3591e5) [0x78f10dabb1e5]
 --- .venv/bin/python3(_PyObject_Call_Prepend+0x115) [0x5f001a16ac65]
 --- .venv/bin/python3(+0x3a2b46) [0x5f001a19eb46]
 --- .venv/bin/python3(_PyEval_EvalFrameDefault+0xa16c) [0x5f001a0cc87c]
 --- .venv/bin/python3(_PyFunction_Vectorcall+0x202) [0x5f001a06d352]
 --- .venv/bin/python3(_PyObject_Call_Prepend+0x115) [0x5f001a16ac65]
 --- .venv/bin/python3(+0x3a2b46) [0x5f001a19eb46]
 --- .venv/bin/python3(+0x2fd2a2) [0x5f001a0f92a2]
 --- .venv/bin/python3(_PyEval_EvalFrameDefault+0x3eef) [0x5f001a0c65ff]
 --- .venv/bin/python3(_PyFunction_Vectorcall+0x202) [0x5f001a06d352]
 --- .venv/bin/python3(+0x2fd0b9) [0x5f001a0f90b9]
 --- .venv/bin/python3(_PyEval_EvalFrameDefault+0x4068) [0x5f001a0c6778]
 --- .venv/bin/python3(_PyFunction_Vectorcall+0x202) [0x5f001a06d352]
 --- .venv/bin/python3(+0x2fd0b9) [0x5f001a0f90b9]
 --- .venv/bin/python3(_PyEval_EvalFrameDefault+0x4068) [0x5f001a0c6778]
 --- .venv/bin/python3(+0x3d4a54) [0x5f001a1d0a54]
 --- .venv/bin/python3(+0x40a643) [0x5f001a206643]
 --- .venv/bin/python3(+0x1b35b2) [0x5f0019faf5b2]
 --- .venv/bin/python3(_PyRun_SimpleFileObject+0x109) [0x5f0019faf0e9]
 --- .venv/bin/python3(_PyRun_AnyFileObject+0xa5) [0x5f0019faeae5]
 --- .venv/bin/python3(+0x1bcda9) [0x5f0019fb8da9]
 --- .venv/bin/python3(+0x1bc912) [0x5f0019fb8912]
 --- .venv/bin/python3(Py_RunMain+0x680) [0x5f001a212030]
 --- .venv/bin/python3(+0x148028) [0x5f0019f44028]
 --- /lib/x86_64-linux-gnu/libc.so.6(+0x29d90) [0x78f25e6a6d90]
 --- /lib/x86_64-linux-gnu/libc.so.6(__libc_start_main+0x80) [0x78f25e6a6e40]
 --- .venv/bin/python3(+0x34616b) [0x5f001a14216b]

2d	lwt2d+ilwt2d_roundtrip	db9	constant	Medium	ttnn	398.18	0.39818000000000003	nan	0.0	False	TT_FATAL @ /home/user/tt-wavelet/tt-metal/tt_metal/impl/program/program.cpp:2752: state.offset <= max_size
info:
Program size (70848) too large for kernel config buffer (70656) on TENSIX
backtrace:
 --- /home/user/tt-wavelet/build/tt-metal/tt_metal/libtt_metal.so(+0x9b44ab) [0x78f10a8ae4ab]
 --- /home/user/tt-wavelet/build/tt-metal/tt_metal/libtt_metal.so(_ZN2tt8tt_metal6detail11ProgramImpl24finalize_program_offsetsEN4ttsl10StrongTypeIiNS0_12ContextIdTagEEEPNS0_7IDeviceERKSt8functionIFRSt13unordered_mapIjSt10shared_ptrINS0_6KernelEESt4hashIjESt8equal_toIjESaISt4pairIKjSD_EEEjEERKS9_IFRSt6vectorISB_INS0_11KernelGroupEESaISU_EEjEERKS9_IFRKSS_INS0_9SemaphoreESaIS12_EEvEESt4spanIPS2_Lm18446744073709551615EE+0xa7b) [0x78f10a892c1b]
 --- tt::tt_metal::distributed::MeshWorkloadImpl::finalize_offsets(tt::tt_metal::distributed::MeshDevice*)
 --- tt::tt_metal::distributed::MeshWorkloadImpl::compile(tt::tt_metal::distributed::MeshDevice*)
 --- tt::tt_metal::distributed::EnqueueMeshWorkload(tt::tt_metal::distributed::MeshCommandQueue&, tt::tt_metal::distributed::MeshWorkload&, bool)
 --- /home/user/tt-metal/build/lib/_ttnncpp.so(_ZN4ttnn16device_operation6detail21enqueue_mesh_workloadITkNS0_36DeviceOperationWithMeshDeviceAdapterENS0_26MeshDeviceOperationAdapterINS_4prim20Lwt2DDeviceOperationEEEEEvRKNT_22operation_attributes_tERKNS7_13tensor_args_tERNS7_21tensor_return_value_tEPN2tt8tt_metal11distributed10MeshDeviceERNSI_12MeshWorkloadEb+0x284) [0x78f10c7c56c4]
 --- /home/user/tt-metal/build/lib/_ttnncpp.so(+0x14603f3) [0x78f10c7c63f3]
 --- /home/user/tt-metal/build/lib/_ttnncpp.so(_ZN4ttnn16device_operation6detail29launch_operation_with_adapterITkNS0_36DeviceOperationWithMeshDeviceAdapterENS0_26MeshDeviceOperationAdapterINS_4prim20Lwt2DDeviceOperationEEEEEvRKNT_22operation_attributes_tERKNS7_13tensor_args_tERNS7_21tensor_return_value_tEPN2tt8tt_metal11distributed10MeshDeviceE+0x245) [0x78f10c7c2275]
 --- /home/user/tt-metal/build/lib/_ttnncpp.so(_ZN4ttnn16device_operation6detail6launchITkNS0_22DeviceOperationConceptENS_4prim20Lwt2DDeviceOperationEEENT_21tensor_return_value_tERKNS5_22operation_attributes_tERKNS5_13tensor_args_tE+0x3aa) [0x78f10c78e77a]
 --- ttnn::prim::lwt_2d(ttnn::Tensor const&, ttnn::operations::wavelet::SchemeId, ttnn::operations::wavelet::BoundaryMode, tt::tt_metal::MemoryConfig const&, std::optional<std::array<ttnn::Tensor, 4ul> > const&)
 --- ttnn::dwt_2d(ttnn::Tensor const&, std::basic_string_view<char, std::char_traits<char> >, std::basic_string_view<char, std::char_traits<char> >, std::optional<tt::tt_metal::MemoryConfig> const&, std::optional<std::array<ttnn::Tensor, 4ul> > const&)
 --- /home/user/tt-wavelet/tt-metal/ttnn/ttnn/_ttnn.so(+0x6e6f2d) [0x78f10de48f2d]
 --- /home/user/tt-wavelet/tt-metal/ttnn/ttnn/_ttnn.so(+0x3591e5) [0x78f10dabb1e5]
 --- .venv/bin/python3(_PyObject_Call_Prepend+0x115) [0x5f001a16ac65]
 --- .venv/bin/python3(+0x3a2b46) [0x5f001a19eb46]
 --- .venv/bin/python3(_PyEval_EvalFrameDefault+0xa16c) [0x5f001a0cc87c]
 --- .venv/bin/python3(_PyFunction_Vectorcall+0x202) [0x5f001a06d352]
 --- .venv/bin/python3(_PyObject_Call_Prepend+0x115) [0x5f001a16ac65]
 --- .venv/bin/python3(+0x3a2b46) [0x5f001a19eb46]
 --- .venv/bin/python3(+0x2fd2a2) [0x5f001a0f92a2]
 --- .venv/bin/python3(_PyEval_EvalFrameDefault+0x3eef) [0x5f001a0c65ff]
 --- .venv/bin/python3(_PyFunction_Vectorcall+0x202) [0x5f001a06d352]
 --- .venv/bin/python3(+0x2fd0b9) [0x5f001a0f90b9]
 --- .venv/bin/python3(_PyEval_EvalFrameDefault+0x4068) [0x5f001a0c6778]
 --- .venv/bin/python3(_PyFunction_Vectorcall+0x202) [0x5f001a06d352]
 --- .venv/bin/python3(+0x2fd0b9) [0x5f001a0f90b9]
 --- .venv/bin/python3(_PyEval_EvalFrameDefault+0x4068) [0x5f001a0c6778]
 --- .venv/bin/python3(+0x3d4a54) [0x5f001a1d0a54]
 --- .venv/bin/python3(+0x40a643) [0x5f001a206643]
 --- .venv/bin/python3(+0x1b35b2) [0x5f0019faf5b2]
 --- .venv/bin/python3(_PyRun_SimpleFileObject+0x109) [0x5f0019faf0e9]
 --- .venv/bin/python3(_PyRun_AnyFileObject+0xa5) [0x5f0019faeae5]
 --- .venv/bin/python3(+0x1bcda9) [0x5f0019fb8da9]
 --- .venv/bin/python3(+0x1bc912) [0x5f0019fb8912]
 --- .venv/bin/python3(Py_RunMain+0x680) [0x5f001a212030]
 --- .venv/bin/python3(+0x148028) [0x5f0019f44028]
 --- /lib/x86_64-linux-gnu/libc.so.6(+0x29d90) [0x78f25e6a6d90]
 --- /lib/x86_64-linux-gnu/libc.so.6(__libc_start_main+0x80) [0x78f25e6a6e40]
 --- .venv/bin/python3(+0x34616b) [0x5f001a14216b]

2d	lwt2d+ilwt2d_roundtrip	db9	periodic	Medium	ttnn	398.18	0.39818000000000003	nan	0.0	False	TT_FATAL @ /home/user/tt-wavelet/tt-metal/tt_metal/impl/program/program.cpp:2752: state.offset <= max_size
info:
Program size (72416) too large for kernel config buffer (70656) on TENSIX
backtrace:
 --- /home/user/tt-wavelet/build/tt-metal/tt_metal/libtt_metal.so(+0x9b44ab) [0x78f10a8ae4ab]
 --- /home/user/tt-wavelet/build/tt-metal/tt_metal/libtt_metal.so(_ZN2tt8tt_metal6detail11ProgramImpl24finalize_program_offsetsEN4ttsl10StrongTypeIiNS0_12ContextIdTagEEEPNS0_7IDeviceERKSt8functionIFRSt13unordered_mapIjSt10shared_ptrINS0_6KernelEESt4hashIjESt8equal_toIjESaISt4pairIKjSD_EEEjEERKS9_IFRSt6vectorISB_INS0_11KernelGroupEESaISU_EEjEERKS9_IFRKSS_INS0_9SemaphoreESaIS12_EEvEESt4spanIPS2_Lm18446744073709551615EE+0xa7b) [0x78f10a892c1b]
 --- tt::tt_metal::distributed::MeshWorkloadImpl::finalize_offsets(tt::tt_metal::distributed::MeshDevice*)
 --- tt::tt_metal::distributed::MeshWorkloadImpl::compile(tt::tt_metal::distributed::MeshDevice*)
 --- tt::tt_metal::distributed::EnqueueMeshWorkload(tt::tt_metal::distributed::MeshCommandQueue&, tt::tt_metal::distributed::MeshWorkload&, bool)
 --- /home/user/tt-metal/build/lib/_ttnncpp.so(_ZN4ttnn16device_operation6detail21enqueue_mesh_workloadITkNS0_36DeviceOperationWithMeshDeviceAdapterENS0_26MeshDeviceOperationAdapterINS_4prim20Lwt2DDeviceOperationEEEEEvRKNT_22operation_attributes_tERKNS7_13tensor_args_tERNS7_21tensor_return_value_tEPN2tt8tt_metal11distributed10MeshDeviceERNSI_12MeshWorkloadEb+0x284) [0x78f10c7c56c4]
 --- /home/user/tt-metal/build/lib/_ttnncpp.so(+0x14603f3) [0x78f10c7c63f3]
 --- /home/user/tt-metal/build/lib/_ttnncpp.so(_ZN4ttnn16device_operation6detail29launch_operation_with_adapterITkNS0_36DeviceOperationWithMeshDeviceAdapterENS0_26MeshDeviceOperationAdapterINS_4prim20Lwt2DDeviceOperationEEEEEvRKNT_22operation_attributes_tERKNS7_13tensor_args_tERNS7_21tensor_return_value_tEPN2tt8tt_metal11distributed10MeshDeviceE+0x245) [0x78f10c7c2275]
 --- /home/user/tt-metal/build/lib/_ttnncpp.so(_ZN4ttnn16device_operation6detail6launchITkNS0_22DeviceOperationConceptENS_4prim20Lwt2DDeviceOperationEEENT_21tensor_return_value_tERKNS5_22operation_attributes_tERKNS5_13tensor_args_tE+0x3aa) [0x78f10c78e77a]
 --- ttnn::prim::lwt_2d(ttnn::Tensor const&, ttnn::operations::wavelet::SchemeId, ttnn::operations::wavelet::BoundaryMode, tt::tt_metal::MemoryConfig const&, std::optional<std::array<ttnn::Tensor, 4ul> > const&)
 --- ttnn::dwt_2d(ttnn::Tensor const&, std::basic_string_view<char, std::char_traits<char> >, std::basic_string_view<char, std::char_traits<char> >, std::optional<tt::tt_metal::MemoryConfig> const&, std::optional<std::array<ttnn::Tensor, 4ul> > const&)
 --- /home/user/tt-wavelet/tt-metal/ttnn/ttnn/_ttnn.so(+0x6e6f2d) [0x78f10de48f2d]
 --- /home/user/tt-wavelet/tt-metal/ttnn/ttnn/_ttnn.so(+0x3591e5) [0x78f10dabb1e5]
 --- .venv/bin/python3(_PyObject_Call_Prepend+0x115) [0x5f001a16ac65]
 --- .venv/bin/python3(+0x3a2b46) [0x5f001a19eb46]
 --- .venv/bin/python3(_PyEval_EvalFrameDefault+0xa16c) [0x5f001a0cc87c]
 --- .venv/bin/python3(_PyFunction_Vectorcall+0x202) [0x5f001a06d352]
 --- .venv/bin/python3(_PyObject_Call_Prepend+0x115) [0x5f001a16ac65]
 --- .venv/bin/python3(+0x3a2b46) [0x5f001a19eb46]
 --- .venv/bin/python3(+0x2fd2a2) [0x5f001a0f92a2]
 --- .venv/bin/python3(_PyEval_EvalFrameDefault+0x3eef) [0x5f001a0c65ff]
 --- .venv/bin/python3(_PyFunction_Vectorcall+0x202) [0x5f001a06d352]
 --- .venv/bin/python3(+0x2fd0b9) [0x5f001a0f90b9]
 --- .venv/bin/python3(_PyEval_EvalFrameDefault+0x4068) [0x5f001a0c6778]
 --- .venv/bin/python3(_PyFunction_Vectorcall+0x202) [0x5f001a06d352]
 --- .venv/bin/python3(+0x2fd0b9) [0x5f001a0f90b9]
 --- .venv/bin/python3(_PyEval_EvalFrameDefault+0x4068) [0x5f001a0c6778]
 --- .venv/bin/python3(+0x3d4a54) [0x5f001a1d0a54]
 --- .venv/bin/python3(+0x40a643) [0x5f001a206643]
 --- .venv/bin/python3(+0x1b35b2) [0x5f0019faf5b2]
 --- .venv/bin/python3(_PyRun_SimpleFileObject+0x109) [0x5f0019faf0e9]
 --- .venv/bin/python3(_PyRun_AnyFileObject+0xa5) [0x5f0019faeae5]
 --- .venv/bin/python3(+0x1bcda9) [0x5f0019fb8da9]
 --- .venv/bin/python3(+0x1bc912) [0x5f0019fb8912]
 --- .venv/bin/python3(Py_RunMain+0x680) [0x5f001a212030]
 --- .venv/bin/python3(+0x148028) [0x5f0019f44028]
 --- /lib/x86_64-linux-gnu/libc.so.6(+0x29d90) [0x78f25e6a6d90]
 --- /lib/x86_64-linux-gnu/libc.so.6(__libc_start_main+0x80) [0x78f25e6a6e40]
 --- .venv/bin/python3(+0x34616b) [0x5f001a14216b]

2d	lwt2d+ilwt2d_roundtrip	db9	antisymmetric	Medium	ttnn	398.18	0.39818000000000003	nan	0.0	False	TT_FATAL @ /home/user/tt-wavelet/tt-metal/tt_metal/impl/program/program.cpp:2752: state.offset <= max_size
info:
Program size (73088) too large for kernel config buffer (70656) on TENSIX
backtrace:
 --- /home/user/tt-wavelet/build/tt-metal/tt_metal/libtt_metal.so(+0x9b44ab) [0x78f10a8ae4ab]
 --- /home/user/tt-wavelet/build/tt-metal/tt_metal/libtt_metal.so(_ZN2tt8tt_metal6detail11ProgramImpl24finalize_program_offsetsEN4ttsl10StrongTypeIiNS0_12ContextIdTagEEEPNS0_7IDeviceERKSt8functionIFRSt13unordered_mapIjSt10shared_ptrINS0_6KernelEESt4hashIjESt8equal_toIjESaISt4pairIKjSD_EEEjEERKS9_IFRSt6vectorISB_INS0_11KernelGroupEESaISU_EEjEERKS9_IFRKSS_INS0_9SemaphoreESaIS12_EEvEESt4spanIPS2_Lm18446744073709551615EE+0xa7b) [0x78f10a892c1b]
 --- tt::tt_metal::distributed::MeshWorkloadImpl::finalize_offsets(tt::tt_metal::distributed::MeshDevice*)
 --- tt::tt_metal::distributed::MeshWorkloadImpl::compile(tt::tt_metal::distributed::MeshDevice*)
 --- tt::tt_metal::distributed::EnqueueMeshWorkload(tt::tt_metal::distributed::MeshCommandQueue&, tt::tt_metal::distributed::MeshWorkload&, bool)
 --- /home/user/tt-metal/build/lib/_ttnncpp.so(_ZN4ttnn16device_operation6detail21enqueue_mesh_workloadITkNS0_36DeviceOperationWithMeshDeviceAdapterENS0_26MeshDeviceOperationAdapterINS_4prim20Lwt2DDeviceOperationEEEEEvRKNT_22operation_attributes_tERKNS7_13tensor_args_tERNS7_21tensor_return_value_tEPN2tt8tt_metal11distributed10MeshDeviceERNSI_12MeshWorkloadEb+0x284) [0x78f10c7c56c4]
 --- /home/user/tt-metal/build/lib/_ttnncpp.so(+0x14603f3) [0x78f10c7c63f3]
 --- /home/user/tt-metal/build/lib/_ttnncpp.so(_ZN4ttnn16device_operation6detail29launch_operation_with_adapterITkNS0_36DeviceOperationWithMeshDeviceAdapterENS0_26MeshDeviceOperationAdapterINS_4prim20Lwt2DDeviceOperationEEEEEvRKNT_22operation_attributes_tERKNS7_13tensor_args_tERNS7_21tensor_return_value_tEPN2tt8tt_metal11distributed10MeshDeviceE+0x245) [0x78f10c7c2275]
 --- /home/user/tt-metal/build/lib/_ttnncpp.so(_ZN4ttnn16device_operation6detail6launchITkNS0_22DeviceOperationConceptENS_4prim20Lwt2DDeviceOperationEEENT_21tensor_return_value_tERKNS5_22operation_attributes_tERKNS5_13tensor_args_tE+0x3aa) [0x78f10c78e77a]
 --- ttnn::prim::lwt_2d(ttnn::Tensor const&, ttnn::operations::wavelet::SchemeId, ttnn::operations::wavelet::BoundaryMode, tt::tt_metal::MemoryConfig const&, std::optional<std::array<ttnn::Tensor, 4ul> > const&)
 --- ttnn::dwt_2d(ttnn::Tensor const&, std::basic_string_view<char, std::char_traits<char> >, std::basic_string_view<char, std::char_traits<char> >, std::optional<tt::tt_metal::MemoryConfig> const&, std::optional<std::array<ttnn::Tensor, 4ul> > const&)
 --- /home/user/tt-wavelet/tt-metal/ttnn/ttnn/_ttnn.so(+0x6e6f2d) [0x78f10de48f2d]
 --- /home/user/tt-wavelet/tt-metal/ttnn/ttnn/_ttnn.so(+0x3591e5) [0x78f10dabb1e5]
 --- .venv/bin/python3(_PyObject_Call_Prepend+0x115) [0x5f001a16ac65]
 --- .venv/bin/python3(+0x3a2b46) [0x5f001a19eb46]
 --- .venv/bin/python3(_PyEval_EvalFrameDefault+0xa16c) [0x5f001a0cc87c]
 --- .venv/bin/python3(_PyFunction_Vectorcall+0x202) [0x5f001a 06d352]
 --- .venv/bin/python3(_PyObject_Call_Prepend+0x115) [0x5f001a16ac65]
 --- .venv/bin/python3(+0x3a2b46) [0x5f001a19eb46]
 --- .venv/bin/python3(+0x2fd2a2) [0x5f001a0f92a2]
 --- .venv/bin/python3(_PyEval_EvalFrameDefault+0x3eef) [0x5f001a0c65ff]
 --- .venv/bin/python3(_PyFunction_Vectorcall+0x202) [0x5f001a06d352]
 --- .venv/bin/python3(+0x2fd0b9) [0x5 sf001a0f90b9]
 --- .venv/bin/python3(_PyEval_EvalFrameDefault+0x4068) [0x5f001a0c6778]
 --- .venv/bin/python3(_PyFunction_Vectorcall+0x202) [0x5f001a06d352]
 --- .venv/bin/python3(+0x2fd0b9) [0x5f001a0f90b9]
 --- .venv/bin/python3(_PyEval_EvalFrameDefault+0x4068) [0x5f001a0c6778]
 --- .venv/bin/python3(+0x3d4a54) [0x5f001a1d0a54]
 --- .venv/bin/python3(+0x40a643) [0x5f001a206643]
 --- .venv/bin/python3(+0x1b35b2) [0x5f0019faf5b2]
 --- .venv/bin/python3(_PyRun_SimpleFileObject+0x109) [0x5f0019faf0e9]
 --- .venv/bin/python3(_PyRun_AnyFileObject+0xa5) [0x5f0019faeae5]
 --- .venv/bin/python3(+0x1bcda9) [0x5f0019fb8da9]
 --- .venv/bin/python3(+0x1bc912) [0x5f0019fb8912]
 --- .venv/bin/python3(Py_RunMain+0x680) [0x5f001a212030]
 --- .venv/bin/python3(+0x148028) [0x5f0019f44028]
 --- /lib/x86_64-linux-gnu/libc.so.6(+0x29d90) [0x78f25e6a6d90]
 --- /lib/x86_64-linux-gnu/libc.so.6(__libc_start_main+0x80) [0x78f25e6a6e40]
 --- .venv/bin/python3(+0x34616b) [0x5f001a14216b]

2d	lwt2d+ilwt2d_roundtrip	db9	smooth	Medium	ttnn	398.18	0.39818000000000003	nan	0.0	False	TT_FATAL @ /home/user/tt-wavelet/tt-metal/tt_metal/impl/program/program.cpp:2752: state.offset <= max_size
info:
Program size (74752) too large for kernel config buffer (70656) on TENSIX
backtrace:
 --- /home/user/tt-wavelet/build/tt-metal/tt_metal/libtt_metal.so(+0x9b44ab) [0x78f10a8ae4ab]
 --- /home/user/tt-wavelet/build/tt-metal/tt_metal/libtt_metal.so(_ZN2tt8tt_metal6detail11ProgramImpl24finalize_program_offsetsEN4ttsl10StrongTypeIiNS0_12ContextIdTagEEEPNS0_7IDeviceERKSt8functionIFRSt13unordered_mapIjSt10shared_ptrINS0_6KernelEESt4hashIjESt8equal_toIjESaISt4pairIKjSD_EEEjEERKS9_IFRSt6vectorISB_INS0_11KernelGroupEESaISU_EEjEERKS9_IFRKSS_INS0_9SemaphoreESaIS12_EEvEESt4spanIPS2_Lm18446744073709551615EE+0xa7b) [0x78f10a892c1b]
 --- tt::tt_metal::distributed::MeshWorkloadImpl::finalize_offsets(tt::tt_metal::distributed::MeshDevice*)
 --- tt::tt_metal::distributed::MeshWorkloadImpl::compile(tt::tt_metal::distributed::MeshDevice*)
 --- tt::tt_metal::distributed::EnqueueMeshWorkload(tt::tt_metal::distributed::MeshCommandQueue&, tt::tt_metal::distributed::MeshWorkload&, bool)
 --- /home/user/tt-metal/build/lib/_ttnncpp.so(_ZN4ttnn16device_operation6detail21enqueue_mesh_workloadITkNS0_36DeviceOperationWithMeshDeviceAdapterENS0_26MeshDeviceOperationAdapterINS_4prim20Lwt2DDeviceOperationEEEEEvRKNT_22operation_attributes_tERKNS7_13tensor_args_tERNS7_21tensor_return_value_tEPN2tt8tt_metal11distributed10MeshDeviceERNSI_12MeshWorkloadEb+0x284) [0x78f10c7c56c4]
 --- /home/user/tt-metal/build/lib/_ttnncpp.so(+0x14603f3) [0x78f10c7c63f3]
 --- /home/user/tt-metal/build/lib/_ttnncpp.so(_ZN4ttnn16device_operation6detail29launch_operation_with_adapterITkNS0_36DeviceOperationWithMeshDeviceAdapterENS0_26MeshDeviceOperationAdapterINS_4prim20Lwt2DDeviceOperationEEEEEvRKNT_22operation_attributes_tERKNS7_13tensor_args_tERNS7_21tensor_return_value_tEPN2tt8tt_metal11distributed10MeshDeviceE+0x245) [0x78f10c7c2275]
 --- /home/user/tt-metal/build/lib/_ttnncpp.so(_ZN4ttnn16device_operation6detail6launchITkNS0_22DeviceOperationConceptENS_4prim20Lwt2DDeviceOperationEEENT_21tensor_return_value_tERKNS5_22operation_attributes_tERKNS5_13tensor_args_tE+0x3aa) [0x78f10c78e77a]
 --- ttnn::prim::lwt_2d(ttnn::Tensor const&, ttnn::operations::wavelet::SchemeId, ttnn::operations::wavelet::BoundaryMode, tt::tt_metal::MemoryConfig const&, std::optional<std::array<ttnn::Tensor, 4ul> > const&)
 --- ttnn::dwt_2d(ttnn::Tensor const&, std::basic_string_view<char, std::char_traits<char> >, std::basic_string_view<char, std::char_traits<char> >, std::optional<tt::tt_metal::MemoryConfig> const&, std::optional<std::array<ttnn::Tensor, 4ul> > const&)
 --- /home/user/tt-wavelet/tt-metal/ttnn/ttnn/_ttnn.so(+0x6e6f2d) [0x78f10de48f2d]
 --- /home/user/tt-wavelet/tt-metal/ttnn/ttnn/_ttnn.so(+0x3591e5) [0x78f10dabb1e5]
 --- .venv/bin/python3(_PyObject_Call_Prepend+0x115) [0x5f001a16ac65]
 --- .venv/bin/python3(+0x3a2b46) [0x5f001a19eb46]
 --- .venv/bin/python3(_PyEval_EvalFrameDefault+0xa16c) [0x5f001a0cc87c]
 --- .venv/bin/python3(_PyFunction_Vectorcall+0x202) [0x5f001a06d352]
 --- .venv/bin/python3(_PyObject_Call_Prepend+0x115) [0x5f001a16ac65]
 --- .venv/bin/python3(+0x3a2b46) [0x5f001a19eb46]
 --- .venv/bin/python3(+0x2fd2a2) [0x5f001a0f92a2]
 --- .venv/bin/python3(_PyEval_EvalFrameDefault+0x3eef) [0x5f001a0c65ff]
 --- .venv/bin/python3(_PyFunction_Vectorcall+0x202) [0x5f001a06d352]
 --- .venv/bin/python3(+0x2fd0b9) [0x5f001a0f90b9]
 --- .venv/bin/python3(_PyEval_EvalFrameDefault+0x4068) [0x5f001a0c6778]
 --- .venv/bin/python3(_PyFunction_Vectorcall+0x202) [0x5f001a06d352]
 --- .venv/bin/python3(+0x2fd0b9) [0x5f001a0f90b9]
 --- .venv/bin/python3(_PyEval_EvalFrameDefault+0x4068) [0x5f001a0c6778]
 --- .venv/bin/python3(+0x3d4a54) [0x5f001a1d0a54]
 --- .venv/bin/python3(+0x40a643) [0x5f001a206643]
 --- .venv/bin/python3(+0x1b35b2) [0x5f0019faf5b2]
 --- .venv/bin/python3(_PyRun_SimpleFileObject+0x109) [0x5f0019faf0e9]
 --- .venv/bin/python3(_PyRun_AnyFileObject+0xa5) [0x5f0019faeae5]
 --- .venv/bin/python3(+0x1bcda9) [0x5f0019fb8da9]
 --- .venv/bin/python3(+0x1bc912) [0x5f0019fb8912]
 --- .venv/bin/python3(Py_RunMain+0x680) [0x5f001a212030]
 --- .venv/bin/python3(+0x148028) [0x5f0019f44028]
 --- /lib/x86_64-linux-gnu/libc.so.6(+0x29d90) [0x78f25e6a6d90]
 --- /lib/x86_64-linux-gnu/libc.so.6(__libc_start_main+0x80) [0x78f25e6a6e40]
 --- .venv/bin/python3(+0x34616b) [0x5f001a14216b]

2d	lwt2d+ilwt2d_roundtrip	db9	reflect	Medium	ttnn	398.18	0.39818000000000003	nan	0.0	False	TT_FATAL @ /home/user/tt-wavelet/tt-metal/tt_metal/impl/program/program.cpp:2752: state.offset <= max_size
info:
Program size (72752) too large for kernel config buffer (70656) on TENSIX
backtrace:
 --- /home/user/tt-wavelet/build/tt-metal/tt_metal/libtt_metal.so(+0x9b44ab) [0x78f10a8ae4ab]
 --- /home/user/tt-wavelet/build/tt-metal/tt_metal/libtt_metal.so(_ZN2tt8tt_metal6detail11ProgramImpl24finalize_program_offsetsEN4ttsl10StrongTypeIiNS0_12ContextIdTagEEEPNS0_7IDeviceERKSt8functionIFRSt13unordered_mapIjSt10shared_ptrINS0_6KernelEESt4hashIjESt8equal_toIjESaISt4pairIKjSD_EEEjEERKS9_IFRSt6vectorISB_INS0_11KernelGroupEESaISU_EEjEERKS9_IFRKSS_INS0_9SemaphoreESaIS12_EEvEESt4spanIPS2_Lm18446744073709551615EE+0xa7b) [0x78f10a892c1b]
 --- tt::tt_metal::distributed::MeshWorkloadImpl::finalize_offsets(tt::tt_metal::distributed::MeshDevice*)
 --- tt::tt_metal::distributed::MeshWorkloadImpl::compile(tt::tt_metal::distributed::MeshDevice*)
 --- tt::tt_metal::distributed::EnqueueMeshWorkload(tt::tt_metal::distributed::MeshCommandQueue&, tt::tt_metal::distributed::MeshWorkload&, bool)
 --- /home/user/tt-metal/build/lib/_ttnncpp.so(_ZN4ttnn16device_operation6detail21enqueue_mesh_workloadITkNS0_36DeviceOperationWithMeshDeviceAdapterENS0_26MeshDeviceOperationAdapterINS_4prim20Lwt2DDeviceOperationEEEEEvRKNT_22operation_attributes_tERKNS7_13tensor_args_tERNS7_21tensor_return_value_tEPN2tt8tt_metal11distributed10MeshDeviceERNSI_12MeshWorkloadEb+0x284) [0x78f10c7c56c4]
 --- /home/user/tt-metal/build/lib/_ttnncpp.so(+0x14603f3) [0x78f10c7c63f3]
 --- /home/user/tt-metal/build/lib/_ttnncpp.so(_ZN4ttnn16device_operation6detail29launch_operation_with_adapterITkNS0_36DeviceOperationWithMeshDeviceAdapterENS0_26MeshDeviceOperationAdapterINS_4prim20Lwt2DDeviceOperationEEEEEvRKNT_22operation_attributes_tERKNS7_13tensor_args_tERNS7_21tensor_return_value_tEPN2tt8tt_metal11distributed10MeshDeviceE+0x245) [0x78f10c7c2275]
 --- /home/user/tt-metal/build/lib/_ttnncpp.so(_ZN4ttnn16device_operation6detail6launchITkNS0_22DeviceOperationConceptENS_4prim20Lwt2DDeviceOperationEEENT_21tensor_return_value_tERKNS5_22operation_attributes_tERKNS5_13tensor_args_tE+0x3aa) [0x78f10c78e77a]
 --- ttnn::prim::lwt_2d(ttnn::Tensor const&, ttnn::operations::wavelet::SchemeId, ttnn::operations::wavelet::BoundaryMode, tt::tt_metal::MemoryConfig const&, std::optional<std::array<ttnn::Tensor, 4ul> > const&)
 --- ttnn::dwt_2d(ttnn::Tensor const&, std::basic_string_view<char, std::char_traits<char> >, std::basic_string_view<char, std::char_traits<char> >, std::optional<tt::tt_metal::MemoryConfig> const&, std::optional<std::array<ttnn::Tensor, 4ul> > const&)
 --- /home/user/tt-wavelet/tt-metal/ttnn/ttnn/_ttnn.so(+0x6e6f2d) [0x78f10de48f2d]
 --- /home/user/tt-wavelet/tt-metal/ttnn/ttnn/_ttnn.so(+0x3591e5) [0x78f10dabb1e5]
 --- .venv/bin/python3(_PyObject_Call_Prepend+0x115) [0x5f001a16ac65]
 --- .venv/bin/python3(+0x3a2b46) [0x5f001a19eb46]
 --- .venv/bin/python3(_PyEval_EvalFrameDefault+0xa16c) [0x5f001a0cc87c]
 --- .venv/bin/python3(_PyFunction_Vectorcall+0x202) [0x5f001a06d352]
 --- .venv/bin/python3(_PyObject_Call_Prepend+0x115) [0x5f001a16ac65]
 --- .venv/bin/python3(+0x3a2b46) [0x5f001a19eb46]
 --- .venv/bin/python3(+0x2fd2a2) [0x5f001a0f92a2]
 --- .venv/bin/python3(_PyEval_EvalFrameDefault+0x3eef) [0x5f001a0c65ff]
 --- .venv/bin/python3(_PyFunction_Vectorcall+0x202) [0x5f001a06d352]
 --- .venv/bin/python3(+0x2fd0b9) [0x5f001a0f90b9]
 --- .venv/bin/python3(_PyEval_EvalFrameDefault+0x4068) [0x5f001a0c6778]
 --- .venv/bin/python3(_PyFunction_Vectorcall+0x202) [0x5f001a06d352]
 --- .venv/bin/python3(+0x2fd0b9) [0x5f001a0f90b9]
 --- .venv/bin/python3(_PyEval_EvalFrameDefault+0x4068) [0x5f001a0c6778]
 --- .venv/bin/python3(+0x3d4a54) [0x5f001a1d0a54]
 --- .venv/bin/python3(+0x40a643) [0x5f001a206643]
 --- .venv/bin/python3(+0x1b35b2) [0x5f0019faf5b2]
 --- .venv/bin/python3(_PyRun_SimpleFileObject+0x109) [0x5f0019faf0e9]
 --- .venv/bin/python3(_PyRun_AnyFileObject+0xa5) [0x5f0019faeae5]
 --- .venv/bin/python3(+0x1bcda9) [0x5f0019fb8da9]
 --- .venv/bin/python3(+0x1bc912) [0x5f0019fb8912]
 --- .venv/bin/python3(Py_RunMain+0x680) [0x5f001a212030]
 --- .venv/bin/python3(+0x148028) [0x5f0019f44028]
 --- /lib/x86_64-linux-gnu/libc.so.6(+0x29d90) [0x78f25e6a6d90]
 --- /lib/x86_64-linux-gnu/libc.so.6(__libc_start_main+0x80) [0x78f25e6a6e40]
 --- .venv/bin/python3(+0x34616b) [0x5f001a14216b]

2d	lwt2d+ilwt2d_roundtrip	db9	antireflect	Medium	ttnn	398.18	0.39818000000000003	nan	0.0	False	TT_FATAL @ /home/user/tt-wavelet/tt-metal/tt_metal/impl/program/program.cpp:2752: state.offset <= max_size
info:
Program size (75008) too large for kernel config buffer (70656) on TENSIX
backtrace:
 --- /home/user/tt-wavelet/build/tt-metal/tt_metal/libtt_metal.so(+0x9b44ab) [0x78f10a8ae4ab]
 --- /home/user/tt-wavelet/build/tt-metal/tt_metal/libtt_metal.so(_ZN2tt8tt_metal6detail11ProgramImpl24finalize_program_offsetsEN4ttsl10StrongTypeIiNS0_12ContextIdTagEEEPNS0_7IDeviceERKSt8functionIFRSt13unordered_mapIjSt10shared_ptrINS0_6KernelEESt4hashIjESt8equal_toIjESaISt4pairIKjSD_EEEjEERKS9_IFRSt6vectorISB_INS0_11KernelGroupEESaISU_EEjEERKS9_IFRKSS_INS0_9SemaphoreESaIS12_EEvEESt4spanIPS2_Lm18446744073709551615EE+0xa7b) [0x78f10a892c1b]
 --- tt::tt_metal::distributed::MeshWorkloadImpl::finalize_offsets(tt::tt_metal::distributed::MeshDevice*)
 --- tt::tt_metal::distributed::MeshWorkloadImpl::compile(tt::tt_metal::distributed::MeshDevice*)
 --- tt::tt_metal::distributed::EnqueueMeshWorkload(tt::tt_metal::distributed::MeshCommandQueue&, tt::tt_metal::distributed::MeshWorkload&, bool)
 --- /home/user/tt-metal/build/lib/_ttnncpp.so(_ZN4ttnn16device_operation6detail21enqueue_mesh_workloadITkNS0_36DeviceOperationWithMeshDeviceAdapterENS0_26MeshDeviceOperationAdapterINS_4prim20Lwt2DDeviceOperationEEEEEvRKNT_22operation_attributes_tERKNS7_13tensor_args_tERNS7_21tensor_return_value_tEPN2tt8tt_metal11distributed10MeshDeviceERNSI_12MeshWorkloadEb+0x284) [0x78f10c7c56c4]
 --- /home/user/tt-metal/build/lib/_ttnncpp.so(+0x14603f3) [0x78f10c7c63f3]
 --- /home/user/tt-metal/build/lib/_ttnncpp.so(_ZN4ttnn16device_operation6detail29launch_operation_with_adapterITkNS0_36DeviceOperationWithMeshDeviceAdapterENS0_26MeshDeviceOperationAdapterINS_4prim20Lwt2DDeviceOperationEEEEEvRKNT_22operation_attributes_tERKNS7_13tensor_args_tERNS7_21tensor_return_value_tEPN2tt8tt_metal11distributed10MeshDeviceE+0x245) [0x78f10c7c2275]
 --- /home/user/tt-metal/build/lib/_ttnncpp.so(_ZN4ttnn16device_operation6detail6launchITkNS0_22DeviceOperationConceptENS_4prim20Lwt2DDeviceOperationEEENT_21tensor_return_value_tERKNS5_22operation_attributes_tERKNS5_13tensor_args_tE+0x3aa) [0x78f10c78e77a]
 --- ttnn::prim::lwt_2d(ttnn::Tensor const&, ttnn::operations::wavelet::SchemeId, ttnn::operations::wavelet::BoundaryMode, tt::tt_metal::MemoryConfig const&, std::optional<std::array<ttnn::Tensor, 4ul> > const&)
 --- ttnn::dwt_2d(ttnn::Tensor const&, std::basic_string_view<char, std::char_traits<char> >, std::basic_string_view<char, std::char_traits<char> >, std::optional<tt::tt_metal::MemoryConfig> const&, std::optional<std::array<ttnn::Tensor, 4ul> > const&)
 --- /home/user/tt-wavelet/tt-metal/ttnn/ttnn/_ttnn.so(+0x6e6f2d) [0x78f10de48f2d]
 --- /home/user/tt-wavelet/tt-metal/ttnn/ttnn/_ttnn.so(+0x3591e5) [0x78f10dabb1e5]
 --- .venv/bin/python3(_PyObject_Call_Prepend+0x115) [0x5f001a16ac65]
 --- .venv/bin/python3(+0x3a2b46) [0x5f001a19eb46]
 --- .venv/bin/python3(_PyEval_EvalFrameDefault+0xa16c) [0x5f001a0cc87c]
 --- .venv/bin/python3(_PyFunction_Vectorcall+0x202) [0x5f001a06d352]
 --- .venv/bin/python3(_PyObject_Call_Prepend+0x115) [0x5f001a16ac65]
 --- .venv/bin/python3(+0x3a2b46) [0x5f001a19eb46]
 --- .venv/bin/python3(+0x2fd2a2) [0x5f001a0f92a2]
 --- .venv/bin/python3(_PyEval_EvalFrameDefault+0x3eef) [0x5f001a0c65ff]
 --- .venv/bin/python3(_PyFunction_Vectorcall+0x202) [0x5f001a06d352]
 --- .venv/bin/python3(+0x2fd0b9) [0x5f001a0f90b9]
 --- .venv/bin/python3(_PyEval_EvalFrameDefault+0x4068) [0x5f001a0c6778]
 --- .venv/bin/python3(_PyFunction_Vectorcall+0x202) [0x5f001a06d352]
 --- .venv/bin/python3(+0x2fd0b9) [0x5f001a0f90b9]
 --- .venv/bin/python3(_PyEval_EvalFrameDefault+0x4068) [0x5f001a0c6778]
 --- .venv/bin/python3(+0x3d4a54) [0x5f001a1d0a54]
 --- .venv/bin/python3(+0x40a643) [0x5f001a206643]
 --- .venv/bin/python3(+0x1b35b2) [0x5f0019faf5b2]
 --- .venv/bin/python3(_PyRun_SimpleFileObject+0x109) [0x5f0019faf0e9]
 --- .venv/bin/python3(_PyRun_AnyFileObject+0xa5) [0x5f0019faeae5]
 --- .venv/bin/python3(+0x1bcda9) [0x5f0019fb8da9]
 --- .venv/bin/python3(+0x1bc912) [0x5f0019fb8912]
 --- .venv/bin/python3(Py_RunMain+0x680) [0x5f001a212030]
 --- .venv/bin/python3(+0x148028) [0x5f0019f44028]
 --- /lib/x86_64-linux-gnu/libc.so.6(+0x29d90) [0x78f25e6a6d90]
 --- /lib/x86_64-linux-gnu/libc.so.6(__libc_start_main+0x80) [0x78f25e6a6e40]
 --- .venv/bin/python3(+0x34616b) [0x5f001a14216b]

2d	lwt2d+ilwt2d_roundtrip	dmey	symmetric	Large / Sensitive	ttnn	28.028	0.14014	0.0003522038459777832	0.9999999921246915	True	
2d	lwt2d+ilwt2d_roundtrip	dmey	zero	Large / Sensitive	ttnn	28.028	0.14014	0.0003330111503601074	0.9999999929538412	True	
2d	lwt2d+ilwt2d_roundtrip	dmey	constant	Large / Sensitive	ttnn	28.028	0.14014	0.0002721548080444336	0.9999999931372958	True	
2d	lwt2d+ilwt2d_roundtrip	dmey	periodic	Large / Sensitive	ttnn	28.028	0.14014	0.00030434131622314453	0.9999999931611911	True	
2d	lwt2d+ilwt2d_roundtrip	dmey	antisymmetric	Large / Sensitive	ttnn	28.028	0.14014	0.000306546688079834	0.9999999934584134	True	
2d	lwt2d+ilwt2d_roundtrip	dmey	smooth	Large / Sensitive	ttnn	28.028	0.14014	0.00037485361099243164	0.9999999930234966	True	
2d	lwt2d+ilwt2d_roundtrip	dmey	reflect	Large / Sensitive	ttnn	28.028	0.14014	0.0003775358200073242	0.9999999925704719	True	
2d	lwt2d+ilwt2d_roundtrip	dmey	antireflect	Large / Sensitive	ttnn	28.028	0.14014	0.0002792477607727051	0.9999999931905954	True	
2d	lwt2d+ilwt2d_roundtrip	haar	symmetric	Compact	ttnn	1.41421	0.000141421	1.7881393432617188e-07	0.9999999999999981	True	
2d	lwt2d+ilwt2d_roundtrip	haar	zero	Compact	ttnn	1.41421	0.000141421	1.7881393432617188e-07	0.9999999999999981	True	
2d	lwt2d+ilwt2d_roundtrip	haar	constant	Compact	ttnn	1.41421	0.000141421	1.7881393432617188e-07	0.9999999999999981	True	
2d	lwt2d+ilwt2d_roundtrip	haar	periodic	Compact	ttnn	1.41421	0.000141421	1.7881393432617188e-07	0.9999999999999981	True	
2d	lwt2d+ilwt2d_roundtrip	haar	antisymmetric	Compact	ttnn	1.41421	0.000141421	1.7881393432617188e-07	0.9999999999999981	True	
2d	lwt2d+ilwt2d_roundtrip	haar	smooth	Compact	ttnn	1.41421	0.000141421	1.7881393432617188e-07	0.9999999999999981	True	
2d	lwt2d+ilwt2d_roundtrip	haar	reflect	Compact	ttnn	1.41421	0.000141421	1.7881393432617188e-07	0.9999999999999981	True	
2d	lwt2d+ilwt2d_roundtrip	haar	antireflect	Compact	ttnn	1.41421	0.000141421	1.7881393432617188e-07	0.9999999999999981	True	
2d	lwt2d+ilwt2d_roundtrip	rbio1.1	symmetric	Compact	ttnn	1.41421	0.000141421	1.7881393432617188e-07	0.9999999999999981	True	
2d	lwt2d+ilwt2d_roundtrip	rbio1.1	zero	Compact	ttnn	1.41421	0.000141421	1.7881393432617188e-07	0.9999999999999981	True	
2d	lwt2d+ilwt2d_roundtrip	rbio1.1	constant	Compact	ttnn	1.41421	0.000141421	1.7881393432617188e-07	0.9999999999999981	True	
2d	lwt2d+ilwt2d_roundtrip	rbio1.1	periodic	Compact	ttnn	1.41421	0.000141421	1.7881393432617188e-07	0.9999999999999981	True	
2d	lwt2d+ilwt2d_roundtrip	rbio1.1	antisymmetric	Compact	ttnn	1.41421	0.000141421	1.7881393432617188e-07	0.9999999999999981	True	
2d	lwt2d+ilwt2d_roundtrip	rbio1.1	smooth	Compact	ttnn	1.41421	0.000141421	1.7881393432617188e-07	0.9999999999999981	True	
2d	lwt2d+ilwt2d_roundtrip	rbio1.1	reflect	Compact	ttnn	1.41421	0.000141421	1.7881393432617188e-07	0.9999999999999981	True	
2d	lwt2d+ilwt2d_roundtrip	rbio1.1	antireflect	Compact	ttnn	1.41421	0.000141421	1.7881393432617188e-07	0.9999999999999981	True	
2d	lwt2d+ilwt2d_roundtrip	rbio1.3	symmetric	Compact	ttnn	1.41421	0.000141421	2.980232238769531e-07	0.9999999999999962	True	
2d	lwt2d+ilwt2d_roundtrip	rbio1.3	zero	Compact	ttnn	1.41421	0.000141421	2.980232238769531e-07	0.999999999999996	True	
2d	lwt2d+ilwt2d_roundtrip	rbio1.3	constant	Compact	ttnn	1.41421	0.000141421	2.980232238769531e-07	0.9999999999999961	True	
2d	lwt2d+ilwt2d_roundtrip	rbio1.3	periodic	Compact	ttnn	1.41421	0.000141421	2.980232238769531e-07	0.999999999999996	True	
2d	lwt2d+ilwt2d_roundtrip	rbio1.3	antisymmetric	Compact	ttnn	1.41421	0.000141421	2.980232238769531e-07	0.9999999999999962	True	
2d	lwt2d+ilwt2d_roundtrip	rbio1.3	smooth	Compact	ttnn	1.41421	0.000141421	2.980232238769531e-07	0.9999999999999958	True	
2d	lwt2d+ilwt2d_roundtrip	rbio1.3	reflect	Compact	ttnn	1.41421	0.000141421	2.980232238769531e-07	0.9999999999999961	True	
2d	lwt2d+ilwt2d_roundtrip	rbio1.3	antireflect	Compact	ttnn	1.41421	0.000141421	2.980232238769531e-07	0.9999999999999954	True	
2d	lwt2d+ilwt2d_roundtrip	rbio1.5	symmetric	Compact	ttnn	1.41421	0.000141421	2.980232238769531e-07	0.999999999999995	True	
2d	lwt2d+ilwt2d_roundtrip	rbio1.5	zero	Compact	ttnn	1.41421	0.000141421	2.980232238769531e-07	0.9999999999999951	True	
2d	lwt2d+ilwt2d_roundtrip	rbio1.5	constant	Compact	ttnn	1.41421	0.000141421	2.980232238769531e-07	0.9999999999999954	True	
2d	lwt2d+ilwt2d_roundtrip	rbio1.5	periodic	Compact	ttnn	1.41421	0.000141421	2.980232238769531e-07	0.9999999999999948	True	
2d	lwt2d+ilwt2d_roundtrip	rbio1.5	antisymmetric	Compact	ttnn	1.41421	0.000141421	2.980232238769531e-07	0.9999999999999949	True	
2d	lwt2d+ilwt2d_roundtrip	rbio1.5	smooth	Compact	ttnn	1.41421	0.000141421	2.980232238769531e-07	0.9999999999999949	True	
2d	lwt2d+ilwt2d_roundtrip	rbio1.5	reflect	Compact	ttnn	1.41421	0.000141421	2.980232238769531e-07	0.9999999999999953	True	
2d	lwt2d+ilwt2d_roundtrip	rbio1.5	antireflect	Compact	ttnn	1.41421	0.000141421	2.980232238769531e-07	0.9999999999999949	True	
2d	lwt2d+ilwt2d_roundtrip	rbio2.2	symmetric	Compact	ttnn	1.41421	0.000141421	4.76837158203125e-07	0.9999999999999932	True	
2d	lwt2d+ilwt2d_roundtrip	rbio2.2	zero	Compact	ttnn	1.41421	0.000141421	4.76837158203125e-07	0.9999999999999936	True	
2d	lwt2d+ilwt2d_roundtrip	rbio2.2	constant	Compact	ttnn	1.41421	0.000141421	4.76837158203125e-07	0.9999999999999933	True	
2d	lwt2d+ilwt2d_roundtrip	rbio2.2	periodic	Compact	ttnn	1.41421	0.000141421	4.76837158203125e-07	0.9999999999999934	True	
2d	lwt2d+ilwt2d_roundtrip	rbio2.2	antisymmetric	Compact	ttnn	1.41421	0.000141421	4.76837158203125e-07	0.9999999999999931	True	
2d	lwt2d+ilwt2d_roundtrip	rbio2.2	smooth	Compact	ttnn	1.41421	0.000141421	4.76837158203125e-07	0.9999999999999936	True	
2d	lwt2d+ilwt2d_roundtrip	rbio2.2	reflect	Compact	ttnn	1.41421	0.000141421	4.76837158203125e-07	0.9999999999999936	True	
2d	lwt2d+ilwt2d_roundtrip	rbio2.2	antireflect	Compact	ttnn	1.41421	0.000141421	4.76837158203125e-07	0.9999999999999933	True	
2d	lwt2d+ilwt2d_roundtrip	rbio2.4	symmetric	Compact	ttnn	1.41421	0.000141421	4.172325134277344e-07	0.9999999999999919	True	
2d	lwt2d+ilwt2d_roundtrip	rbio2.4	zero	Compact	ttnn	1.41421	0.000141421	4.172325134277344e-07	0.9999999999999921	True	
2d	lwt2d+ilwt2d_roundtrip	rbio2.4	constant	Compact	ttnn	1.41421	0.000141421	4.172325134277344e-07	0.999999999999992	True	
2d	lwt2d+ilwt2d_roundtrip	rbio2.4	periodic	Compact	ttnn	1.41421	0.000141421	4.172325134277344e-07	0.9999999999999916	True	
2d	lwt2d+ilwt2d_roundtrip	rbio2.4	antisymmetric	Compact	ttnn	1.41421	0.000141421	4.172325134277344e-07	0.9999999999999916	True	
2d	lwt2d+ilwt2d_roundtrip	rbio2.4	smooth	Compact	ttnn	1.41421	0.000141421	4.172325134277344e-07	0.9999999999999917	True	
2d	lwt2d+ilwt2d_roundtrip	rbio2.4	reflect	Compact	ttnn	1.41421	0.000141421	4.172325134277344e-07	0.999999999999992	True	
2d	lwt2d+ilwt2d_roundtrip	rbio2.4	antireflect	Compact	ttnn	1.41421	0.000141421	4.172325134277344e-07	0.999999999999992	True	
2d	lwt2d+ilwt2d_roundtrip	rbio2.6	symmetric	Large / Sensitive	ttnn	1.41421	0.00707105	5.364418029785156e-07	0.9999999999999915	True	
2d	lwt2d+ilwt2d_roundtrip	rbio2.6	zero	Large / Sensitive	ttnn	1.41421	0.00707105	4.172325134277344e-07	0.999999999999992	True	
2d	lwt2d+ilwt2d_roundtrip	rbio2.6	constant	Large / Sensitive	ttnn	1.41421	0.00707105	5.364418029785156e-07	0.9999999999999917	True	
2d	lwt2d+ilwt2d_roundtrip	rbio2.6	periodic	Large / Sensitive	ttnn	1.41421	0.00707105	5.364418029785156e-07	0.999999999999992	True	
2d	lwt2d+ilwt2d_roundtrip	rbio2.6	antisymmetric	Large / Sensitive	ttnn	1.41421	0.00707105	4.172325134277344e-07	0.9999999999999918	True	
2d	lwt2d+ilwt2d_roundtrip	rbio2.6	smooth	Large / Sensitive	ttnn	1.41421	0.00707105	5.364418029785156e-07	0.9999999999999916	True	
2d	lwt2d+ilwt2d_roundtrip	rbio2.6	reflect	Large / Sensitive	ttnn	1.41421	0.00707105	4.172325134277344e-07	0.9999999999999915	True	
2d	lwt2d+ilwt2d_roundtrip	rbio2.6	antireflect	Large / Sensitive	ttnn	1.41421	0.00707105	4.172325134277344e-07	0.9999999999999913	True	
2d	lwt2d+ilwt2d_roundtrip	rbio2.8	symmetric	Large / Sensitive	ttnn	1.41421	0.00707105	4.76837158203125e-07	0.9999999999999886	True	
2d	lwt2d+ilwt2d_roundtrip	rbio2.8	zero	Large / Sensitive	ttnn	1.41421	0.00707105	5.364418029785156e-07	0.9999999999999887	True	
2d	lwt2d+ilwt2d_roundtrip	rbio2.8	constant	Large / Sensitive	ttnn	1.41421	0.00707105	4.76837158203125e-07	0.9999999999999889	True	
2d	lwt2d+ilwt2d_roundtrip	rbio2.8	periodic	Large / Sensitive	ttnn	1.41421	0.00707105	4.76837158203125e-07	0.9999999999999887	True	
2d	lwt2d+ilwt2d_roundtrip	rbio2.8	antisymmetric	Large / Sensitive	ttnn	1.41421	0.00707105	4.76837158203125e-07	0.9999999999999885	True	
2d	lwt2d+ilwt2d_roundtrip	rbio2.8	smooth	Large / Sensitive	ttnn	1.41421	0.00707105	4.76837158203125e-07	0.9999999999999896	True	
2d	lwt2d+ilwt2d_roundtrip	rbio2.8	reflect	Large / Sensitive	ttnn	1.41421	0.00707105	4.76837158203125e-07	0.9999999999999883	True	
2d	lwt2d+ilwt2d_roundtrip	rbio2.8	antireflect	Large / Sensitive	ttnn	1.41421	0.00707105	4.76837158203125e-07	0.9999999999999888	True	
2d	lwt2d+ilwt2d_roundtrip	rbio3.1	symmetric	Compact	ttnn	2.12132	0.000212132	5.960464477539062e-07	0.9999999999999799	True	
2d	lwt2d+ilwt2d_roundtrip	rbio3.1	zero	Compact	ttnn	2.12132	0.000212132	5.960464477539062e-07	0.9999999999999803	True	
2d	lwt2d+ilwt2d_roundtrip	rbio3.1	constant	Compact	ttnn	2.12132	0.000212132	6.556510925292969e-07	0.9999999999999789	True	
2d	lwt2d+ilwt2d_roundtrip	rbio3.1	periodic	Compact	ttnn	2.12132	0.000212132	5.960464477539062e-07	0.9999999999999795	True	
2d	lwt2d+ilwt2d_roundtrip	rbio3.1	antisymmetric	Compact	ttnn	2.12132	0.000212132	5.960464477539062e-07	0.9999999999999792	True	
2d	lwt2d+ilwt2d_roundtrip	rbio3.1	smooth	Compact	ttnn	2.12132	0.000212132	5.960464477539062e-07	0.9999999999999791	True	
2d	lwt2d+ilwt2d_roundtrip	rbio3.1	reflect	Compact	ttnn	2.12132	0.000212132	5.960464477539062e-07	0.9999999999999802	True	
2d	lwt2d+ilwt2d_roundtrip	rbio3.1	antireflect	Compact	ttnn	2.12132	0.000212132	5.960464477539062e-07	0.9999999999999796	True	
2d	lwt2d+ilwt2d_roundtrip	rbio3.3	symmetric	Compact	ttnn	2.12132	0.000212132	7.152557373046875e-07	0.9999999999999772	True	
2d	lwt2d+ilwt2d_roundtrip	rbio3.3	zero	Compact	ttnn	2.12132	0.000212132	7.152557373046875e-07	0.9999999999999787	True	
2d	lwt2d+ilwt2d_roundtrip	rbio3.3	constant	Compact	ttnn	2.12132	0.000212132	6.556510925292969e-07	0.9999999999999778	True	
2d	lwt2d+ilwt2d_roundtrip	rbio3.3	periodic	Compact	ttnn	2.12132	0.000212132	7.152557373046875e-07	0.9999999999999772	True	
2d	lwt2d+ilwt2d_roundtrip	rbio3.3	antisymmetric	Compact	ttnn	2.12132	0.000212132	6.556510925292969e-07	0.9999999999999795	True	
2d	lwt2d+ilwt2d_roundtrip	rbio3.3	smooth	Compact	ttnn	2.12132	0.000212132	6.556510925292969e-07	0.9999999999999781	True	
2d	lwt2d+ilwt2d_roundtrip	rbio3.3	reflect	Compact	ttnn	2.12132	0.000212132	6.556510925292969e-07	0.9999999999999795	True	
2d	lwt2d+ilwt2d_roundtrip	rbio3.3	antireflect	Compact	ttnn	2.12132	0.000212132	6.556510925292969e-07	0.9999999999999782	True	
2d	lwt2d+ilwt2d_roundtrip	rbio3.5	symmetric	Compact	ttnn	2.12132	0.000212132	6.556510925292969e-07	0.9999999999999698	True	
2d	lwt2d+ilwt2d_roundtrip	rbio3.5	zero	Compact	ttnn	2.12132	0.000212132	6.556510925292969e-07	0.9999999999999711	True	
2d	lwt2d+ilwt2d_roundtrip	rbio3.5	constant	Compact	ttnn	2.12132	0.000212132	6.556510925292969e-07	0.9999999999999689	True	
2d	lwt2d+ilwt2d_roundtrip	rbio3.5	periodic	Compact	ttnn	2.12132	0.000212132	6.556510925292969e-07	0.9999999999999704	True	
2d	lwt2d+ilwt2d_roundtrip	rbio3.5	antisymmetric	Compact	ttnn	2.12132	0.000212132	6.556510925292969e-07	0.9999999999999721	True	
2d	lwt2d+ilwt2d_roundtrip	rbio3.5	smooth	Compact	ttnn	2.12132	0.000212132	6.556510925292969e-07	0.9999999999999706	True	
2d	lwt2d+ilwt2d_roundtrip	rbio3.5	reflect	Compact	ttnn	2.12132	0.000212132	6.556510925292969e-07	0.9999999999999694	True	
2d	lwt2d+ilwt2d_roundtrip	rbio3.5	antireflect	Compact	ttnn	2.12132	0.000212132	6.556510925292969e-07	0.9999999999999708	True	
2d	lwt2d+ilwt2d_roundtrip	rbio3.7	symmetric	Large / Sensitive	ttnn	2.12132	0.010606599999999999	7.748603820800781e-07	0.9999999999999689	True	
2d	lwt2d+ilwt2d_roundtrip	rbio3.7	zero	Large / Sensitive	ttnn	2.12132	0.010606599999999999	7.748603820800781e-07	0.9999999999999699	True	
2d	lwt2d+ilwt2d_roundtrip	rbio3.7	constant	Large / Sensitive	ttnn	2.12132	0.010606599999999999	7.748603820800781e-07	0.9999999999999684	True	
2d	lwt2d+ilwt2d_roundtrip	rbio3.7	periodic	Large / Sensitive	ttnn	2.12132	0.010606599999999999	7.748603820800781e-07	0.9999999999999691	True	
2d	lwt2d+ilwt2d_roundtrip	rbio3.7	antisymmetric	Large / Sensitive	ttnn	2.12132	0.010606599999999999	7.748603820800781e-07	0.999999999999971	True	
2d	lwt2d+ilwt2d_roundtrip	rbio3.7	smooth	Large / Sensitive	ttnn	2.12132	0.010606599999999999	7.748603820800781e-07	0.9999999999999691	True	
2d	lwt2d+ilwt2d_roundtrip	rbio3.7	reflect	Large / Sensitive	ttnn	2.12132	0.010606599999999999	8.344650268554688e-07	0.9999999999999678	True	
2d	lwt2d+ilwt2d_roundtrip	rbio3.7	antireflect	Large / Sensitive	ttnn	2.12132	0.010606599999999999	7.748603820800781e-07	0.9999999999999685	True	
2d	lwt2d+ilwt2d_roundtrip	rbio3.9	symmetric	Large / Sensitive	ttnn	2.12132	0.010606599999999999	8.344650268554688e-07	0.9999999999999654	True	
2d	lwt2d+ilwt2d_roundtrip	rbio3.9	zero	Large / Sensitive	ttnn	2.12132	0.010606599999999999	7.152557373046875e-07	0.9999999999999682	True	
2d	lwt2d+ilwt2d_roundtrip	rbio3.9	constant	Large / Sensitive	ttnn	2.12132	0.010606599999999999	7.152557373046875e-07	0.9999999999999672	True	
2d	lwt2d+ilwt2d_roundtrip	rbio3.9	periodic	Large / Sensitive	ttnn	2.12132	0.010606599999999999	7.152557373046875e-07	0.9999999999999655	True	
2d	lwt2d+ilwt2d_roundtrip	rbio3.9	antisymmetric	Large / Sensitive	ttnn	2.12132	0.010606599999999999	7.748603820800781e-07	0.9999999999999665	True	
2d	lwt2d+ilwt2d_roundtrip	rbio3.9	smooth	Large / Sensitive	ttnn	2.12132	0.010606599999999999	7.152557373046875e-07	0.9999999999999651	True	
2d	lwt2d+ilwt2d_roundtrip	rbio3.9	reflect	Large / Sensitive	ttnn	2.12132	0.010606599999999999	7.152557373046875e-07	0.9999999999999664	True	
2d	lwt2d+ilwt2d_roundtrip	rbio3.9	antireflect	Large / Sensitive	ttnn	2.12132	0.010606599999999999	7.152557373046875e-07	0.9999999999999639	True	
2d	lwt2d+ilwt2d_roundtrip	rbio4.4	symmetric	Compact	ttnn	1.58613	0.00015861300000000002	8.940696716308594e-07	0.9999999999999629	True	
2d	lwt2d+ilwt2d_roundtrip	rbio4.4	zero	Compact	ttnn	1.58613	0.00015861300000000002	8.940696716308594e-07	0.999999999999962	True	
2d	lwt2d+ilwt2d_roundtrip	rbio4.4	constant	Compact	ttnn	1.58613	0.00015861300000000002	9.5367431640625e-07	0.9999999999999618	True	
2d	lwt2d+ilwt2d_roundtrip	rbio4.4	periodic	Compact	ttnn	1.58613	0.00015861300000000002	8.940696716308594e-07	0.9999999999999631	True	
2d	lwt2d+ilwt2d_roundtrip	rbio4.4	antisymmetric	Compact	ttnn	1.58613	0.00015861300000000002	8.940696716308594e-07	0.9999999999999618	True	
2d	lwt2d+ilwt2d_roundtrip	rbio4.4	smooth	Compact	ttnn	1.58613	0.00015861300000000002	8.344650268554688e-07	0.9999999999999616	True	
2d	lwt2d+ilwt2d_roundtrip	rbio4.4	reflect	Compact	ttnn	1.58613	0.00015861300000000002	8.940696716308594e-07	0.9999999999999627	True	
2d	lwt2d+ilwt2d_roundtrip	rbio4.4	antireflect	Compact	ttnn	1.58613	0.00015861300000000002	1.0728836059570312e-06	0.9999999999999629	True	
2d	lwt2d+ilwt2d_roundtrip	rbio5.5	symmetric	Compact	ttnn	5.58579	0.000558579	1.6093254089355469e-06	0.9999999999999267	True	
2d	lwt2d+ilwt2d_roundtrip	rbio5.5	zero	Compact	ttnn	5.58579	0.000558579	1.3709068298339844e-06	0.9999999999999305	True	
2d	lwt2d+ilwt2d_roundtrip	rbio5.5	constant	Compact	ttnn	5.58579	0.000558579	1.3709068298339844e-06	0.9999999999999274	True	
2d	lwt2d+ilwt2d_roundtrip	rbio5.5	periodic	Compact	ttnn	5.58579	0.000558579	1.6093254089355469e-06	0.999999999999927	True	
2d	lwt2d+ilwt2d_roundtrip	rbio5.5	antisymmetric	Compact	ttnn	5.58579	0.000558579	1.9073486328125e-06	0.9999999999999281	True	
2d	lwt2d+ilwt2d_roundtrip	rbio5.5	smooth	Compact	ttnn	5.58579	0.000558579	1.2516975402832031e-06	0.9999999999999352	True	
2d	lwt2d+ilwt2d_roundtrip	rbio5.5	reflect	Compact	ttnn	5.58579	0.000558579	1.430511474609375e-06	0.9999999999999327	True	
2d	lwt2d+ilwt2d_roundtrip	rbio5.5	antireflect	Compact	ttnn	5.58579	0.000558579	1.430511474609375e-06	0.9999999999999301	True	
2d	lwt2d+ilwt2d_roundtrip	rbio6.8	symmetric	Large / Sensitive	ttnn	1.15131	0.00575655	7.152557373046875e-07	0.9999999999999812	True	
2d	lwt2d+ilwt2d_roundtrip	rbio6.8	zero	Large / Sensitive	ttnn	1.15131	0.00575655	7.152557373046875e-07	0.9999999999999816	True	
2d	lwt2d+ilwt2d_roundtrip	rbio6.8	constant	Large / Sensitive	ttnn	1.15131	0.00575655	7.152557373046875e-07	0.9999999999999806	True	
2d	lwt2d+ilwt2d_roundtrip	rbio6.8	periodic	Large / Sensitive	ttnn	1.15131	0.00575655	7.152557373046875e-07	0.999999999999982	True	
2d	lwt2d+ilwt2d_roundtrip	rbio6.8	antisymmetric	Large / Sensitive	ttnn	1.15131	0.00575655	7.152557373046875e-07	0.9999999999999816	True	
2d	lwt2d+ilwt2d_roundtrip	rbio6.8	smooth	Large / Sensitive	ttnn	1.15131	0.00575655	7.152557373046875e-07	0.9999999999999812	True	
2d	lwt2d+ilwt2d_roundtrip	rbio6.8	reflect	Large / Sensitive	ttnn	1.15131	0.00575655	7.152557373046875e-07	0.999999999999981	True	
2d	lwt2d+ilwt2d_roundtrip	rbio6.8	antireflect	Large / Sensitive	ttnn	1.15131	0.00575655	7.748603820800781e-07	0.9999999999999796	True	
2d	lwt2d+ilwt2d_roundtrip	sym10	symmetric	Medium	ttnn	26.3969	0.0263969	1.6093254089355469e-06	0.9999999999998977	True	
2d	lwt2d+ilwt2d_roundtrip	sym10	zero	Medium	ttnn	26.3969	0.0263969	1.6093254089355469e-06	0.9999999999999013	True	
2d	lwt2d+ilwt2d_roundtrip	sym10	constant	Medium	ttnn	26.3969	0.0263969	1.6093254089355469e-06	0.9999999999998997	True	
2d	lwt2d+ilwt2d_roundtrip	sym10	periodic	Medium	ttnn	26.3969	0.0263969	1.6093254089355469e-06	0.999999999999899	True	
2d	lwt2d+ilwt2d_roundtrip	sym10	antisymmetric	Medium	ttnn	26.3969	0.0263969	1.6093254089355469e-06	0.9999999999999003	True	
2d	lwt2d+ilwt2d_roundtrip	sym10	smooth	Medium	ttnn	26.3969	0.0263969	1.6093254089355469e-06	0.9999999999999006	True	
2d	lwt2d+ilwt2d_roundtrip	sym10	reflect	Medium	ttnn	26.3969	0.0263969	1.6093254089355469e-06	0.9999999999998977	True	
2d	lwt2d+ilwt2d_roundtrip	sym10	antireflect	Medium	ttnn	26.3969	0.0263969	1.6093254089355469e-06	0.9999999999999042	True	
2d	lwt2d+ilwt2d_roundtrip	sym11	symmetric	Medium	ttnn	94.636	0.094636	3.6954879760742188e-06	0.999999999999347	True	
2d	lwt2d+ilwt2d_roundtrip	sym11	zero	Medium	ttnn	94.636	0.094636	3.337860107421875e-06	0.9999999999993554	True	
2d	lwt2d+ilwt2d_roundtrip	sym11	constant	Medium	ttnn	94.636	0.094636	3.337860107421875e-06	0.9999999999993461	True	
2d	lwt2d+ilwt2d_roundtrip	sym11	periodic	Medium	ttnn	94.636	0.094636	3.6954879760742188e-06	0.9999999999993454	True	
2d	lwt2d+ilwt2d_roundtrip	sym11	antisymmetric	Medium	ttnn	94.636	0.094636	4.231929779052734e-06	0.9999999999993374	True	
2d	lwt2d+ilwt2d_roundtrip	sym11	smooth	Medium	ttnn	94.636	0.094636	3.993511199951172e-06	0.9999999999993447	True	
2d	lwt2d+ilwt2d_roundtrip	sym11	reflect	Medium	ttnn	94.636	0.094636	3.2782554626464844e-06	0.9999999999993358	True	
2d	lwt2d+ilwt2d_roundtrip	sym11	antireflect	Medium	ttnn	94.636	0.094636	3.2782554626464844e-06	0.9999999999993381	True	
2d	lwt2d+ilwt2d_roundtrip	sym12	symmetric	Medium	ttnn	32.8267	0.0328267	1.6689300537109375e-06	0.9999999999998509	True	
2d	lwt2d+ilwt2d_roundtrip	sym12	zero	Medium	ttnn	32.8267	0.0328267	1.6689300537109375e-06	0.9999999999998463	True	
2d	lwt2d+ilwt2d_roundtrip	sym12	constant	Medium	ttnn	32.8267	0.0328267	1.6689300537109375e-06	0.9999999999998448	True	
2d	lwt2d+ilwt2d_roundtrip	sym12	periodic	Medium	ttnn	32.8267	0.0328267	1.6689300537109375e-06	0.9999999999998546	True	
2d	lwt2d+ilwt2d_roundtrip	sym12	antisymmetric	Medium	ttnn	32.8267	0.0328267	1.6689300537109375e-06	0.9999999999998561	True	
2d	lwt2d+ilwt2d_roundtrip	sym12	smooth	Medium	ttnn	32.8267	0.0328267	1.9073486328125e-06	0.9999999999998403	True	
2d	lwt2d+ilwt2d_roundtrip	sym12	reflect	Medium	ttnn	32.8267	0.0328267	1.6689300537109375e-06	0.9999999999998456	True	
2d	lwt2d+ilwt2d_roundtrip	sym12	antireflect	Medium	ttnn	32.8267	0.0328267	1.6689300537109375e-06	0.9999999999998457	True	
2d	lwt2d+ilwt2d_roundtrip	sym13	symmetric	Large / Sensitive	ttnn	4896790.0	24483.95	3.5822391510009766e-05	0.9999999999264	True	
2d	lwt2d+ilwt2d_roundtrip	sym13	zero	Large / Sensitive	ttnn	4896790.0	24483.95	3.5822391510009766e-05	0.9999999999280589	True	
2d	lwt2d+ilwt2d_roundtrip	sym13	constant	Large / Sensitive	ttnn	4896790.0	24483.95	3.5822391510009766e-05	0.9999999999299423	True	
2d	lwt2d+ilwt2d_roundtrip	sym13	periodic	Large / Sensitive	ttnn	4896790.0	24483.95	3.6656856536865234e-05	0.9999999999248395	True	
2d	lwt2d+ilwt2d_roundtrip	sym13	antisymmetric	Large / Sensitive	ttnn	4896790.0	24483.95	3.6656856536865234e-05	0.9999999999279784	True	
2d	lwt2d+ilwt2d_roundtrip	sym13	smooth	Large / Sensitive	ttnn	4896790.0	24483.95	3.5822391510009766e-05	0.9999999999258584	True	
2d	lwt2d+ilwt2d_roundtrip	sym13	reflect	Large / Sensitive	ttnn	4896790.0	24483.95	3.7670135498046875e-05	0.9999999999173554	True	
2d	lwt2d+ilwt2d_roundtrip	sym13	antireflect	Large / Sensitive	ttnn	4896790.0	24483.95	3.68952751159668e-05	0.9999999999258605	True	
2d	lwt2d+ilwt2d_roundtrip	sym14	symmetric	Large / Sensitive	ttnn	2592.45	12.96225	9.000301361083984e-06	0.9999999999965394	True	
2d	lwt2d+ilwt2d_roundtrip	sym14	zero	Large / Sensitive	ttnn	2592.45	12.96225	9.298324584960938e-06	0.9999999999966375	True	
2d	lwt2d+ilwt2d_roundtrip	sym14	constant	Large / Sensitive	ttnn	2592.45	12.96225	9.119510650634766e-06	0.9999999999965822	True	
2d	lwt2d+ilwt2d_roundtrip	sym14	periodic	Large / Sensitive	ttnn	2592.45	12.96225	8.821487426757812e-06	0.9999999999965195	True	
2d	lwt2d+ilwt2d_roundtrip	sym14	antisymmetric	Large / Sensitive	ttnn	2592.45	12.96225	7.867813110351562e-06	0.9999999999966895	True	
2d	lwt2d+ilwt2d_roundtrip	sym14	smooth	Large / Sensitive	ttnn	2592.45	12.96225	7.748603820800781e-06	0.9999999999967296	True	
2d	lwt2d+ilwt2d_roundtrip	sym14	reflect	Large / Sensitive	ttnn	2592.45	12.96225	7.092952728271484e-06	0.9999999999965469	True	
2d	lwt2d+ilwt2d_roundtrip	sym14	antireflect	Large / Sensitive	ttnn	2592.45	12.96225	7.033348083496094e-06	0.9999999999965937	True	
2d	lwt2d+ilwt2d_roundtrip	sym15	symmetric	Large / Sensitive	ttnn	68.4772	0.34238599999999997	1.8477439880371094e-06	0.9999999999998361	True	
2d	lwt2d+ilwt2d_roundtrip	sym15	zero	Large / Sensitive	ttnn	68.4772	0.34238599999999997	1.8477439880371094e-06	0.9999999999998446	True	
2d	lwt2d+ilwt2d_roundtrip	sym15	constant	Large / Sensitive	ttnn	68.4772	0.34238599999999997	1.8477439880371094e-06	0.9999999999998359	True	
2d	lwt2d+ilwt2d_roundtrip	sym15	periodic	Large / Sensitive	ttnn	68.4772	0.34238599999999997	1.8477439880371094e-06	0.9999999999998341	True	
2d	lwt2d+ilwt2d_roundtrip	sym15	antisymmetric	Large / Sensitive	ttnn	68.4772	0.34238599999999997	1.5497207641601562e-06	0.9999999999998297	True	
2d	lwt2d+ilwt2d_roundtrip	sym15	smooth	Large / Sensitive	ttnn	68.4772	0.34238599999999997	1.9669532775878906e-06	0.9999999999998408	True	
2d	lwt2d+ilwt2d_roundtrip	sym15	reflect	Large / Sensitive	ttnn	68.4772	0.34238599999999997	1.6093254089355469e-06	0.9999999999998337	True	
2d	lwt2d+ilwt2d_roundtrip	sym15	antireflect	Large / Sensitive	ttnn	68.4772	0.34238599999999997	1.9669532775878906e-06	0.9999999999998366	True	
2d	lwt2d+ilwt2d_roundtrip	sym16	symmetric	Large / Sensitive	ttnn	19.8683	0.09934150000000001	7.748603820800781e-07	0.999999999999958	True	
2d	lwt2d+ilwt2d_roundtrip	sym16	zero	Large / Sensitive	ttnn	19.8683	0.09934150000000001	7.748603820800781e-07	0.9999999999999578	True	
2d	lwt2d+ilwt2d_roundtrip	sym16	constant	Large / Sensitive	ttnn	19.8683	0.09934150000000001	8.344650268554688e-07	0.9999999999999565	True	
2d	lwt2d+ilwt2d_roundtrip	sym16	periodic	Large / Sensitive	ttnn	19.8683	0.09934150000000001	7.748603820800781e-07	0.999999999999958	True	
2d	lwt2d+ilwt2d_roundtrip	sym16	antisymmetric	Large / Sensitive	ttnn	19.8683	0.09934150000000001	7.748603820800781e-07	0.9999999999999594	True	
2d	lwt2d+ilwt2d_roundtrip	sym16	smooth	Large / Sensitive	ttnn	19.8683	0.09934150000000001	8.344650268554688e-07	0.9999999999999587	True	
2d	lwt2d+ilwt2d_roundtrip	sym16	reflect	Large / Sensitive	ttnn	19.8683	0.09934150000000001	8.344650268554688e-07	0.999999999999956	True	
2d	lwt2d+ilwt2d_roundtrip	sym16	antireflect	Large / Sensitive	ttnn	19.8683	0.09934150000000001	7.748603820800781e-07	0.9999999999999589	True	
2d	lwt2d+ilwt2d_roundtrip	sym17	symmetric	Large / Sensitive	ttnn	1070.37	5.35185	7.748603820800781e-07	0.999999999999958	True	
2d	lwt2d+ilwt2d_roundtrip	sym17	zero	Large / Sensitive	ttnn	1070.37	5.35185	7.152557373046875e-07	0.9999999999999594	True	
2d	lwt2d+ilwt2d_roundtrip	sym17	constant	Large / Sensitive	ttnn	1070.37	5.35185	9.5367431640625e-07	0.9999999999999576	True	
2d	lwt2d+ilwt2d_roundtrip	sym17	periodic	Large / Sensitive	ttnn	1070.37	5.35185	7.748603820800781e-07	0.9999999999999589	True	
2d	lwt2d+ilwt2d_roundtrip	sym17	antisymmetric	Large / Sensitive	ttnn	1070.37	5.35185	7.748603820800781e-07	0.9999999999999567	True	
2d	lwt2d+ilwt2d_roundtrip	sym17	smooth	Large / Sensitive	ttnn	1070.37	5.35185	8.344650268554688e-07	0.9999999999999589	True	
2d	lwt2d+ilwt2d_roundtrip	sym17	reflect	Large / Sensitive	ttnn	1070.37	5.35185	8.940696716308594e-07	0.9999999999999591	True	
2d	lwt2d+ilwt2d_roundtrip	sym17	antireflect	Large / Sensitive	ttnn	1070.37	5.35185	7.748603820800781e-07	0.9999999999999594	True	
2d	lwt2d+ilwt2d_roundtrip	sym18	symmetric	Large / Sensitive	ttnn	28.6658	0.143329	1.0728836059570312e-06	0.9999999999999457	True	
2d	lwt2d+ilwt2d_roundtrip	sym18	zero	Large / Sensitive	ttnn	28.6658	0.143329	1.0728836059570312e-06	0.999999999999945	True	
2d	lwt2d+ilwt2d_roundtrip	sym18	constant	Large / Sensitive	ttnn	28.6658	0.143329	1.1324882507324219e-06	0.9999999999999415	True	
2d	lwt2d+ilwt2d_roundtrip	sym18	periodic	Large / Sensitive	ttnn	28.6658	0.143329	1.0728836059570312e-06	0.9999999999999442	True	
2d	lwt2d+ilwt2d_roundtrip	sym18	antisymmetric	Large / Sensitive	ttnn	28.6658	0.143329	8.344650268554688e-07	0.9999999999999474	True	
2d	lwt2d+ilwt2d_roundtrip	sym18	smooth	Large / Sensitive	ttnn	28.6658	0.143329	9.5367431640625e-07	0.9999999999999444	True	
2d	lwt2d+ilwt2d_roundtrip	sym18	reflect	Large / Sensitive	ttnn	28.6658	0.143329	9.5367431640625e-07	0.9999999999999444	True	
2d	lwt2d+ilwt2d_roundtrip	sym18	antireflect	Large / Sensitive	ttnn	28.6658	0.143329	9.5367431640625e-07	0.999999999999945	True	
2d	lwt2d+ilwt2d_roundtrip	sym19	symmetric	Large / Sensitive	ttnn	1849.14	9.245700000000001	1.6689300537109375e-06	0.9999999999998042	True	
2d	lwt2d+ilwt2d_roundtrip	sym19	zero	Large / Sensitive	ttnn	1849.14	9.245700000000001	2.086162567138672e-06	0.9999999999998084	True	
2d	lwt2d+ilwt2d_roundtrip	sym19	constant	Large / Sensitive	ttnn	1849.14	9.245700000000001	1.5497207641601562e-06	0.9999999999998048	True	
2d	lwt2d+ilwt2d_roundtrip	sym19	periodic	Large / Sensitive	ttnn	1849.14	9.245700000000001	2.0265579223632812e-06	0.9999999999998042	True	
2d	lwt2d+ilwt2d_roundtrip	sym19	antisymmetric	Large / Sensitive	ttnn	1849.14	9.245700000000001	1.7285346984863281e-06	0.9999999999998013	True	
2d	lwt2d+ilwt2d_roundtrip	sym19	smooth	Large / Sensitive	ttnn	1849.14	9.245700000000001	1.7881393432617188e-06	0.9999999999998126	True	
2d	lwt2d+ilwt2d_roundtrip	sym19	reflect	Large / Sensitive	ttnn	1849.14	9.245700000000001	1.6093254089355469e-06	0.9999999999998175	True	
2d	lwt2d+ilwt2d_roundtrip	sym19	antireflect	Large / Sensitive	ttnn	1849.14	9.245700000000001	1.3113021850585938e-06	0.9999999999998141	True	
2d	lwt2d+ilwt2d_roundtrip	sym2	symmetric	Compact	ttnn	1.11536	0.000111536	2.384185791015625e-07	0.9999999999999989	True	
2d	lwt2d+ilwt2d_roundtrip	sym2	zero	Compact	ttnn	1.11536	0.000111536	2.384185791015625e-07	0.9999999999999987	True	
2d	lwt2d+ilwt2d_roundtrip	sym2	constant	Compact	ttnn	1.11536	0.000111536	2.384185791015625e-07	0.9999999999999984	True	
2d	lwt2d+ilwt2d_roundtrip	sym2	periodic	Compact	ttnn	1.11536	0.000111536	2.384185791015625e-07	0.999999999999999	True	
2d	lwt2d+ilwt2d_roundtrip	sym2	antisymmetric	Compact	ttnn	1.11536	0.000111536	2.384185791015625e-07	0.9999999999999983	True	
2d	lwt2d+ilwt2d_roundtrip	sym2	smooth	Compact	ttnn	1.11536	0.000111536	2.384185791015625e-07	0.9999999999999987	True	
2d	lwt2d+ilwt2d_roundtrip	sym2	reflect	Compact	ttnn	1.11536	0.000111536	2.384185791015625e-07	0.9999999999999991	True	
2d	lwt2d+ilwt2d_roundtrip	sym2	antireflect	Compact	ttnn	1.11536	0.000111536	2.384185791015625e-07	0.9999999999999992	True	
2d	lwt2d+ilwt2d_roundtrip	sym20	symmetric	Large / Sensitive	ttnn	16728.7	83.6435	4.0531158447265625e-06	0.9999999999992883	True	
2d	lwt2d+ilwt2d_roundtrip	sym20	zero	Large / Sensitive	ttnn	16728.7	83.6435	3.874301910400391e-06	0.9999999999992941	True	
2d	lwt2d+ilwt2d_roundtrip	sym20	constant	Large / Sensitive	ttnn	16728.7	83.6435	3.7550926208496094e-06	0.999999999999311	True	
2d	lwt2d+ilwt2d_roundtrip	sym20	periodic	Large / Sensitive	ttnn	16728.7	83.6435	4.0531158447265625e-06	0.9999999999992513	True	
2d	lwt2d+ilwt2d_roundtrip	sym20	antisymmetric	Large / Sensitive	ttnn	16728.7	83.6435	3.7550926208496094e-06	0.9999999999992983	True	
2d	lwt2d+ilwt2d_roundtrip	sym20	smooth	Large / Sensitive	ttnn	16728.7	83.6435	3.933906555175781e-06	0.9999999999993117	True	
2d	lwt2d+ilwt2d_roundtrip	sym20	reflect	Large / Sensitive	ttnn	16728.7	83.6435	3.3974647521972656e-06	0.9999999999992502	True	
2d	lwt2d+ilwt2d_roundtrip	sym20	antireflect	Large / Sensitive	ttnn	16728.7	83.6435	4.112720489501953e-06	0.9999999999993108	True	
2d	lwt2d+ilwt2d_roundtrip	sym3	symmetric	Compact	ttnn	14.932	0.0014932	1.6987323760986328e-06	0.9999999999997966	True	
2d	lwt2d+ilwt2d_roundtrip	sym3	zero	Compact	ttnn	14.932	0.0014932	1.6987323760986328e-06	0.9999999999998048	True	
2d	lwt2d+ilwt2d_roundtrip	sym3	constant	Compact	ttnn	14.932	0.0014932	1.6987323760986328e-06	0.9999999999997999	True	
2d	lwt2d+ilwt2d_roundtrip	sym3	periodic	Compact	ttnn	14.932	0.0014932	1.6987323760986328e-06	0.9999999999997975	True	
2d	lwt2d+ilwt2d_roundtrip	sym3	antisymmetric	Compact	ttnn	14.932	0.0014932	1.6987323760986328e-06	0.9999999999997962	True	
2d	lwt2d+ilwt2d_roundtrip	sym3	smooth	Compact	ttnn	14.932	0.0014932	1.6987323760986328e-06	0.9999999999997864	True	
2d	lwt2d+ilwt2d_roundtrip	sym3	reflect	Compact	ttnn	14.932	0.0014932	1.6987323760986328e-06	0.9999999999997868	True	
2d	lwt2d+ilwt2d_roundtrip	sym3	antireflect	Compact	ttnn	14.932	0.0014932	1.6987323760986328e-06	0.9999999999997919	True	
2d	lwt2d+ilwt2d_roundtrip	sym4	symmetric	Compact	ttnn	5.87693	0.000587693	6.556510925292969e-07	0.9999999999999787	True	
2d	lwt2d+ilwt2d_roundtrip	sym4	zero	Compact	ttnn	5.87693	0.000587693	6.556510925292969e-07	0.9999999999999793	True	
2d	lwt2d+ilwt2d_roundtrip	sym4	constant	Compact	ttnn	5.87693	0.000587693	6.556510925292969e-07	0.99999999999998	True	
2d	lwt2d+ilwt2d_roundtrip	sym4	periodic	Compact	ttnn	5.87693	0.000587693	6.556510925292969e-07	0.9999999999999787	True	
2d	lwt2d+ilwt2d_roundtrip	sym4	antisymmetric	Compact	ttnn	5.87693	0.000587693	6.556510925292969e-07	0.9999999999999792	True	
2d	lwt2d+ilwt2d_roundtrip	sym4	smooth	Compact	ttnn	5.87693	0.000587693	6.556510925292969e-07	0.9999999999999793	True	
2d	lwt2d+ilwt2d_roundtrip	sym4	reflect	Compact	ttnn	5.87693	0.000587693	6.556510925292969e-07	0.9999999999999796	True	
2d	lwt2d+ilwt2d_roundtrip	sym4	antireflect	Compact	ttnn	5.87693	0.000587693	6.556510925292969e-07	0.9999999999999781	True	
2d	lwt2d+ilwt2d_roundtrip	sym5	symmetric	Compact	ttnn	3.32658	0.000332658	4.172325134277344e-07	0.9999999999999878	True	
2d	lwt2d+ilwt2d_roundtrip	sym5	zero	Compact	ttnn	3.32658	0.000332658	4.172325134277344e-07	0.9999999999999887	True	
2d	lwt2d+ilwt2d_roundtrip	sym5	constant	Compact	ttnn	3.32658	0.000332658	4.172325134277344e-07	0.999999999999988	True	
2d	lwt2d+ilwt2d_roundtrip	sym5	periodic	Compact	ttnn	3.32658	0.000332658	4.172325134277344e-07	0.999999999999988	True	
2d	lwt2d+ilwt2d_roundtrip	sym5	antisymmetric	Compact	ttnn	3.32658	0.000332658	4.172325134277344e-07	0.9999999999999885	True	
2d	lwt2d+ilwt2d_roundtrip	sym5	smooth	Compact	ttnn	3.32658	0.000332658	4.172325134277344e-07	0.9999999999999896	True	
2d	lwt2d+ilwt2d_roundtrip	sym5	reflect	Compact	ttnn	3.32658	0.000332658	4.172325134277344e-07	0.9999999999999891	True	
2d	lwt2d+ilwt2d_roundtrip	sym5	antireflect	Compact	ttnn	3.32658	0.000332658	4.172325134277344e-07	0.9999999999999889	True	
2d	lwt2d+ilwt2d_roundtrip	sym6	symmetric	Compact	ttnn	13.9887	0.00139887	7.152557373046875e-07	0.9999999999999609	True	
2d	lwt2d+ilwt2d_roundtrip	sym6	zero	Compact	ttnn	13.9887	0.00139887	7.748603820800781e-07	0.999999999999961	True	
2d	lwt2d+ilwt2d_roundtrip	sym6	constant	Compact	ttnn	13.9887	0.00139887	7.152557373046875e-07	0.9999999999999603	True	
2d	lwt2d+ilwt2d_roundtrip	sym6	periodic	Compact	ttnn	13.9887	0.00139887	7.152557373046875e-07	0.9999999999999598	True	
2d	lwt2d+ilwt2d_roundtrip	sym6	antisymmetric	Compact	ttnn	13.9887	0.00139887	7.748603820800781e-07	0.9999999999999603	True	
2d	lwt2d+ilwt2d_roundtrip	sym6	smooth	Compact	ttnn	13.9887	0.00139887	7.152557373046875e-07	0.9999999999999604	True	
2d	lwt2d+ilwt2d_roundtrip	sym6	reflect	Compact	ttnn	13.9887	0.00139887	7.748603820800781e-07	0.9999999999999597	True	
2d	lwt2d+ilwt2d_roundtrip	sym6	antireflect	Compact	ttnn	13.9887	0.00139887	7.748603820800781e-07	0.999999999999959	True	
2d	lwt2d+ilwt2d_roundtrip	sym7	symmetric	Large / Sensitive	ttnn	17127.2	85.63600000000001	5.537271499633789e-05	0.9999999998609922	True	
2d	lwt2d+ilwt2d_roundtrip	sym7	zero	Large / Sensitive	ttnn	17127.2	85.63600000000001	5.537271499633789e-05	0.9999999998612462	True	
2d	lwt2d+ilwt2d_roundtrip	sym7	constant	Large / Sensitive	ttnn	17127.2	85.63600000000001	5.537271499633789e-05	0.9999999998567192	True	
2d	lwt2d+ilwt2d_roundtrip	sym7	periodic	Large / Sensitive	ttnn	17127.2	85.63600000000001	5.537271499633789e-05	0.9999999998604711	True	
2d	lwt2d+ilwt2d_roundtrip	sym7	antisymmetric	Large / Sensitive	ttnn	17127.2	85.63600000000001	5.537271499633789e-05	0.9999999998614385	True	
2d	lwt2d+ilwt2d_roundtrip	sym7	smooth	Large / Sensitive	ttnn	17127.2	85.63600000000001	5.537271499633789e-05	0.9999999998553316	True	
2d	lwt2d+ilwt2d_roundtrip	sym7	reflect	Large / Sensitive	ttnn	17127.2	85.63600000000001	6.079673767089844e-05	0.9999999998535298	True	
2d	lwt2d+ilwt2d_roundtrip	sym7	antireflect	Large / Sensitive	ttnn	17127.2	85.63600000000001	5.537271499633789e-05	0.9999999998557704	True	
2d	lwt2d+ilwt2d_roundtrip	sym8	symmetric	Large / Sensitive	ttnn	19.0019	0.0950095	1.1920928955078125e-06	0.9999999999999268	True	
2d	lwt2d+ilwt2d_roundtrip	sym8	zero	Large / Sensitive	ttnn	19.0019	0.0950095	1.0728836059570312e-06	0.999999999999932	True	
2d	lwt2d+ilwt2d_roundtrip	sym8	constant	Large / Sensitive	ttnn	19.0019	0.0950095	1.1920928955078125e-06	0.9999999999999324	True	
2d	lwt2d+ilwt2d_roundtrip	sym8	periodic	Large / Sensitive	ttnn	19.0019	0.0950095	1.0728836059570312e-06	0.999999999999927	True	
2d	lwt2d+ilwt2d_roundtrip	sym8	antisymmetric	Large / Sensitive	ttnn	19.0019	0.0950095	1.0728836059570312e-06	0.9999999999999303	True	
2d	lwt2d+ilwt2d_roundtrip	sym8	smooth	Large / Sensitive	ttnn	19.0019	0.0950095	nan	0.0	False	TT_FATAL @ /home/user/tt-wavelet/tt-metal/tt_metal/impl/program/program.cpp:2752: state.offset <= max_size
info:
Program size (70672) too large for kernel config buffer (70656) on TENSIX
backtrace:
 --- /home/user/tt-wavelet/build/tt-metal/tt_metal/libtt_metal.so(+0x9b44ab) [0x78f10a8ae4ab]
 --- /home/user/tt-wavelet/build/tt-metal/tt_metal/libtt_metal.so(_ZN2tt8tt_metal6detail11ProgramImpl24finalize_program_offsetsEN4ttsl10StrongTypeIiNS0_12ContextIdTagEEEPNS0_7IDeviceERKSt8functionIFRSt13unordered_mapIjSt10shared_ptrINS0_6KernelEESt4hashIjESt8equal_toIjESaISt4pairIKjSD_EEEjEERKS9_IFRSt6vectorISB_INS0_11KernelGroupEESaISU_EEjEERKS9_IFRKSS_INS0_9SemaphoreESaIS12_EEvEESt4spanIPS2_Lm18446744073709551615EE+0xa7b) [0x78f10a892c1b]
 --- tt::tt_metal::distributed::MeshWorkloadImpl::finalize_offsets(tt::tt_metal::distributed::MeshDevice*)
 --- tt::tt_metal::distributed::MeshWorkloadImpl::compile(tt::tt_metal::distributed::MeshDevice*)
 --- tt::tt_metal::distributed::EnqueueMeshWorkload(tt::tt_metal::distributed::MeshCommandQueue&, tt::tt_metal::distributed::MeshWorkload&, bool)
 --- /home/user/tt-metal/build/lib/_ttnncpp.so(_ZN4ttnn16device_operation6detail21enqueue_mesh_workloadITkNS0_36DeviceOperationWithMeshDeviceAdapterENS0_26MeshDeviceOperationAdapterINS_4prim20Lwt2DDeviceOperationEEEEEvRKNT_22operation_attributes_tERKNS7_13tensor_args_tERNS7_21tensor_return_value_tEPN2tt8tt_metal11distributed10MeshDeviceERNSI_12MeshWorkloadEb+0x284) [0x78f10c7c56c4]
 --- /home/user/tt-metal/build/lib/_ttnncpp.so(+0x14603f3) [0x78f10c7c63f3]
 --- /home/user/tt-metal/build/lib/_ttnncpp.so(_ZN4ttnn16device_operation6detail29launch_operation_with_adapterITkNS0_36DeviceOperationWithMeshDeviceAdapterENS0_26MeshDeviceOperationAdapterINS_4prim20Lwt2DDeviceOperationEEEEEvRKNT_22operation_attributes_tERKNS7_13tensor_args_tERNS7_21tensor_return_value_tEPN2tt8tt_metal11distributed10MeshDeviceE+0x245) [0x78f10c7c2275]
 --- /home/user/tt-metal/build/lib/_ttnncpp.so(_ZN4ttnn16device_operation6detail6launchITkNS0_22DeviceOperationConceptENS_4prim20Lwt2DDeviceOperationEEENT_21tensor_return_value_tERKNS5_22operation_attributes_tERKNS5_13tensor_args_tE+0x3aa) [0x78f10c78e77a]
 --- ttnn::prim::lwt_2d(ttnn::Tensor const&, ttnn::operations::wavelet::SchemeId, ttnn::operations::wavelet::BoundaryMode, tt::tt_metal::MemoryConfig const&, std::optional<std::array<ttnn::Tensor, 4ul> > const&)
 --- ttnn::dwt_2d(ttnn::Tensor const&, std::basic_string_view<char, std::char_traits<char> >, std::basic_string_view<char, std::char_traits<char> >, std::optional<tt::tt_metal::MemoryConfig> const&, std::optional<std::array<ttnn::Tensor, 4ul> > const&)
 --- /home/user/tt-wavelet/tt-metal/ttnn/ttnn/_ttnn.so(+0x6e6f2d) [0x78f10de48f2d]
 --- /home/user/tt-wavelet/tt-metal/ttnn/ttnn/_ttnn.so(+0x3591e5) [0x78f10dabb1e5]
 --- .venv/bin/python3(_PyObject_Call_Prepend+0x115) [0x5f001a16ac65]
 --- .venv/bin/python3(+0x3a2b46) [0x5f001a19eb46]
 --- .venv/bin/python3(_PyEval_EvalFrameDefault+0xa16c) [0x5f001a0cc87c]
 --- .venv/bin/python3(_PyFunction_Vectorcall+0x202) [0x5f001a06d352]
 --- .venv/bin/python3(_PyObject_Call_Prepend+0x115) [0x5f001a16ac65]
 --- .venv/bin/python3(+0x3a2b46) [0x5f001a19eb46]
 --- .venv/bin/python3(+0x2fd2a2) [0x5f001a0f92a2]
 --- .venv/bin/python3(_PyEval_EvalFrameDefault+0x3eef) [0x5f001a0c65ff]
 --- .venv/bin/python3(_PyFunction_Vectorcall+0x202) [0x5f001a06d352]
 --- .venv/bin/python3(+0x2fd0b9) [0x5f001a0f90b9]
 --- .venv/bin/python3(_PyEval_EvalFrameDefault+0x4068) [0x5f001a0c6778]
 --- .venv/bin/python3(_PyFunction_Vectorcall+0x202) [0x5f001a06d352]
 --- .venv/bin/python3(+0x2fd0b9) [0x5f001a0f90b9]
 --- .venv/bin/python3(_PyEval_EvalFrameDefault+0x4068) [0x5f001a0c6778]
 --- .venv/bin/python3(+0x3d4a54) [0x5f001a1d0a54]
 --- .venv/bin/python3(+0x40a643) [0x5f001a206643]
 --- .venv/bin/python3(+0x1b35b2) [0x5f0019faf5b2]
 --- .venv/bin/python3(_PyRun_SimpleFileObject+0x109) [0x5f0019faf0e9]
 --- .venv/bin/python3(_PyRun_AnyFileObject+0xa5) [0x5f0019faeae5]
 --- .venv/bin/python3(+0x1bcda9) [0x5f0019fb8da9]
 --- .venv/bin/python3(+0x1bc912) [0x5f0019fb8912]
 --- .venv/bin/python3(Py_RunMain+0x680) [0x5f001a212030]
 --- .venv/bin/python3(+0x148028) [0x5f0019f44028]
 --- /lib/x86_64-linux-gnu/libc.so.6(+0x29d90) [0x78f25e6a6d90]
 --- /lib/x86_64-linux-gnu/libc.so.6(__libc_start_main+0x80) [0x78f25e6a6e40]
 --- .venv/bin/python3(+0x34616b) [0x5f001a14216b]

2d	lwt2d+ilwt2d_roundtrip	sym8	reflect	Large / Sensitive	ttnn	19.0019	0.0950095	1.0728836059570312e-06	0.9999999999999307	True	
2d	lwt2d+ilwt2d_roundtrip	sym8	antireflect	Large / Sensitive	ttnn	19.0019	0.0950095	nan	0.0	False	TT_FATAL @ /home/user/tt-wavelet/tt-metal/tt_metal/impl/program/program.cpp:2752: state.offset <= max_size
info:
Program size (70928) too large for kernel config buffer (70656) on TENSIX
backtrace:
 --- /home/user/tt-wavelet/build/tt-metal/tt_metal/libtt_metal.so(+0x9b44ab) [0x78f10a8ae4ab]
 --- /home/user/tt-wavelet/build/tt-metal/tt_metal/libtt_metal.so(_ZN2tt8tt_metal6detail11ProgramImpl24finalize_program_offsetsEN4ttsl10StrongTypeIiNS0_12ContextIdTagEEEPNS0_7IDeviceERKSt8functionIFRSt13unordered_mapIjSt10shared_ptrINS0_6KernelEESt4hashIjESt8equal_toIjESaISt4pairIKjSD_EEEjEERKS9_IFRSt6vectorISB_INS0_11KernelGroupEESaISU_EEjEERKS9_IFRKSS_INS0_9SemaphoreESaIS12_EEvEESt4spanIPS2_Lm18446744073709551615EE+0xa7b) [0x78f10a892c1b]
 --- tt::tt_metal::distributed::MeshWorkloadImpl::finalize_offsets(tt::tt_metal::distributed::MeshDevice*)
 --- tt::tt_metal::distributed::MeshWorkloadImpl::compile(tt::tt_metal::distributed::MeshDevice*)
 --- tt::tt_metal::distributed::EnqueueMeshWorkload(tt::tt_metal::distributed::MeshCommandQueue&, tt::tt_metal::distributed::MeshWorkload&, bool)
 --- /home/user/tt-metal/build/lib/_ttnncpp.so(_ZN4ttnn16device_operation6detail21enqueue_mesh_workloadITkNS0_36DeviceOperationWithMeshDeviceAdapterENS0_26MeshDeviceOperationAdapterINS_4prim20Lwt2DDeviceOperationEEEEEvRKNT_22operation_attributes_tERKNS7_13tensor_args_tERNS7_21tensor_return_value_tEPN2tt8tt_metal11distributed10MeshDeviceERNSI_12MeshWorkloadEb+0x284) [0x78f10c7c56c4]
 --- /home/user/tt-metal/build/lib/_ttnncpp.so(+0x14603f3) [0x78f10c7c63f3]
 --- /home/user/tt-metal/build/lib/_ttnncpp.so(_ZN4ttnn16device_operation6detail29launch_operation_with_adapterITkNS0_36DeviceOperationWithMeshDeviceAdapterENS0_26MeshDeviceOperationAdapterINS_4prim20Lwt2DDeviceOperationEEEEEvRKNT_22operation_attributes_tERKNS7_13tensor_args_tERNS7_21tensor_return_value_tEPN2tt8tt_metal11distributed10MeshDeviceE+0x245) [0x78f10c7c2275]
 --- /home/user/tt-metal/build/lib/_ttnncpp.so(_ZN4ttnn16device_operation6detail6launchITkNS0_22DeviceOperationConceptENS_4prim20Lwt2DDeviceOperationEEENT_21tensor_return_value_tERKNS5_22operation_attributes_tERKNS5_13tensor_args_tE+0x3aa) [0x78f10c78e77a]
 --- ttnn::prim::lwt_2d(ttnn::Tensor const&, ttnn::operations::wavelet::SchemeId, ttnn::operations::wavelet::BoundaryMode, tt::tt_metal::MemoryConfig const&, std::optional<std::array<ttnn::Tensor, 4ul> > const&)
 --- ttnn::dwt_2d(ttnn::Tensor const&, std::basic_string_view<char, std::char_traits<char> >, std::basic_string_view<char, std::char_traits<char> >, std::optional<tt::tt_metal::MemoryConfig> const&, std::optional<std::array<ttnn::Tensor, 4ul> > const&)
 --- /home/user/tt-wavelet/tt-metal/ttnn/ttnn/_ttnn.so(+0x6e6f2d) [0x78f10de48f2d]
 --- /home/user/tt-wavelet/tt-metal/ttnn/ttnn/_ttnn.so(+0x3591e5) [0x78f10dabb1e5]
 --- .venv/bin/python3(_PyObject_Call_Prepend+0x115) [0x5f001a16ac65]
 --- .venv/bin/python3(+0x3a2b46) [0x5f001a19eb46]
 --- .venv/bin/python3(_PyEval_EvalFrameDefault+0xa16c) [0x5f001a0cc87c]
 --- .venv/bin/python3(_PyFunction_Vectorcall+0x202) [0x5f001a06d352]
 --- .venv/bin/python3(_PyObject_Call_Prepend+0x115) [0x5f001a16ac65]
 --- .venv/bin/python3(+0x3a2b46) [0x5f001a19eb46]
 --- .venv/bin/python3(+0x2fd2a2) [0x5f001a0f92a2]
 --- .venv/bin/python3(_PyEval_EvalFrameDefault+0x3eef) [0x5f001a0c65ff]
 --- .venv/bin/python3(_PyFunction_Vectorcall+0x202) [0x5f001a06d352]
 --- .venv/bin/python3(+0x2fd0b9) [0x5f001a0f90b9]
 --- .venv/bin/python3(_PyEval_EvalFrameDefault+0x4068) [0x5f001a0c6778]
 --- .venv/bin/python3(_PyFunction_Vectorcall+0x202) [0x5f001a06d352]
 --- .venv/bin/python3(+0x2fd0b9) [0x5f001a0f90b9]
 --- .venv/bin/python3(_PyEval_EvalFrameDefault+0x4068) [0x5f001a0c6778]
 --- .venv/bin/python3(+0x3d4a54) [0x5f001a1d0a54]
 --- .venv/bin/python3(+0x40a643) [0x5f001a206643]
 --- .venv/bin/python3(+0x1b35b2) [0x5f0019faf5b2]
 --- .venv/bin/python3(_PyRun_SimpleFileObject+0x109) [0x5f0019faf0e9]
 --- .venv/bin/python3(_PyRun_AnyFileObject+0xa5) [0x5f0019faeae5]
 --- .venv/bin/python3(+0x1bcda9) [0x5f0019fb8da9]
 --- .venv/bin/python3(+0x1bc912) [0x5f0019fb8912]
 --- .venv/bin/python3(Py_RunMain+0x680) [0x5f001a212030]
 --- .venv/bin/python3(+0x148028) [0x5f0019f44028]
 --- /lib/x86_64-linux-gnu/libc.so.6(+0x29d90) [0x78f25e6a6d90]
 --- /lib/x86_64-linux-gnu/libc.so.6(__libc_start_main+0x80) [0x78f25e6a6e40]
 --- .venv/bin/python3(+0x34616b) [0x5f001a14216b]

2d	lwt2d+ilwt2d_roundtrip	sym9	symmetric	Medium	ttnn	309.77	0.30977	nan	0.0	False	TT_FATAL @ /home/user/tt-wavelet/tt-metal/tt_metal/impl/program/program.cpp:2752: state.offset <= max_size
info:
Program size (70816) too large for kernel config buffer (70656) on TENSIX
backtrace:
 --- /home/user/tt-wavelet/build/tt-metal/tt_metal/libtt_metal.so(+0x9b44ab) [0x78f10a8ae4ab]
 --- /home/user/tt-wavelet/build/tt-metal/tt_metal/libtt_metal.so(_ZN2tt8tt_metal6detail11ProgramImpl24finalize_program_offsetsEN4ttsl10StrongTypeIiNS0_12ContextIdTagEEEPNS0_7IDeviceERKSt8functionIFRSt13unordered_mapIjSt10shared_ptrINS0_6KernelEESt4hashIjESt8equal_toIjESaISt4pairIKjSD_EEEjEERKS9_IFRSt6vectorISB_INS0_11KernelGroupEESaISU_EEjEERKS9_IFRKSS_INS0_9SemaphoreESaIS12_EEvEESt4spanIPS2_Lm18446744073709551615EE+0xa7b) [0x78f10a892c1b]
 --- tt::tt_metal::distributed::MeshWorkloadImpl::finalize_offsets(tt::tt_metal::distributed::MeshDevice*)
 --- tt::tt_metal::distributed::MeshWorkloadImpl::compile(tt::tt_metal::distributed::MeshDevice*)
 --- tt::tt_metal::distributed::EnqueueMeshWorkload(tt::tt_metal::distributed::MeshCommandQueue&, tt::tt_metal::distributed::MeshWorkload&, bool)
 --- /home/user/tt-metal/build/lib/_ttnncpp.so(_ZN4ttnn16device_operation6detail21enqueue_mesh_workloadITkNS0_36DeviceOperationWithMeshDeviceAdapterENS0_26MeshDeviceOperationAdapterINS_4prim20Lwt2DDeviceOperationEEEEEvRKNT_22operation_attributes_tERKNS7_13tensor_args_tERNS7_21tensor_return_value_tEPN2tt8tt_metal11distributed10MeshDeviceERNSI_12MeshWorkloadEb+0x284) [0x78f10c7c56c4]
 --- /home/user/tt-metal/build/lib/_ttnncpp.so(+0x14603f3) [0x78f10c7c63f3]
 --- /home/user/tt-metal/build/lib/_ttnncpp.so(_ZN4ttnn16device_operation6detail29launch_operation_with_adapterITkNS0_36DeviceOperationWithMeshDeviceAdapterENS0_26MeshDeviceOperationAdapterINS_4prim20Lwt2DDeviceOperationEEEEEvRKNT_22operation_attributes_tERKNS7_13tensor_args_tERNS7_21tensor_return_value_tEPN2tt8tt_metal11distributed10MeshDeviceE+0x245) [0x78f10c7c2275]
 --- /home/user/tt-metal/build/lib/_ttnncpp.so(_ZN4ttnn16device_operation6detail6launchITkNS0_22DeviceOperationConceptENS_4prim20Lwt2DDeviceOperationEEENT_21tensor_return_value_tERKNS5_22operation_attributes_tERKNS5_13tensor_args_tE+0x3aa) [0x78f10c78e77a]
 --- ttnn::prim::lwt_2d(ttnn::Tensor const&, ttnn::operations::wavelet::SchemeId, ttnn::operations::wavelet::BoundaryMode, tt::tt_metal::MemoryConfig const&, std::optional<std::array<ttnn::Tensor, 4ul> > const&)
 --- ttnn::dwt_2d(ttnn::Tensor const&, std::basic_string_view<char, std::char_traits<char> >, std::basic_string_view<char, std::char_traits<char> >, std::optional<tt::tt_metal::MemoryConfig> const&, std::optional<std::array<ttnn::Tensor, 4ul> > const&)
 --- /home/user/tt-wavelet/tt-metal/ttnn/ttnn/_ttnn.so(+0x6e6f2d) [0x78f10de48f2d]
 --- /home/user/tt-wavelet/tt-metal/ttnn/ttnn/_ttnn.so(+0x3591e5) [0x78f10dabb1e5]
 --- .venv/bin/python3(_PyObject_Call_Prepend+0x115) [0x5f001a16ac65]
 --- .venv/bin/python3(+0x3a2b46) [0x5f001a19eb46]
 --- .venv/bin/python3(_PyEval_EvalFrameDefault+0xa16c) [0x5f001a0cc87c]
 --- .venv/bin/python3(_PyFunction_Vectorcall+0x202) [0x5f001a06d352]
 --- .venv/bin/python3(_PyObject_Call_Prepend+0x115) [0x5f001a16ac65]
 --- .venv/bin/python3(+0x3a2b46) [0x5f001a19eb46]
 --- .venv/bin/python3(+0x2fd2a2) [0x5f001a0f92a2]
 --- .venv/bin/python3(_PyEval_EvalFrameDefault+0x3eef) [0x5f001a0c65ff]
 --- .venv/bin/python3(_PyFunction_Vectorcall+0x202) [0x5f001a06d352]
 --- .venv/bin/python3(+0x2fd0b9) [0x5f001a0f90b9]
 --- .venv/bin/python3(_PyEval_EvalFrameDefault+0x4068) [0x5f001a0c6778]
 --- .venv/bin/python3(_PyFunction_Vectorcall+0x202) [0x5f001a06d352]
 --- .venv/bin/python3(+0x2fd0b9) [0x5f001a0f90b9]
 --- .venv/bin/python3(_PyEval_EvalFrameDefault+0x4068) [0x5f001a0c6778]
 --- .venv/bin/python3(+0x3d4a54) [0x5f001a1d0a54]
 --- .venv/bin/python3(+0x40a643) [0x5f001a206643]
 --- .venv/bin/python3(+0x1b35b2) [0x5f0019faf5b2]
 --- .venv/bin/python3(_PyRun_SimpleFileObject+0x109) [0x5f0019faf0e9]
 --- .venv/bin/python3(_PyRun_AnyFileObject+0xa5) [0x5f0019faeae5]
 --- .venv/bin/python3(+0x1bcda9) [0x5f0019fb8da9]
 --- .venv/bin/python3(+0x1bc912) [0x5f0019fb8912]
 --- .venv/bin/python3(Py_RunMain+0x680) [0x5f001a212030]
 --- .venv/bin/python3(+0x148028) [0x5f0019f44028]
 --- /lib/x86_64-linux-gnu/libc.so.6(+0x29d90) [0x78f25e6a6d90]
 --- /lib/x86_64-linux-gnu/libc.so.6(__libc_start_main+0x80) [0x78f25e6a6e40]
 --- .venv/bin/python3(+0x34616b) [0x5f001a14216b]

2d	lwt2d+ilwt2d_roundtrip	sym9	zero	Medium	ttnn	309.77	0.30977	nan	0.0	False	TT_FATAL @ /home/user/tt-wavelet/tt-metal/tt_metal/impl/program/program.cpp:2752: state.offset <= max_size
info:
Program size (70896) too large for kernel config buffer (70656) on TENSIX
backtrace:
 --- /home/user/tt-wavelet/build/tt-metal/tt_metal/libtt_metal.so(+0x9b44ab) [0x78f10a8ae4ab]
 --- /home/user/tt-wavelet/build/tt-metal/tt_metal/libtt_metal.so(_ZN2tt8tt_metal6detail11ProgramImpl24finalize_program_offsetsEN4ttsl10StrongTypeIiNS0_12ContextIdTagEEEPNS0_7IDeviceERKSt8functionIFRSt13unordered_mapIjSt10shared_ptrINS0_6KernelEESt4hashIjESt8equal_toIjESaISt4pairIKjSD_EEEjEERKS9_IFRSt6vectorISB_INS0_11KernelGroupEESaISU_EEjEERKS9_IFRKSS_INS0_9SemaphoreESaIS12_EEvEESt4spanIPS2_Lm18446744073709551615EE+0xa7b) [0x78f10a892c1b]
 --- tt::tt_metal::distributed::MeshWorkloadImpl::finalize_offsets(tt::tt_metal::distributed::MeshDevice*)
 --- tt::tt_metal::distributed::MeshWorkloadImpl::compile(tt::tt_metal::distributed::MeshDevice*)
 --- tt::tt_metal::distributed::EnqueueMeshWorkload(tt::tt_metal::distributed::MeshCommandQueue&, tt::tt_metal::distributed::MeshWorkload&, bool)
 --- /home/user/tt-metal/build/lib/_ttnncpp.so(_ZN4ttnn16device_operation6detail21enqueue_mesh_workloadITkNS0_36DeviceOperationWithMeshDeviceAdapterENS0_26MeshDeviceOperationAdapterINS_4prim20Lwt2DDeviceOperationEEEEEvRKNT_22operation_attributes_tERKNS7_13tensor_args_tERNS7_21tensor_return_value_tEPN2tt8tt_metal11distributed10MeshDeviceERNSI_12MeshWorkloadEb+0x284) [0x78f10c7c56c4]
 --- /home/user/tt-metal/build/lib/_ttnncpp.so(+0x14603f3) [0x78f10c7c63f3]
 --- /home/user/tt-metal/build/lib/_ttnncpp.so(_ZN4ttnn16device_operation6detail29launch_operation_with_adapterITkNS0_36DeviceOperationWithMeshDeviceAdapterENS0_26MeshDeviceOperationAdapterINS_4prim20Lwt2DDeviceOperationEEEEEvRKNT_22operation_attributes_tERKNS7_13tensor_args_tERNS7_21tensor_return_value_tEPN2tt8tt_metal11distributed10MeshDeviceE+0x245) [0x78f10c7c2275]
 --- /home/user/tt-metal/build/lib/_ttnncpp.so(_ZN4ttnn16device_operation6detail6launchITkNS0_22DeviceOperationConceptENS_4prim20Lwt2DDeviceOperationEEENT_21tensor_return_value_tERKNS5_22operation_attributes_tERKNS5_13tensor_args_tE+0x3aa) [0x78f10c78e77a]
 --- ttnn::prim::lwt_2d(ttnn::Tensor const&, ttnn::operations::wavelet::SchemeId, ttnn::operations::wavelet::BoundaryMode, tt::tt_metal::MemoryConfig const&, std::optional<std::array<ttnn::Tensor, 4ul> > const&)
 --- ttnn::dwt_2d(ttnn::Tensor const&, std::basic_string_view<char, std::char_traits<char> >, std::basic_string_view<char, std::char_traits<char> >, std::optional<tt::tt_metal::MemoryConfig> const&, std::optional<std::array<ttnn::Tensor, 4ul> > const&)
 --- /home/user/tt-wavelet/tt-metal/ttnn/ttnn/_ttnn.so(+0x6e6f2d) [0x78f10de48f2d]
 --- /home/user/tt-wavelet/tt-metal/ttnn/ttnn/_ttnn.so(+0x3591e5) [0x78f10dabb1e5]
 --- .venv/bin/python3(_PyObject_Call_Prepend+0x115) [0x5f001a16ac65]
 --- .venv/bin/python3(+0x3a2b46) [0x5f001a19eb46]
 --- .venv/bin/python3(_PyEval_EvalFrameDefault+0xa16c) [0x5f001a0cc87c]
 --- .venv/bin/python3(_PyFunction_Vectorcall+0x202) [0x5f001a06d352]
 --- .venv/bin/python3(_PyObject_Call_Prepend+0x115) [0x5f001a16ac65]
 --- .venv/bin/python3(+0x3a2b46) [0x5f001a19eb46]
 --- .venv/bin/python3(+0x2fd2a2) [0x5f001a0f92a2]
 --- .venv/bin/python3(_PyEval_EvalFrameDefault+0x3eef) [0x5f001a0c65ff]
 --- .venv/bin/python3(_PyFunction_Vectorcall+0x202) [0x5f001a06d352]
 --- .venv/bin/python3(+0x2fd0b9) [0x5f001a0f90b9]
 --- .venv/bin/python3(_PyEval_EvalFrameDefault+0x4068) [0x5f001a0c6778]
 --- .venv/bin/python3(_PyFunction_Vectorcall+0x202) [0x5f001a06d352]
 --- .venv/bin/python3(+0x2fd0b9) [0x5f001a0f90b9]
 --- .venv/bin/python3(_PyEval_EvalFrameDefault+0x4068) [0x5f001a0c6778]
 --- .venv/bin/python3(+0x3d4a54) [0x5f001a1d0a54]
 --- .venv/bin/python3(+0x40a643) [0x5f001a206643]
 --- .venv/bin/python3(+0x1b35b2) [0x5f0019faf5b2]
 --- .venv/bin/python3(_PyRun_SimpleFileObject+0x109) [0x5f0019faf0e9]
 --- .venv/bin/python3(_PyRun_AnyFileObject+0xa5) [0x5f0019faeae5]
 --- .venv/bin/python3(+0x1bcda9) [0x5f0019fb8da9]
 --- .venv/bin/python3(+0x1bc912) [0x5f0019fb8912]
 --- .venv/bin/python3(Py_RunMain+0x680) [0x5f001a212030]
 --- .venv/bin/python3(+0x148028) [0x5f0019f44028]
 --- /lib/x86_64-linux-gnu/libc.so.6(+0x29d90) [0x78f25e6a6d90]
 --- /lib/x86_64-linux-gnu/libc.so.6(__libc_start_main+0x80) [0x78f25e6a6e40]
 --- .venv/bin/python3(+0x34616b) [0x5f001a14216b]

2d	lwt2d+ilwt2d_roundtrip	sym9	constant	Medium	ttnn	309.77	0.30977	nan	0.0	False	TT_FATAL @ /home/user/tt-wavelet/tt-metal/tt_metal/impl/program/program.cpp:2752: state.offset <= max_size
info:
Program size (70848) too large for kernel config buffer (70656) on TENSIX
backtrace:
 --- /home/user/tt-wavelet/build/tt-metal/tt_metal/libtt_metal.so(+0x9b44ab) [0x78f10a8ae4ab]
 --- /home/user/tt-wavelet/build/tt-metal/tt_metal/libtt_metal.so(_ZN2tt8tt_metal6detail11ProgramImpl24finalize_program_offsetsEN4ttsl10StrongTypeIiNS0_12ContextIdTagEEEPNS0_7IDeviceERKSt8functionIFRSt13unordered_mapIjSt10shared_ptrINS0_6KernelEESt4hashIjESt8equal_toIjESaISt4pairIKjSD_EEEjEERKS9_IFRSt6vectorISB_INS0_11KernelGroupEESaISU_EEjEERKS9_IFRKSS_INS0_9SemaphoreESaIS12_EEvEESt4spanIPS2_Lm18446744073709551615EE+0xa7b) [0x78f10a892c1b]
 --- tt::tt_metal::distributed::MeshWorkloadImpl::finalize_offsets(tt::tt_metal::distributed::MeshDevice*)
 --- tt::tt_metal::distributed::MeshWorkloadImpl::compile(tt::tt_metal::distributed::MeshDevice*)
 --- tt::tt_metal::distributed::EnqueueMeshWorkload(tt::tt_metal::distributed::MeshCommandQueue&, tt::tt_metal::distributed::MeshWorkload&, bool)
 --- /home/user/tt-metal/build/lib/_ttnncpp.so(_ZN4ttnn16device_operation6detail21enqueue_mesh_workloadITkNS0_36DeviceOperationWithMeshDeviceAdapterENS0_26MeshDeviceOperationAdapterINS_4prim20Lwt2DDeviceOperationEEEEEvRKNT_22operation_attributes_tERKNS7_13tensor_args_tERNS7_21tensor_return_value_tEPN2tt8tt_metal11distributed10MeshDeviceERNSI_12MeshWorkloadEb+0x284) [0x78f10c7c56c4]
 --- /home/user/tt-metal/build/lib/_ttnncpp.so(+0x14603f3) [0x78f10c7c63f3]
 --- /home/user/tt-metal/build/lib/_ttnncpp.so(_ZN4ttnn16device_operation6detail29launch_operation_with_adapterITkNS0_36DeviceOperationWithMeshDeviceAdapterENS0_26MeshDeviceOperationAdapterINS_4prim20Lwt2DDeviceOperationEEEEEvRKNT_22operation_attributes_tERKNS7_13tensor_args_tERNS7_21tensor_return_value_tEPN2tt8tt_metal11distributed10MeshDeviceE+0x245) [0x78f10c7c2275]
 --- /home/user/tt-metal/build/lib/_ttnncpp.so(_ZN4ttnn16device_operation6detail6launchITkNS0_22DeviceOperationConceptENS_4prim20Lwt2DDeviceOperationEEENT_21tensor_return_value_tERKNS5_22operation_attributes_tERKNS5_13tensor_args_tE+0x3aa) [0x78f10c78e77a]
 --- ttnn::prim::lwt_2d(ttnn::Tensor const&, ttnn::operations::wavelet::SchemeId, ttnn::operations::wavelet::BoundaryMode, tt::tt_metal::MemoryConfig const&, std::optional<std::array<ttnn::Tensor, 4ul> > const&)
 --- ttnn::dwt_2d(ttnn::Tensor const&, std::basic_string_view<char, std::char_traits<char> >, std::basic_string_view<char, std::char_traits<char> >, std::optional<tt::tt_metal::MemoryConfig> const&, std::optional<std::array<ttnn::Tensor, 4ul> > const&)
 --- /home/user/tt-wavelet/tt-metal/ttnn/ttnn/_ttnn.so(+0x6e6f2d) [0x78f10de48f2d]
 --- /home/user/tt-wavelet/tt-metal/ttnn/ttnn/_ttnn.so(+0x3591e5) [0x78f10dabb1e5]
 --- .venv/bin/python3(_PyObject_Call_Prepend+0x115) [0x5f001a16ac65]
 --- .venv/bin/python3(+0x3a2b46) [0x5f001a19eb46]
 --- .venv/bin/python3(_PyEval_EvalFrameDefault+0xa16c) [0x5f001a0cc87c]
 --- .venv/bin/python3(_PyFunction_Vectorcall+0x202) [0x5f001a06d352]
 --- .venv/bin/python3(_PyObject_Call_Prepend+0x115) [0x5f001a16ac65]
 --- .venv/bin/python3(+0x3a2b46) [0x5f001a19eb46]
 --- .venv/bin/python3(+0x2fd2a2) [0x5f001a0f92a2]
 --- .venv/bin/python3(_PyEval_EvalFrameDefault+0x3eef) [0x5f001a0c65ff]
 --- .venv/bin/python3(_PyFunction_Vectorcall+0x202) [0x5f001a06d352]
 --- .venv/bin/python3(+0x2fd0b9) [0x5f001a0f90b9]
 --- .venv/bin/python3(_PyEval_EvalFrameDefault+0x4068) [0x5f001a0c6778]
 --- .venv/bin/python3(_PyFunction_Vectorcall+0x202) [0x5f001a06d352]
 --- .venv/bin/python3(+0x2fd0b9) [0x5f001a0f90b9]
 --- .venv/bin/python3(_PyEval_EvalFrameDefault+0x4068) [0x5f001a0c6778]
 --- .venv/bin/python3(+0x3d4a54) [0x5f001a1d0a54]
 --- .venv/bin/python3(+0x40a643) [0x5f001a206643]
 --- .venv/bin/python3(+0x1b35b2) [0x5f0019faf5b2]
 --- .venv/bin/python3(_PyRun_SimpleFileObject+0x109) [0x5f0019faf0e9]
 --- .venv/bin/python3(_PyRun_AnyFileObject+0xa5) [0x5f0019faeae5]
 --- .venv/bin/python3(+0x1bcda9) [0x5f0019fb8da9]
 --- .venv/bin/python3(+0x1bc912) [0x5f0019fb8912]
 --- .venv/bin/python3(Py_RunMain+0x680) [0x5f001a212030]
 --- .venv/bin/python3(+0x148028) [0x5f0019f44028]
 --- /lib/x86_64-linux-gnu/libc.so.6(+0x29d90) [0x78f25e6a6d90]
 --- /lib/x86_64-linux-gnu/libc.so.6(__libc_start_main+0x80) [0x78f25e6a6e40]
 --- .venv/bin/python3(+0x34616b) [0x5f001a14216b]

2d	lwt2d+ilwt2d_roundtrip	sym9	periodic	Medium	ttnn	309.77	0.30977	nan	0.0	False	TT_FATAL @ /home/user/tt-wavelet/tt-metal/tt_metal/impl/program/program.cpp:2752: state.offset <= max_size
info:
Program size (72416) too large for kernel config buffer (70656) on TENSIX
backtrace:
 --- /home/user/tt-wavelet/build/tt-metal/tt_metal/libtt_metal.so(+0x9b44ab) [0x78f10a8ae4ab]
 --- /home/user/tt-wavelet/build/tt-metal/tt_metal/libtt_metal.so(_ZN2tt8tt_metal6detail11ProgramImpl24finalize_program_offsetsEN4ttsl10StrongTypeIiNS0_12ContextIdTagEEEPNS0_7IDeviceERKSt8functionIFRSt13unordered_mapIjSt10shared_ptrINS0_6KernelEESt4hashIjESt8equal_toIjESaISt4pairIKjSD_EEEjEERKS9_IFRSt6vectorISB_INS0_11KernelGroupEESaISU_EEjEERKS9_IFRKSS_INS0_9SemaphoreESaIS12_EEvEESt4spanIPS2_Lm18446744073709551615EE+0xa7b) [0x78f10a892c1b]
 --- tt::tt_metal::distributed::MeshWorkloadImpl::finalize_offsets(tt::tt_metal::distributed::MeshDevice*)
 --- tt::tt_metal::distributed::MeshWorkloadImpl::compile(tt::tt_metal::distributed::MeshDevice*)
 --- tt::tt_metal::distributed::EnqueueMeshWorkload(tt::tt_metal::distributed::MeshCommandQueue&, tt::tt_metal::distributed::MeshWorkload&, bool)
 --- /home/user/tt-metal/build/lib/_ttnncpp.so(_ZN4ttnn16device_operation6detail21enqueue_mesh_workloadITkNS0_36DeviceOperationWithMeshDeviceAdapterENS0_26MeshDeviceOperationAdapterINS_4prim20Lwt2DDeviceOperationEEEEEvRKNT_22operation_attributes_tERKNS7_13tensor_args_tERNS7_21tensor_return_value_tEPN2tt8tt_metal11distributed10MeshDeviceERNSI_12MeshWorkloadEb+0x284) [0x78f10c7c56c4]
 --- /home/user/tt-metal/build/lib/_ttnncpp.so(+0x14603f3) [0x78f10c7c63f3]
 --- /home/user/tt-metal/build/lib/_ttnncpp.so(_ZN4ttnn16device_operation6detail29launch_operation_with_adapterITkNS0_36DeviceOperationWithMeshDeviceAdapterENS0_26MeshDeviceOperationAdapterINS_4prim20Lwt2DDeviceOperationEEEEEvRKNT_22operation_attributes_tERKNS7_13tensor_args_tERNS7_21tensor_return_value_tEPN2tt8tt_metal11distributed10MeshDeviceE+0x245) [0x78f10c7c2275]
 --- /home/user/tt-metal/build/lib/_ttnncpp.so(_ZN4ttnn16device_operation6detail6launchITkNS0_22DeviceOperationConceptENS_4prim20Lwt2DDeviceOperationEEENT_21tensor_return_value_tERKNS5_22operation_attributes_tERKNS5_13tensor_args_tE+0x3aa) [0x78f10c78e77a]
 --- ttnn::prim::lwt_2d(ttnn::Tensor const&, ttnn::operations::wavelet::SchemeId, ttnn::operations::wavelet::BoundaryMode, tt::tt_metal::MemoryConfig const&, std::optional<std::array<ttnn::Tensor, 4ul> > const&)
 --- ttnn::dwt_2d(ttnn::Tensor const&, std::basic_string_view<char, std::char_traits<char> >, std::basic_string_view<char, std::char_traits<char> >, std::optional<tt::tt_metal::MemoryConfig> const&, std::optional<std::array<ttnn::Tensor, 4ul> > const&)
 --- /home/user/tt-wavelet/tt-metal/ttnn/ttnn/_ttnn.so(+0x6e6f2d) [0x78f10de48f2d]
 --- /home/user/tt-wavelet/tt-metal/ttnn/ttnn/_ttnn.so(+0x3591e5) [0x78f10dabb1e5]
 --- .venv/bin/python3(_PyObject_Call_Prepend+0x115) [0x5f001a16ac65]
 --- .venv/bin/python3(+0x3a2b46) [0x5f001a19eb46]
 --- .venv/bin/python3(_PyEval_EvalFrameDefault+0xa16c) [0x5f001a0cc87c]
 --- .venv/bin/python3(_PyFunction_Vectorcall+0x202) [0x5f001a06d352]
 --- .venv/bin/python3(_PyObject_Call_Prepend+0x115) [0x5f001a16ac65]
 --- .venv/bin/python3(+0x3a2b46) [0x5f001a19eb46]
 --- .venv/bin/python3(+0x2fd2a2) [0x5f001a0f92a2]
 --- .venv/bin/python3(_PyEval_EvalFrameDefault+0x3eef) [0x5f001a0c65ff]
 --- .venv/bin/python3(_PyFunction_Vectorcall+0x202) [0x5f001a06d352]
 --- .venv/bin/python3(+0x2fd0b9) [0x5f001a0f90b9]
 --- .venv/bin/python3(_PyEval_EvalFrameDefault+0x4068) [0x5f001a0c6778]
 --- .venv/bin/python3(_PyFunction_Vectorcall+0x202) [0x5f001a06d352]
 --- .venv/bin/python3(+0x2fd0b9) [0x5f001a0f90b9]
 --- .venv/bin/python3(_PyEval_EvalFrameDefault+0x4068) [0x5f001a0c6778]
 --- .venv/bin/python3(+0x3d4a54) [0x5f001a1d0a54]
 --- .venv/bin/python3(+0x40a643) [0x5f001a206643]
 --- .venv/bin/python3(+0x1b35b2) [0x5f0019faf5b2]
 --- .venv/bin/python3(_PyRun_SimpleFileObject+0x109) [0x5f0019faf0e9]
 --- .venv/bin/python3(_PyRun_AnyFileObject+0xa5) [0x5f0019faeae5]
 --- .venv/bin/python3(+0x1bcda9) [0x5f0019fb8da9]
 --- .venv/bin/python3(+0x1bc912) [0x5f0019fb8912]
 --- .venv/bin/python3(Py_RunMain+0x680) [0x5f001a212030]
 --- .venv/bin/python3(+0x148028) [0x5f0019f44028]
 --- /lib/x86_64-linux-gnu/libc.so.6(+0x29d90) [0x78f25e6a6d90]
 --- /lib/x86_64-linux-gnu/libc.so.6(__libc_start_main+0x80) [0x78f25e6a6e40]
 --- .venv/bin/python3(+0x34616b) [0x5f001a14216b]

2d	lwt2d+ilwt2d_roundtrip	sym9	antisymmetric	Medium	ttnn	309.77	0.30977	nan	0.0	False	TT_FATAL @ /home/user/tt-wavelet/tt-metal/tt_metal/impl/program/program.cpp:2752: state.offset <= max_size
info:
Program size (73088) too large for kernel config buffer (70656) on TENSIX
backtrace:
 --- /home/user/tt-wavelet/build/tt-metal/tt_metal/libtt_metal.so(+0x9b44ab) [0x78f10a8ae4ab]
 --- /home/user/tt-wavelet/build/tt-metal/tt_metal/libtt_metal.so(_ZN2tt8tt_metal6detail11ProgramImpl24finalize_program_offsetsEN4ttsl10StrongTypeIiNS0_12ContextIdTagEEEPNS0_7IDeviceERKSt8functionIFRSt13unordered_mapIjSt10shared_ptrINS0_6KernelEESt4hashIjESt8equal_toIjESaISt4pairIKjSD_EEEjEERKS9_IFRSt6vectorISB_INS0_11KernelGroupEESaISU_EEjEERKS9_IFRKSS_INS0_9SemaphoreESaIS12_EEvEESt4spanIPS2_Lm18446744073709551615EE+0xa7b) [0x78f10a892c1b]
 --- tt::tt_metal::distributed::MeshWorkloadImpl::finalize_offsets(tt::tt_metal::distributed::MeshDevice*)
 --- tt::tt_metal::distributed::MeshWorkloadImpl::compile(tt::tt_metal::distributed::MeshDevice*)
 --- tt::tt_metal::distributed::EnqueueMeshWorkload(tt::tt_metal::distributed::MeshCommandQueue&, tt::tt_metal::distributed::MeshWorkload&, bool)
 --- /home/user/tt-metal/build/lib/_ttnncpp.so(_ZN4ttnn16device_operation6detail21enqueue_mesh_workloadITkNS0_36DeviceOperationWithMeshDeviceAdapterENS0_26MeshDeviceOperationAdapterINS_4prim20Lwt2DDeviceOperationEEEEEvRKNT_22operation_attributes_tERKNS7_13tensor_args_tERNS7_21tensor_return_value_tEPN2tt8tt_metal11distributed10MeshDeviceERNSI_12MeshWorkloadEb+0x284) [0x78f10c7c56c4]
 --- /home/user/tt-metal/build/lib/_ttnncpp.so(+0x14603f3) [0x78f10c7c63f3]
 --- /home/user/tt-metal/build/lib/_ttnncpp.so(_ZN4ttnn16device_operation6detail29launch_operation_with_adapterITkNS0_36DeviceOperationWithMeshDeviceAdapterENS0_26MeshDeviceOperationAdapterINS_4prim20Lwt2DDeviceOperationEEEEEvRKNT_22operation_attributes_tERKNS7_13tensor_args_tERNS7_21tensor_return_value_tEPN2tt8tt_metal11distributed10MeshDeviceE+0x245) [0x78f10c7c2275]
 --- /home/user/tt-metal/build/lib/_ttnncpp.so(_ZN4ttnn16device_operation6detail6launchITkNS0_22DeviceOperationConceptENS_4prim20Lwt2DDeviceOperationEEENT_21tensor_return_value_tERKNS5_22operation_attributes_tERKNS5_13tensor_args_tE+0x3aa) [0x78f10c78e77a]
 --- ttnn::prim::lwt_2d(ttnn::Tensor const&, ttnn::operations::wavelet::SchemeId, ttnn::operations::wavelet::BoundaryMode, tt::tt_metal::MemoryConfig const&, std::optional<std::array<ttnn::Tensor, 4ul> > const&)
 --- ttnn::dwt_2d(ttnn::Tensor const&, std::basic_string_view<char, std::char_traits<char> >, std::basic_string_view<char, std::char_traits<char> >, std::optional<tt::tt_metal::MemoryConfig> const&, std::optional<std::array<ttnn::Tensor, 4ul> > const&)
 --- /home/user/tt-wavelet/tt-metal/ttnn/ttnn/_ttnn.so(+0x6e6f2d) [0x78f10de48f2d]
 --- /home/user/tt-wavelet/tt-metal/ttnn/ttnn/_ttnn.so(+0x3591e5) [0x78f10dabb1e5]
 --- .venv/bin/python3(_PyObject_Call_Prepend+0x115) [0x5f001a16ac65]
 --- .venv/bin/python3(+0x3a2b46) [0x5f001a19eb46]
 --- .venv/bin/python3(_PyEval_EvalFrameDefault+0xa16c) [0x5f001a0cc87c]
 --- .venv/bin/python3(_PyFunction_Vectorcall+0x202) [0x5f001a06d352]
 --- .venv/bin/python3(_PyObject_Call_Prepend+0x115) [0x5f001a16ac65]
 --- .venv/bin/python3(+0x3a2b46) [0x5f001a19eb46]
 --- .venv/bin/python3(+0x2fd2a2) [0x5f001a0f92a2]
 --- .venv/bin/python3(_PyEval_EvalFrameDefault+0x3eef) [0x5f001a0c65ff]
 --- .venv/bin/python3(_PyFunction_Vectorcall+0x202) [0x5f001a06d352]
 --- .venv/bin/python3(+0x2fd0b9) [0x5f001a0f90b9]
 --- .venv/bin/python3(_PyEval_EvalFrameDefault+0x4068) [0x5f001a0c6778]
 --- .venv/bin/python3(_PyFunction_Vectorcall+0x202) [0x5f001a06d352]
 --- .venv/bin/python3(+0x2fd0b9) [0x5f001a0f90b9]
 --- .venv/bin/python3(_PyEval_EvalFrameDefault+0x4068) [0x5f001a0c6778]
 --- .venv/bin/python3(+0x3d4a54) [0x5f001a1d0a54]
 --- .venv/bin/python3(+0x40a643) [0x5f001a206643]
 --- .venv/bin/python3(+0x1b35b2) [0x5f0019faf5b2]
 --- .venv/bin/python3(_PyRun_SimpleFileObject+0x109) [0x5f0019faf0e9]
 --- .venv/bin/python3(_PyRun_AnyFileObject+0xa5) [0x5f0019faeae5]
 --- .venv/bin/python3(+0x1bcda9) [0x5f0019fb8da9]
 --- .venv/bin/python3(+0x1bc912) [0x5f0019fb8912]
 --- .venv/bin/python3(Py_RunMain+0x680) [0x5f001a212030]
 --- .venv/bin/python3(+0x148028) [0x5f0019f44028]
 --- /lib/x86_64-linux-gnu/libc.so.6(+0x29d90) [0x78f25e6a6d90]
 --- /lib/x86_64-linux-gnu/libc.so.6(__libc_start_main+0x80) [0x78f25e6a6e40]
 --- .venv/bin/python3(+0x34616b) [0x5f001a14216b]

2d	lwt2d+ilwt2d_roundtrip	sym9	smooth	Medium	ttnn	309.77	0.30977	nan	0.0	False	TT_FATAL @ /home/user/tt-wavelet/tt-metal/tt_metal/impl/program/program.cpp:2752: state.offset <= max_size
info:
Program size (74752) too large for kernel config buffer (70656) on TENSIX
backtrace:
 --- /home/user/tt-wavelet/build/tt-metal/tt_metal/libtt_metal.so(+0x9b44ab) [0x78f10a8ae4ab]
 --- /home/user/tt-wavelet/build/tt-metal/tt_metal/libtt_metal.so(_ZN2tt8tt_metal6detail11ProgramImpl24finalize_program_offsetsEN4ttsl10StrongTypeIiNS0_12ContextIdTagEEEPNS0_7IDeviceERKSt8functionIFRSt13unordered_mapIjSt10shared_ptrINS0_6KernelEESt4hashIjESt8equal_toIjESaISt4pairIKjSD_EEEjEERKS9_IFRSt6vectorISB_INS0_11KernelGroupEESaISU_EEjEERKS9_IFRKSS_INS0_9SemaphoreESaIS12_EEvEESt4spanIPS2_Lm18446744073709551615EE+0xa7b) [0x78f10a892c1b]
 --- tt::tt_metal::distributed::MeshWorkloadImpl::finalize_offsets(tt::tt_metal::distributed::MeshDevice*)
 --- tt::tt_metal::distributed::MeshWorkloadImpl::compile(tt::tt_metal::distributed::MeshDevice*)
 --- tt::tt_metal::distributed::EnqueueMeshWorkload(tt::tt_metal::distributed::MeshCommandQueue&, tt::tt_metal::distributed::MeshWorkload&, bool)
 --- /home/user/tt-metal/build/lib/_ttnncpp.so(_ZN4ttnn16device_operation6detail21enqueue_mesh_workloadITkNS0_36DeviceOperationWithMeshDeviceAdapterENS0_26MeshDeviceOperationAdapterINS_4prim20Lwt2DDeviceOperationEEEEEvRKNT_22operation_attributes_tERKNS7_13tensor_args_tERNS7_21tensor_return_value_tEPN2tt8tt_metal11distributed10MeshDeviceERNSI_12MeshWorkloadEb+0x284) [0x78f10c7c56c4]
 --- /home/user/tt-metal/build/lib/_ttnncpp.so(+0x14603f3) [0x78f10c7c63f3]
 --- /home/user/tt-metal/build/lib/_ttnncpp.so(_ZN4ttnn16device_operation6detail29launch_operation_with_adapterITkNS0_36DeviceOperationWithMeshDeviceAdapterENS0_26MeshDeviceOperationAdapterINS_4prim20Lwt2DDeviceOperationEEEEEvRKNT_22operation_attributes_tERKNS7_13tensor_args_tERNS7_21tensor_return_value_tEPN2tt8tt_metal11distributed10MeshDeviceE+0x245) [0x78f10c7c2275]
 --- /home/user/tt-metal/build/lib/_ttnncpp.so(_ZN4ttnn16device_operation6detail6launchITkNS0_22DeviceOperationConceptENS_4prim20Lwt2DDeviceOperationEEENT_21tensor_return_value_tERKNS5_22operation_attributes_tERKNS5_13tensor_args_tE+0x3aa) [0x78f10c78e77a]
 --- ttnn::prim::lwt_2d(ttnn::Tensor const&, ttnn::operations::wavelet::SchemeId, ttnn::operations::wavelet::BoundaryMode, tt::tt_metal::MemoryConfig const&, std::optional<std::array<ttnn::Tensor, 4ul> > const&)
 --- ttnn::dwt_2d(ttnn::Tensor const&, std::basic_string_view<char, std::char_traits<char> >, std::basic_string_view<char, std::char_traits<char> >, std::optional<tt::tt_metal::MemoryConfig> const&, std::optional<std::array<ttnn::Tensor, 4ul> > const&)
 --- /home/user/tt-wavelet/tt-metal/ttnn/ttnn/_ttnn.so(+0x6e6f2d) [0x78f10de48f2d]
 --- /home/user/tt-wavelet/tt-metal/ttnn/ttnn/_ttnn.so(+0x3591e5) [0x78f10dabb1e5]
 --- .venv/bin/python3(_PyObject_Call_Prepend+0x115) [0x5f001a16ac65]
 --- .venv/bin/python3(+0x3a2b46) [0x5f001a19eb46]
 --- .venv/bin/python3(_PyEval_EvalFrameDefault+0xa16c) [0x5f001a0cc87c]
 --- .venv/bin/python3(_PyFunction_Vectorcall+0x202) [0x5f001a06d352]
 --- .venv/bin/python3(_PyObject_Call_Prepend+0x115) [0x5f001a16ac65]
 --- .venv/bin/python3(+0x3a2b46) [0x5f001a19eb46]
 --- .venv/bin/python3(+0x2fd2a2) [0x5f001a0f92a2]
 --- .venv/bin/python3(_PyEval_EvalFrameDefault+0x3eef) [0x5f001a0c65ff]
 --- .venv/bin/python3(_PyFunction_Vectorcall+0x202) [0x5f001a06d352]
 --- .venv/bin/python3(+0x2fd0b9) [0x5f001a0f90b9]
 --- .venv/bin/python3(_PyEval_EvalFrameDefault+0x4068) [0x5f001a0c6778]
 --- .venv/bin/python3(_PyFunction_Vectorcall+0x202) [0x5f001a06d352]
 --- .venv/bin/python3(+0x2fd0b9) [0x5f001a0f90b9]
 --- .venv/bin/python3(_PyEval_EvalFrameDefault+0x4068) [0x5f001a0c6778]
 --- .venv/bin/python3(+0x3d4a54) [0x5f001a1d0a54]
 --- .venv/bin/python3(+0x40a643) [0x5f001a206643]
 --- .venv/bin/python3(+0x1b35b2) [0x5f0019faf5b2]
 --- .venv/bin/python3(_PyRun_SimpleFileObject+0x109) [0x5f0019faf0e9]
 --- .venv/bin/python3(_PyRun_AnyFileObject+0xa5) [0x5f0019faeae5]
 --- .venv/bin/python3(+0x1bcda9) [0x5f0019fb8da9]
 --- .venv/bin/python3(+0x1bc912) [0x5f0019fb8912]
 --- .venv/bin/python3(Py_RunMain+0x680) [0x5f001a212030]
 --- .venv/bin/python3(+0x148028) [0x5f0019f44028]
 --- /lib/x86_64-linux-gnu/libc.so.6(+0x29d90) [0x78f25e6a6d90]
 --- /lib/x86_64-linux-gnu/libc.so.6(__libc_start_main+0x80) [0x78f25e6a6e40]
 --- .venv/bin/python3(+0x34616b) [0x5f001a14216b]

2d	lwt2d+ilwt2d_roundtrip	sym9	reflect	Medium	ttnn	309.77	0.30977	nan	0.0	False	TT_FATAL @ /home/user/tt-wavelet/tt-metal/tt_metal/impl/program/program.cpp:2752: state.offset <= max_size
info:
Program size (72752) too large for kernel config buffer (70656) on TENSIX
backtrace:
 --- /home/user/tt-wavelet/build/tt-metal/tt_metal/libtt_metal.so(+0x9b44ab) [0x78f10a8ae4ab]
 --- /home/user/tt-wavelet/build/tt-metal/tt_metal/libtt_metal.so(_ZN2tt8tt_metal6detail11ProgramImpl24finalize_program_offsetsEN4ttsl10StrongTypeIiNS0_12ContextIdTagEEEPNS0_7IDeviceERKSt8functionIFRSt13unordered_mapIjSt10shared_ptrINS0_6KernelEESt4hashIjESt8equal_toIjESaISt4pairIKjSD_EEEjEERKS9_IFRSt6vectorISB_INS0_11KernelGroupEESaISU_EEjEERKS9_IFRKSS_INS0_9SemaphoreESaIS12_EEvEESt4spanIPS2_Lm18446744073709551615EE+0xa7b) [0x78f10a892c1b]
 --- tt::tt_metal::distributed::MeshWorkloadImpl::finalize_offsets(tt::tt_metal::distributed::MeshDevice*)
 --- tt::tt_metal::distributed::MeshWorkloadImpl::compile(tt::tt_metal::distributed::MeshDevice*)
 --- tt::tt_metal::distributed::EnqueueMeshWorkload(tt::tt_metal::distributed::MeshCommandQueue&, tt::tt_metal::distributed::MeshWorkload&, bool)
 --- /home/user/tt-metal/build/lib/_ttnncpp.so(_ZN4ttnn16device_operation6detail21enqueue_mesh_workloadITkNS0_36DeviceOperationWithMeshDeviceAdapterENS0_26MeshDeviceOperationAdapterINS_4prim20Lwt2DDeviceOperationEEEEEvRKNT_22operation_attributes_tERKNS7_13tensor_args_tERNS7_21tensor_return_value_tEPN2tt8tt_metal11distributed10MeshDeviceERNSI_12MeshWorkloadEb+0x284) [0x78f10c7c56c4]
 --- /home/user/tt-metal/build/lib/_ttnncpp.so(+0x14603f3) [0x78f10c7c63f3]
 --- /home/user/tt-metal/build/lib/_ttnncpp.so(_ZN4ttnn16device_operation6detail29launch_operation_with_adapterITkNS0_36DeviceOperationWithMeshDeviceAdapterENS0_26MeshDeviceOperationAdapterINS_4prim20Lwt2DDeviceOperationEEEEEvRKNT_22operation_attributes_tERKNS7_13tensor_args_tERNS7_21tensor_return_value_tEPN2tt8tt_metal11distributed10MeshDeviceE+0x245) [0x78f10c7c2275]
 --- /home/user/tt-metal/build/lib/_ttnncpp.so(_ZN4ttnn16device_operation6detail6launchITkNS0_22DeviceOperationConceptENS_4prim20Lwt2DDeviceOperationEEENT_21tensor_return_value_tERKNS5_22operation_attributes_tERKNS5_13tensor_args_tE+0x3aa) [0x78f10c78e77a]
 --- ttnn::prim::lwt_2d(ttnn::Tensor const&, ttnn::operations::wavelet::SchemeId, ttnn::operations::wavelet::BoundaryMode, tt::tt_metal::MemoryConfig const&, std::optional<std::array<ttnn::Tensor, 4ul> > const&)
 --- ttnn::dwt_2d(ttnn::Tensor const&, std::basic_string_view<char, std::char_traits<char> >, std::basic_string_view<char, std::char_traits<char> >, std::optional<tt::tt_metal::MemoryConfig> const&, std::optional<std::array<ttnn::Tensor, 4ul> > const&)
 --- /home/user/tt-wavelet/tt-metal/ttnn/ttnn/_ttnn.so(+0x6e6f2d) [0x78f10de48f2d]
 --- /home/user/tt-wavelet/tt-metal/ttnn/ttnn/_ttnn.so(+0x3591e5) [0x78f10dabb1e5]
 --- .venv/bin/python3(_PyObject_Call_Prepend+0x115) [0x5f001a16ac65]
 --- .venv/bin/python3(+0x3a2b46) [0x5f001a19eb46]
 --- .venv/bin/python3(_PyEval_EvalFrameDefault+0xa16c) [0x5f001a0cc87c]
 --- .venv/bin/python3(_PyFunction_Vectorcall+0x202) [0x5f001a06d352]
 --- .venv/bin/python3(_PyObject_Call_Prepend+0x115) [0x5f001a16ac65]
 --- .venv/bin/python3(+0x3a2b46) [0x5f001a19eb46]
 --- .venv/bin/python3(+0x2fd2a2) [0x5f001a0f92a2]
 --- .venv/bin/python3(_PyEval_EvalFrameDefault+0x3eef) [0x5f001a0c65ff]
 --- .venv/bin/python3(_PyFunction_Vectorcall+0x202) [0x5f001a06d352]
 --- .venv/bin/python3(+0x2fd0b9) [0x5f001a0f90b9]
 --- .venv/bin/python3(_PyEval_EvalFrameDefault+0x4068) [0x5f001a0c6778]
 --- .venv/bin/python3(_PyFunction_Vectorcall+0x202) [0x5f001a06d352]
 --- .venv/bin/python3(+0x2fd0b9) [0x5f001a0f90b9]
 --- .venv/bin/python3(_PyEval_EvalFrameDefault+0x4068) [0x5f001a0c6778]
 --- .venv/bin/python3(+0x3d4a54) [0x5f001a1d0a54]
 --- .venv/bin/python3(+0x40a643) [0x5f001a206643]
 --- .venv/bin/python3(+0x1b35b2) [0x5f0019faf5b2]
 --- .venv/bin/python3(_PyRun_SimpleFileObject+0x109) [0x5f0019faf0e9]
 --- .venv/bin/python3(_PyRun_AnyFileObject+0xa5) [0x5f0019faeae5]
 --- .venv/bin/python3(+0x1bcda9) [0x5f0019fb8da9]
 --- .venv/bin/python3(+0x1bc912) [0x5f0019fb8912]
 --- .venv/bin/python3(Py_RunMain+0x680) [0x5f001a212030]
 --- .venv/bin/python3(+0x148028) [0x5f0019f44028]
 --- /lib/x86_64-linux-gnu/libc.so.6(+0x29d90) [0x78f25e6a6d90]
 --- /lib/x86_64-linux-gnu/libc.so.6(__libc_start_main+0x80) [0x78f25e6a6e40]
 --- .venv/bin/python3(+0x34616b) [0x5f001a14216b]

2d	lwt2d+ilwt2d_roundtrip	sym9	antireflect	Medium	ttnn	309.77	0.30977	nan	0.0	False	TT_FATAL @ /home/user/tt-wavelet/tt-metal/tt_metal/impl/program/program.cpp:2752: state.offset <= max_size
info:
Program size (75008) too large for kernel config buffer (70656) on TENSIX
backtrace:
 --- /home/user/tt-wavelet/build/tt-metal/tt_metal/libtt_metal.so(+0x9b44ab) [0x78f10a8ae4ab]
 --- /home/user/tt-wavelet/build/tt-metal/tt_metal/libtt_metal.so(_ZN2tt8tt_metal6detail11ProgramImpl24finalize_program_offsetsEN4ttsl10StrongTypeIiNS0_12ContextIdTagEEEPNS0_7IDeviceERKSt8functionIFRSt13unordered_mapIjSt10shared_ptrINS0_6KernelEESt4hashIjESt8equal_toIjESaISt4pairIKjSD_EEEjEERKS9_IFRSt6vectorISB_INS0_11KernelGroupEESaISU_EEjEERKS9_IFRKSS_INS0_9SemaphoreESaIS12_EEvEESt4spanIPS2_Lm18446744073709551615EE+0xa7b) [0x78f10a892c1b]
 --- tt::tt_metal::distributed::MeshWorkloadImpl::finalize_offsets(tt::tt_metal::distributed::MeshDevice*)
 --- tt::tt_metal::distributed::MeshWorkloadImpl::compile(tt::tt_metal::distributed::MeshDevice*)
 --- tt::tt_metal::distributed::EnqueueMeshWorkload(tt::tt_metal::distributed::MeshCommandQueue&, tt::tt_metal::distributed::MeshWorkload&, bool)
 --- /home/user/tt-metal/build/lib/_ttnncpp.so(_ZN4ttnn16device_operation6detail21enqueue_mesh_workloadITkNS0_36DeviceOperationWithMeshDeviceAdapterENS0_26MeshDeviceOperationAdapterINS_4prim20Lwt2DDeviceOperationEEEEEvRKNT_22operation_attributes_tERKNS7_13tensor_args_tERNS7_21tensor_return_value_tEPN2tt8tt_metal11distributed10MeshDeviceERNSI_12MeshWorkloadEb+0x284) [0x78f10c7c56c4]
 --- /home/user/tt-metal/build/lib/_ttnncpp.so(+0x14603f3) [0x78f10c7c63f3]
 --- /home/user/tt-metal/build/lib/_ttnncpp.so(_ZN4ttnn16device_operation6detail29launch_operation_with_adapterITkNS0_36DeviceOperationWithMeshDeviceAdapterENS0_26MeshDeviceOperationAdapterINS_4prim20Lwt2DDeviceOperationEEEEEvRKNT_22operation_attributes_tERKNS7_13tensor_args_tERNS7_21tensor_return_value_tEPN2tt8tt_metal11distributed10MeshDeviceE+0x245) [0x78f10c7c2275]
 --- /home/user/tt-metal/build/lib/_ttnncpp.so(_ZN4ttnn16device_operation6detail6launchITkNS0_22DeviceOperationConceptENS_4prim20Lwt2DDeviceOperationEEENT_21tensor_return_value_tERKNS5_22operation_attributes_tERKNS5_13tensor_args_tE+0x3aa) [0x78f10c78e77a]
 --- ttnn::prim::lwt_2d(ttnn::Tensor const&, ttnn::operations::wavelet::SchemeId, ttnn::operations::wavelet::BoundaryMode, tt::tt_metal::MemoryConfig const&, std::optional<std::array<ttnn::Tensor, 4ul> > const&)
 --- ttnn::dwt_2d(ttnn::Tensor const&, std::basic_string_view<char, std::char_traits<char> >, std::basic_string_view<char, std::char_traits<char> >, std::optional<tt::tt_metal::MemoryConfig> const&, std::optional<std::array<ttnn::Tensor, 4ul> > const&)
 --- /home/user/tt-wavelet/tt-metal/ttnn/ttnn/_ttnn.so(+0x6e6f2d) [0x78f10de48f2d]
 --- /home/user/tt-wavelet/tt-metal/ttnn/ttnn/_ttnn.so(+0x3591e5) [0x78f10dabb1e5]
 --- .venv/bin/python3(_PyObject_Call_Prepend+0x115) [0x5f001a16ac65]
 --- .venv/bin/python3(+0x3a2b46) [0x5f001a19eb46]
 --- .venv/bin/python3(_PyEval_EvalFrameDefault+0xa16c) [0x5f001a0cc87c]
 --- .venv/bin/python3(_PyFunction_Vectorcall+0x202) [0x5f001a06d352]
 --- .venv/bin/python3(_PyObject_Call_Prepend+0x115) [0x5f001a16ac65]
 --- .venv/bin/python3(+0x3a2b46) [0x5f001a19eb46]
 --- .venv/bin/python3(+0x2fd2a2) [0x5f001a0f92a2]
 --- .venv/bin/python3(_PyEval_EvalFrameDefault+0x3eef) [0x5f001a0c65ff]
 --- .venv/bin/python3(_PyFunction_Vectorcall+0x202) [0x5f001a06d352]
 --- .venv/bin/python3(+0x2fd0b9) [0x5f001a0f90b9]
 --- .venv/bin/python3(_PyEval_EvalFrameDefault+0x4068) [0x5f001a0c6778]
 --- .venv/bin/python3(_PyFunction_Vectorcall+0x202) [0x5f001a06d352]
 --- .venv/bin/python3(+0x2fd0b9) [0x5f001a0f90b9]
 --- .venv/bin/python3(_PyEval_EvalFrameDefault+0x4068) [0x5f001a0c6778]
 --- .venv/bin/python3(+0x3d4a54) [0x5f001a1d0a54]
 --- .venv/bin/python3(+0x40a643) [0x5f001a206643]
 --- .venv/bin/python3(+0x1b35b2) [0x5f0019faf5b2]
 --- .venv/bin/python3(_PyRun_SimpleFileObject+0x109) [0x5f0019faf0e9]
 --- .venv/bin/python3(_PyRun_AnyFileObject+0xa5) [0x5f0019faeae5]
 --- .venv/bin/python3(+0x1bcda9) [0x5f0019fb8da9]
 --- .venv/bin/python3(+0x1bc912) [0x5f0019fb8912]
 --- .venv/bin/python3(Py_RunMain+0x680) [0x5f001a212030]
 --- .venv/bin/python3(+0x148028) [0x5f0019f44028]
 --- /lib/x86_64-linux-gnu/libc.so.6(+0x29d90) [0x78f25e6a6d90]
 --- /lib/x86_64-linux-gnu/libc.so.6(__libc_start_main+0x80) [0x78f25e6a6e40]
 --- .venv/bin/python3(+0x34616b) [0x5f001a14216b]

