{
    "tap_size": 4,
    "approximation_l2": 9.946338445764733e-33,
    "delay": {
        "even": 0,
        "odd": 1
    },
    "steps": [
        {
            "type": "predict",
            "shift": 1,
            "coefficients": [
                -2.9999999999999996
            ]
        },
        {
            "type": "update",
            "shift": -1,
            "coefficients": [
                0.37500000000000006,
                -0.12500000000000003
            ]
        },
        {
            "type": "predict",
            "shift": 0,
            "coefficients": [
                3.9999999999999987
            ]
        },
        {
            "type": "scale",
            "shift": 0,
            "coefficients": [
                2.82842712474619
            ]
        }
    ]
}