{
    "tap_size": 10,
    "approximation_l2": 3.409847717660747e-33,
    "delay": {
        "even": 2,
        "odd": 2
    },
    "steps": [
        {
            "type": "predict",
            "shift": 0,
            "coefficients": [
                -1.0
            ]
        },
        {
            "type": "update",
            "shift": -2,
            "coefficients": [
                -0.011718749999999998,
                0.08593749999999999,
                0.49999999999999994,
                -0.08593749999999999,
                0.011718749999999998
            ]
        },
        {
            "type": "predict",
            "shift": 0,
            "coefficients": [
                0.0
            ]
        },
        {
            "type": "scale",
            "shift": 0,
            "coefficients": [
                1.4142135623730951
            ]
        }
    ]
}