{"tap_size": 6, "delay": {"even": 1, "odd": 2}, "steps": [{"type": "predict", "shift": 0, "coefficients": [-1.0]}, {"type": "update", "shift": -1, "coefficients": [0.0625, 0.49999999999999994, -0.0625]}, {"type": "scale-even", "shift": 0, "coefficients": [1.4142135623730951]}, {"type": "scale-odd", "shift": 0, "coefficients": [0.7071067811865475]}], "meta": {"l2": {"qq": 7.614620503467841e-09, "fp64": 8.394362756160316e-09}}}